id,config,configLastChangedAt,endedReason,endedReasonLastChangedAt,initialized,initializedLastChangedAt,lobbyConfig,lobbyConfigLastChangedAt,status,statusLastChangedAt
01KFEJ5C7H3Z5SGPPT0TCGAEB2,"{""kind"":""complete"",""config"":{""treatments"":[{""treatment"":{""name"":""CG_cooperate"",""desc"":""CG_cooperate"",""factors"":{""advice"":""Try to find an outcome that's fair for both of you."",""adviceType"":""CG"",""chatEnabled"":false,""numRounds"":13,""playerCount"":2}},""count"":1},{""treatment"":{""name"":""noCG_cooperate"",""desc"":""noCG_cooperate"",""factors"":{""advice"":""Try to find an outcome that's fair for both of you."",""adviceType"":""noCG"",""chatEnabled"":false,""numRounds"":13,""playerCount"":2}},""count"":1},{""treatment"":{""name"":""CG_selfish"",""desc"":""CG_selfish"",""factors"":{""advice"":""Try to get the best outcome for yourself."",""adviceType"":""CG"",""numRounds"":13,""playerCount"":2}},""count"":1},{""treatment"":{""name"":""noCG_selfish"",""desc"":""noCG_selfish"",""factors"":{""advice"":""Try to get the best outcome for yourself."",""adviceType"":""noCG"",""chatEnabled"":false,""numRounds"":13,""playerCount"":2}},""count"":1}]}}",2026-01-20T20:39:56.913174929Z,all games finished,2026-01-20T20:58:47.574130804Z,true,2026-01-20T20:39:56.959067037Z,"{""name"":""Default shared fail"",""kind"":""shared"",""duration"":300000000000,""strategy"":""fail""}",2026-01-20T20:39:56.913174929Z,ended,2026-01-20T20:58:47.574130804Z
01KFEKP90DN3N51AVE1856PVFP,"{""kind"":""complete"",""config"":{""treatments"":[{""treatment"":{""name"":""CG_cooperate"",""desc"":""CG_cooperate"",""factors"":{""advice"":""Try to find an outcome that's fair for both of you."",""adviceType"":""CG"",""chatEnabled"":false,""numRounds"":13,""playerCount"":2}},""count"":1},{""treatment"":{""name"":""noCG_cooperate"",""desc"":""noCG_cooperate"",""factors"":{""advice"":""Try to find an outcome that's fair for both of you."",""adviceType"":""noCG"",""chatEnabled"":false,""numRounds"":13,""playerCount"":2}},""count"":1},{""treatment"":{""name"":""CG_selfish"",""desc"":""CG_selfish"",""factors"":{""advice"":""Try to get the best outcome for yourself."",""adviceType"":""CG"",""numRounds"":13,""playerCount"":2}},""count"":1},{""treatment"":{""name"":""noCG_selfish"",""desc"":""noCG_selfish"",""factors"":{""advice"":""Try to get the best outcome for yourself."",""adviceType"":""noCG"",""chatEnabled"":false,""numRounds"":13,""playerCount"":2}},""count"":1}]}}",2026-01-20T21:06:39.245957093Z,,,true,2026-01-20T21:06:41.004653016Z,"{""name"":""Default shared fail"",""kind"":""shared"",""duration"":300000000000,""strategy"":""fail""}",2026-01-20T21:06:39.245957093Z,running,2026-01-20T21:06:47.795422019Z
01KFEKHQ6RN01KDJ4QSDZAWPPS,"{""kind"":""complete"",""config"":{""treatments"":[{""treatment"":{""name"":""CG_cooperate"",""desc"":""CG_cooperate"",""factors"":{""advice"":""Try to find an outcome that's fair for both of you."",""adviceType"":""CG"",""chatEnabled"":false,""numRounds"":13,""playerCount"":2}},""count"":1},{""treatment"":{""name"":""noCG_cooperate"",""desc"":""noCG_cooperate"",""factors"":{""advice"":""Try to find an outcome that's fair for both of you."",""adviceType"":""noCG"",""chatEnabled"":false,""numRounds"":13,""playerCount"":2}},""count"":1},{""treatment"":{""name"":""CG_selfish"",""desc"":""CG_selfish"",""factors"":{""advice"":""Try to get the best outcome for yourself."",""adviceType"":""CG"",""numRounds"":13,""playerCount"":2}},""count"":1},{""treatment"":{""name"":""noCG_selfish"",""desc"":""noCG_selfish"",""factors"":{""advice"":""Try to get the best outcome for yourself."",""adviceType"":""noCG"",""chatEnabled"":false,""numRounds"":13,""playerCount"":2}},""count"":1}]}}",2026-01-20T21:04:09.944357938Z,all games finished,2026-01-20T21:42:16.744262931Z,true,2026-01-20T21:04:18.195554077Z,"{""name"":""Default shared fail"",""kind"":""shared"",""duration"":300000000000,""strategy"":""fail""}",2026-01-20T21:04:09.944357938Z,ended,2026-01-20T21:42:16.744262931Z
01KFEHAKWNS08RQENHQ36ND5GA,"{""kind"":""complete"",""config"":{""treatments"":[{""treatment"":{""name"":""CG_cooperate"",""desc"":""CG_cooperate"",""factors"":{""advice"":""Try to find an outcome that's fair for both of you."",""adviceType"":""CG"",""chatEnabled"":false,""numRounds"":13,""playerCount"":2}},""count"":1},{""treatment"":{""name"":""noCG_cooperate"",""desc"":""noCG_cooperate"",""factors"":{""advice"":""Try to find an outcome that's fair for both of you."",""adviceType"":""noCG"",""chatEnabled"":false,""numRounds"":13,""playerCount"":2}},""count"":1},{""treatment"":{""name"":""CG_selfish"",""desc"":""CG_selfish"",""factors"":{""advice"":""Try to get the best outcome for yourself."",""adviceType"":""CG"",""numRounds"":13,""playerCount"":2}},""count"":1},{""treatment"":{""name"":""noCG_selfish"",""desc"":""noCG_selfish"",""factors"":{""advice"":""Try to get the best outcome for yourself."",""adviceType"":""noCG"",""chatEnabled"":false,""numRounds"":13,""playerCount"":2}},""count"":1}]}}",2026-01-20T20:25:20.021126586Z,all games finished,2026-01-20T20:52:54.996656735Z,true,2026-01-20T20:25:20.045451852Z,"{""name"":""Default shared fail"",""kind"":""shared"",""duration"":300000000000,""strategy"":""fail""}",2026-01-20T20:25:20.021126586Z,ended,2026-01-20T20:52:54.996656735Z
01KFEJ5CPJ5RGARFNN6Z0PCT4Q,"{""kind"":""complete"",""config"":{""treatments"":[{""treatment"":{""name"":""CG_cooperate"",""desc"":""CG_cooperate"",""factors"":{""advice"":""Try to find an outcome that's fair for both of you."",""adviceType"":""CG"",""chatEnabled"":false,""numRounds"":13,""playerCount"":2}},""count"":1},{""treatment"":{""name"":""noCG_cooperate"",""desc"":""noCG_cooperate"",""factors"":{""advice"":""Try to find an outcome that's fair for both of you."",""adviceType"":""noCG"",""chatEnabled"":false,""numRounds"":13,""playerCount"":2}},""count"":1},{""treatment"":{""name"":""CG_selfish"",""desc"":""CG_selfish"",""factors"":{""advice"":""Try to get the best outcome for yourself."",""adviceType"":""CG"",""numRounds"":13,""playerCount"":2}},""count"":1},{""treatment"":{""name"":""noCG_selfish"",""desc"":""noCG_selfish"",""factors"":{""advice"":""Try to get the best outcome for yourself."",""adviceType"":""noCG"",""chatEnabled"":false,""numRounds"":13,""playerCount"":2}},""count"":1}]}}",2026-01-20T20:39:57.39445862Z,all games finished,2026-01-20T21:04:36.70568251Z,true,2026-01-20T20:39:57.455915247Z,"{""name"":""Default shared fail"",""kind"":""shared"",""duration"":300000000000,""strategy"":""fail""}",2026-01-20T20:39:57.39445862Z,ended,2026-01-20T21:04:36.70568251Z
01KFEKHP5PHVKCA3W59M54X4HD,"{""kind"":""complete"",""config"":{""treatments"":[{""treatment"":{""name"":""CG_cooperate"",""desc"":""CG_cooperate"",""factors"":{""advice"":""Try to find an outcome that's fair for both of you."",""adviceType"":""CG"",""chatEnabled"":false,""numRounds"":13,""playerCount"":2}},""count"":1},{""treatment"":{""name"":""noCG_cooperate"",""desc"":""noCG_cooperate"",""factors"":{""advice"":""Try to find an outcome that's fair for both of you."",""adviceType"":""noCG"",""chatEnabled"":false,""numRounds"":13,""playerCount"":2}},""count"":1},{""treatment"":{""name"":""CG_selfish"",""desc"":""CG_selfish"",""factors"":{""advice"":""Try to get the best outcome for yourself."",""adviceType"":""CG"",""numRounds"":13,""playerCount"":2}},""count"":1},{""treatment"":{""name"":""noCG_selfish"",""desc"":""noCG_selfish"",""factors"":{""advice"":""Try to get the best outcome for yourself."",""adviceType"":""noCG"",""chatEnabled"":false,""numRounds"":13,""playerCount"":2}},""count"":1}]}}",2026-01-20T21:04:08.886875765Z,all games finished,2026-01-20T21:15:40.913521728Z,true,2026-01-20T21:04:15.037402982Z,"{""name"":""Default shared fail"",""kind"":""shared"",""duration"":300000000000,""strategy"":""fail""}",2026-01-20T21:04:08.886875765Z,ended,2026-01-20T21:15:40.913521728Z
01KFEKHPNF8Z2VV0G8FN5RQ3SV,"{""kind"":""complete"",""config"":{""treatments"":[{""treatment"":{""name"":""CG_cooperate"",""desc"":""CG_cooperate"",""factors"":{""advice"":""Try to find an outcome that's fair for both of you."",""adviceType"":""CG"",""chatEnabled"":false,""numRounds"":13,""playerCount"":2}},""count"":1},{""treatment"":{""name"":""noCG_cooperate"",""desc"":""noCG_cooperate"",""factors"":{""advice"":""Try to find an outcome that's fair for both of you."",""adviceType"":""noCG"",""chatEnabled"":false,""numRounds"":13,""playerCount"":2}},""count"":1},{""treatment"":{""name"":""CG_selfish"",""desc"":""CG_selfish"",""factors"":{""advice"":""Try to get the best outcome for yourself."",""adviceType"":""CG"",""numRounds"":13,""playerCount"":2}},""count"":1},{""treatment"":{""name"":""noCG_selfish"",""desc"":""noCG_selfish"",""factors"":{""advice"":""Try to get the best outcome for yourself."",""adviceType"":""noCG"",""chatEnabled"":false,""numRounds"":13,""playerCount"":2}},""count"":1}]}}",2026-01-20T21:04:09.391713502Z,all games finished,2026-01-20T21:30:50.559117939Z,true,2026-01-20T21:04:17.00499712Z,"{""name"":""Default shared fail"",""kind"":""shared"",""duration"":300000000000,""strategy"":""fail""}",2026-01-20T21:04:09.391713502Z,ended,2026-01-20T21:30:50.559117939Z
01KFEJ5DKDD8ED3R70AXWWV7TA,"{""kind"":""complete"",""config"":{""treatments"":[{""treatment"":{""name"":""CG_cooperate"",""desc"":""CG_cooperate"",""factors"":{""advice"":""Try to find an outcome that's fair for both of you."",""adviceType"":""CG"",""chatEnabled"":false,""numRounds"":13,""playerCount"":2}},""count"":1},{""treatment"":{""name"":""noCG_cooperate"",""desc"":""noCG_cooperate"",""factors"":{""advice"":""Try to find an outcome that's fair for both of you."",""adviceType"":""noCG"",""chatEnabled"":false,""numRounds"":13,""playerCount"":2}},""count"":1},{""treatment"":{""name"":""CG_selfish"",""desc"":""CG_selfish"",""factors"":{""advice"":""Try to get the best outcome for yourself."",""adviceType"":""CG"",""numRounds"":13,""playerCount"":2}},""count"":1},{""treatment"":{""name"":""noCG_selfish"",""desc"":""noCG_selfish"",""factors"":{""advice"":""Try to get the best outcome for yourself."",""adviceType"":""noCG"",""chatEnabled"":false,""numRounds"":13,""playerCount"":2}},""count"":1}]}}",2026-01-20T20:39:58.317565577Z,all games finished,2026-01-20T21:12:33.321734458Z,true,2026-01-20T20:39:58.40419136Z,"{""name"":""Default shared fail"",""kind"":""shared"",""duration"":300000000000,""strategy"":""fail""}",2026-01-20T20:39:58.317565577Z,ended,2026-01-20T21:12:33.321734458Z
01KFEKP98SXWQCN47RMG8J9AT4,"{""kind"":""complete"",""config"":{""treatments"":[{""treatment"":{""name"":""CG_cooperate"",""desc"":""CG_cooperate"",""factors"":{""advice"":""Try to find an outcome that's fair for both of you."",""adviceType"":""CG"",""chatEnabled"":false,""numRounds"":13,""playerCount"":2}},""count"":1},{""treatment"":{""name"":""noCG_cooperate"",""desc"":""noCG_cooperate"",""factors"":{""advice"":""Try to find an outcome that's fair for both of you."",""adviceType"":""noCG"",""chatEnabled"":false,""numRounds"":13,""playerCount"":2}},""count"":1},{""treatment"":{""name"":""CG_selfish"",""desc"":""CG_selfish"",""factors"":{""advice"":""Try to get the best outcome for yourself."",""adviceType"":""CG"",""numRounds"":13,""playerCount"":2}},""count"":1},{""treatment"":{""name"":""noCG_selfish"",""desc"":""noCG_selfish"",""factors"":{""advice"":""Try to get the best outcome for yourself."",""adviceType"":""noCG"",""chatEnabled"":false,""numRounds"":13,""playerCount"":2}},""count"":1}]}}",2026-01-20T21:06:39.513590374Z,,,true,2026-01-20T21:06:41.617584856Z,"{""name"":""Default shared fail"",""kind"":""shared"",""duration"":300000000000,""strategy"":""fail""}",2026-01-20T21:06:39.513590374Z,running,2026-01-20T21:06:45.550848267Z
01KFEKP9D2Z06N5VQ3GT2K4M7H,"{""kind"":""complete"",""config"":{""treatments"":[{""treatment"":{""name"":""CG_cooperate"",""desc"":""CG_cooperate"",""factors"":{""advice"":""Try to find an outcome that's fair for both of you."",""adviceType"":""CG"",""chatEnabled"":false,""numRounds"":13,""playerCount"":2}},""count"":1},{""treatment"":{""name"":""noCG_cooperate"",""desc"":""noCG_cooperate"",""factors"":{""advice"":""Try to find an outcome that's fair for both of you."",""adviceType"":""noCG"",""chatEnabled"":false,""numRounds"":13,""playerCount"":2}},""count"":1},{""treatment"":{""name"":""CG_selfish"",""desc"":""CG_selfish"",""factors"":{""advice"":""Try to get the best outcome for yourself."",""adviceType"":""CG"",""numRounds"":13,""playerCount"":2}},""count"":1},{""treatment"":{""name"":""noCG_selfish"",""desc"":""noCG_selfish"",""factors"":{""advice"":""Try to get the best outcome for yourself."",""adviceType"":""noCG"",""chatEnabled"":false,""numRounds"":13,""playerCount"":2}},""count"":1}]}}",2026-01-20T21:06:39.650809655Z,,,true,2026-01-20T21:06:41.844125813Z,"{""name"":""Default shared fail"",""kind"":""shared"",""duration"":300000000000,""strategy"":""fail""}",2026-01-20T21:06:39.650809655Z,running,2026-01-20T21:06:44.407629585Z
01KFEDCCAW3ZY6KSKNHTKZ971F,"{""kind"":""complete"",""config"":{""treatments"":[{""treatment"":{""name"":""CG_cooperate"",""desc"":""CG_cooperate"",""factors"":{""advice"":""Try to find an outcome that's fair for both of you."",""adviceType"":""CG"",""chatEnabled"":false,""numRounds"":13,""playerCount"":2}},""count"":1},{""treatment"":{""name"":""noCG_cooperate"",""desc"":""noCG_cooperate"",""factors"":{""advice"":""Try to find an outcome that's fair for both of you."",""adviceType"":""noCG"",""chatEnabled"":false,""numRounds"":13,""playerCount"":2}},""count"":1},{""treatment"":{""name"":""CG_selfish"",""desc"":""CG_selfish"",""factors"":{""advice"":""Try to get the best outcome for yourself."",""adviceType"":""CG"",""numRounds"":13,""playerCount"":2}},""count"":1},{""treatment"":{""name"":""noCG_selfish"",""desc"":""noCG_selfish"",""factors"":{""advice"":""Try to get the best outcome for yourself."",""adviceType"":""noCG"",""chatEnabled"":false,""numRounds"":13,""playerCount"":2}},""count"":1}]}}",2026-01-20T19:16:23.516808893Z,all games finished,2026-01-20T19:50:00.434837904Z,true,2026-01-20T19:16:23.532953949Z,"{""name"":""Default shared fail"",""kind"":""shared"",""duration"":300000000000,""strategy"":""fail""}",2026-01-20T19:16:23.516808893Z,ended,2026-01-20T19:50:00.434837904Z
01KFEDCCQHYNX4NRQZ9PZZ2SNP,"{""kind"":""complete"",""config"":{""treatments"":[{""treatment"":{""name"":""CG_cooperate"",""desc"":""CG_cooperate"",""factors"":{""advice"":""Try to find an outcome that's fair for both of you."",""adviceType"":""CG"",""chatEnabled"":false,""numRounds"":13,""playerCount"":2}},""count"":1},{""treatment"":{""name"":""noCG_cooperate"",""desc"":""noCG_cooperate"",""factors"":{""advice"":""Try to find an outcome that's fair for both of you."",""adviceType"":""noCG"",""chatEnabled"":false,""numRounds"":13,""playerCount"":2}},""count"":1},{""treatment"":{""name"":""CG_selfish"",""desc"":""CG_selfish"",""factors"":{""advice"":""Try to get the best outcome for yourself."",""adviceType"":""CG"",""numRounds"":13,""playerCount"":2}},""count"":1},{""treatment"":{""name"":""noCG_selfish"",""desc"":""noCG_selfish"",""factors"":{""advice"":""Try to get the best outcome for yourself."",""adviceType"":""noCG"",""chatEnabled"":false,""numRounds"":13,""playerCount"":2}},""count"":1}]}}",2026-01-20T19:16:23.921617744Z,,,true,2026-01-20T19:16:23.939723411Z,"{""name"":""Default shared fail"",""kind"":""shared"",""duration"":300000000000,""strategy"":""fail""}",2026-01-20T19:16:23.921617744Z,terminated,2026-01-20T19:35:40.235501911Z
01KFEHA1MRJDJA6FNTED28Z8HF,"{""kind"":""complete"",""config"":{""treatments"":[{""treatment"":{""name"":""CG_cooperate"",""desc"":""CG_cooperate"",""factors"":{""advice"":""Try to find an outcome that's fair for both of you."",""adviceType"":""CG"",""chatEnabled"":false,""numRounds"":13,""playerCount"":2}},""count"":1},{""treatment"":{""name"":""noCG_cooperate"",""desc"":""noCG_cooperate"",""factors"":{""advice"":""Try to find an outcome that's fair for both of you."",""adviceType"":""noCG"",""chatEnabled"":false,""numRounds"":13,""playerCount"":2}},""count"":1},{""treatment"":{""name"":""CG_selfish"",""desc"":""CG_selfish"",""factors"":{""advice"":""Try to get the best outcome for yourself."",""adviceType"":""CG"",""numRounds"":13,""playerCount"":2}},""count"":1},{""treatment"":{""name"":""noCG_selfish"",""desc"":""noCG_selfish"",""factors"":{""advice"":""Try to get the best outcome for yourself."",""adviceType"":""noCG"",""chatEnabled"":false,""numRounds"":13,""playerCount"":2}},""count"":1}]}}",2026-01-20T20:25:01.336300474Z,all games finished,2026-01-20T20:36:57.999401006Z,true,2026-01-20T20:25:01.460940337Z,"{""name"":""Default shared fail"",""kind"":""shared"",""duration"":300000000000,""strategy"":""fail""}",2026-01-20T20:25:01.336300474Z,ended,2026-01-20T20:36:57.999401006Z
01KFEHAM72H3ZNN8G0T2BCT79K,"{""kind"":""complete"",""config"":{""treatments"":[{""treatment"":{""name"":""CG_cooperate"",""desc"":""CG_cooperate"",""factors"":{""advice"":""Try to find an outcome that's fair for both of you."",""adviceType"":""CG"",""chatEnabled"":false,""numRounds"":13,""playerCount"":2}},""count"":1},{""treatment"":{""name"":""noCG_cooperate"",""desc"":""noCG_cooperate"",""factors"":{""advice"":""Try to find an outcome that's fair for both of you."",""adviceType"":""noCG"",""chatEnabled"":false,""numRounds"":13,""playerCount"":2}},""count"":1},{""treatment"":{""name"":""CG_selfish"",""desc"":""CG_selfish"",""factors"":{""advice"":""Try to get the best outcome for yourself."",""adviceType"":""CG"",""numRounds"":13,""playerCount"":2}},""count"":1},{""treatment"":{""name"":""noCG_selfish"",""desc"":""noCG_selfish"",""factors"":{""advice"":""Try to get the best outcome for yourself."",""adviceType"":""noCG"",""chatEnabled"":false,""numRounds"":13,""playerCount"":2}},""count"":1}]}}",2026-01-20T20:25:20.354052534Z,all games finished,2026-01-20T20:55:49.199048143Z,true,2026-01-20T20:25:20.478726849Z,"{""name"":""Default shared fail"",""kind"":""shared"",""duration"":300000000000,""strategy"":""fail""}",2026-01-20T20:25:20.354052534Z,ended,2026-01-20T20:55:49.199048143Z
01KFEKP8JTD09P5KZK5HC45AYH,"{""kind"":""complete"",""config"":{""treatments"":[{""treatment"":{""name"":""CG_cooperate"",""desc"":""CG_cooperate"",""factors"":{""advice"":""Try to find an outcome that's fair for both of you."",""adviceType"":""CG"",""chatEnabled"":false,""numRounds"":13,""playerCount"":2}},""count"":1},{""treatment"":{""name"":""noCG_cooperate"",""desc"":""noCG_cooperate"",""factors"":{""advice"":""Try to find an outcome that's fair for both of you."",""adviceType"":""noCG"",""chatEnabled"":false,""numRounds"":13,""playerCount"":2}},""count"":1},{""treatment"":{""name"":""CG_selfish"",""desc"":""CG_selfish"",""factors"":{""advice"":""Try to get the best outcome for yourself."",""adviceType"":""CG"",""numRounds"":13,""playerCount"":2}},""count"":1},{""treatment"":{""name"":""noCG_selfish"",""desc"":""noCG_selfish"",""factors"":{""advice"":""Try to get the best outcome for yourself."",""adviceType"":""noCG"",""chatEnabled"":false,""numRounds"":13,""playerCount"":2}},""count"":1}]}}",2026-01-20T21:06:38.810697249Z,all games finished,2026-01-20T21:47:34.878200788Z,true,2026-01-20T21:06:39.202660456Z,"{""name"":""Default shared fail"",""kind"":""shared"",""duration"":300000000000,""strategy"":""fail""}",2026-01-20T21:06:38.810697249Z,ended,2026-01-20T21:47:34.878200788Z
01KFEKP9631FDC5MHAJ7BGRGH7,"{""kind"":""complete"",""config"":{""treatments"":[{""treatment"":{""name"":""CG_cooperate"",""desc"":""CG_cooperate"",""factors"":{""advice"":""Try to find an outcome that's fair for both of you."",""adviceType"":""CG"",""chatEnabled"":false,""numRounds"":13,""playerCount"":2}},""count"":1},{""treatment"":{""name"":""noCG_cooperate"",""desc"":""noCG_cooperate"",""factors"":{""advice"":""Try to find an outcome that's fair for both of you."",""adviceType"":""noCG"",""chatEnabled"":false,""numRounds"":13,""playerCount"":2}},""count"":1},{""treatment"":{""name"":""CG_selfish"",""desc"":""CG_selfish"",""factors"":{""advice"":""Try to get the best outcome for yourself."",""adviceType"":""CG"",""numRounds"":13,""playerCount"":2}},""count"":1},{""treatment"":{""name"":""noCG_selfish"",""desc"":""noCG_selfish"",""factors"":{""advice"":""Try to get the best outcome for yourself."",""adviceType"":""noCG"",""chatEnabled"":false,""numRounds"":13,""playerCount"":2}},""count"":1}]}}",2026-01-20T21:06:39.427964943Z,,,true,2026-01-20T21:06:41.325333129Z,"{""name"":""Default shared fail"",""kind"":""shared"",""duration"":300000000000,""strategy"":""fail""}",2026-01-20T21:06:39.427964943Z,running,2026-01-20T21:06:46.874765755Z
01KFEDCAVEZK3QD8ZFC2PP83WE,"{""kind"":""complete"",""config"":{""treatments"":[{""treatment"":{""name"":""CG_cooperate"",""desc"":""CG_cooperate"",""factors"":{""advice"":""Try to find an outcome that's fair for both of you."",""adviceType"":""CG"",""chatEnabled"":false,""numRounds"":13,""playerCount"":2}},""count"":1},{""treatment"":{""name"":""noCG_cooperate"",""desc"":""noCG_cooperate"",""factors"":{""advice"":""Try to find an outcome that's fair for both of you."",""adviceType"":""noCG"",""chatEnabled"":false,""numRounds"":13,""playerCount"":2}},""count"":1},{""treatment"":{""name"":""CG_selfish"",""desc"":""CG_selfish"",""factors"":{""advice"":""Try to get the best outcome for yourself."",""adviceType"":""CG"",""numRounds"":13,""playerCount"":2}},""count"":1},{""treatment"":{""name"":""noCG_selfish"",""desc"":""noCG_selfish"",""factors"":{""advice"":""Try to get the best outcome for yourself."",""adviceType"":""noCG"",""chatEnabled"":false,""numRounds"":13,""playerCount"":2}},""count"":1}]}}",2026-01-20T19:16:21.998920609Z,all games finished,2026-01-20T20:02:04.881953987Z,true,2026-01-20T19:16:22.019727367Z,"{""name"":""Default shared fail"",""kind"":""shared"",""duration"":300000000000,""strategy"":""fail""}",2026-01-20T19:16:21.998920609Z,ended,2026-01-20T20:02:04.881953987Z
01KFEHA1EJWPRPNCXBTHCF12K2,"{""kind"":""complete"",""config"":{""treatments"":[{""treatment"":{""name"":""CG_cooperate"",""desc"":""CG_cooperate"",""factors"":{""advice"":""Try to find an outcome that's fair for both of you."",""adviceType"":""CG"",""chatEnabled"":false,""numRounds"":13,""playerCount"":2}},""count"":1},{""treatment"":{""name"":""noCG_cooperate"",""desc"":""noCG_cooperate"",""factors"":{""advice"":""Try to find an outcome that's fair for both of you."",""adviceType"":""noCG"",""chatEnabled"":false,""numRounds"":13,""playerCount"":2}},""count"":1},{""treatment"":{""name"":""CG_selfish"",""desc"":""CG_selfish"",""factors"":{""advice"":""Try to get the best outcome for yourself."",""adviceType"":""CG"",""numRounds"":13,""playerCount"":2}},""count"":1},{""treatment"":{""name"":""noCG_selfish"",""desc"":""noCG_selfish"",""factors"":{""advice"":""Try to get the best outcome for yourself."",""adviceType"":""noCG"",""chatEnabled"":false,""numRounds"":13,""playerCount"":2}},""count"":1}]}}",2026-01-20T20:25:01.138866289Z,all games finished,2026-01-20T20:37:02.572716067Z,true,2026-01-20T20:25:01.200796413Z,"{""name"":""Default shared fail"",""kind"":""shared"",""duration"":300000000000,""strategy"":""fail""}",2026-01-20T20:25:01.138866289Z,ended,2026-01-20T20:37:02.572716067Z
01KFEKHPC1MSE3FJ7DBY2FGY2F,"{""kind"":""complete"",""config"":{""treatments"":[{""treatment"":{""name"":""CG_cooperate"",""desc"":""CG_cooperate"",""factors"":{""advice"":""Try to find an outcome that's fair for both of you."",""adviceType"":""CG"",""chatEnabled"":false,""numRounds"":13,""playerCount"":2}},""count"":1},{""treatment"":{""name"":""noCG_cooperate"",""desc"":""noCG_cooperate"",""factors"":{""advice"":""Try to find an outcome that's fair for both of you."",""adviceType"":""noCG"",""chatEnabled"":false,""numRounds"":13,""playerCount"":2}},""count"":1},{""treatment"":{""name"":""CG_selfish"",""desc"":""CG_selfish"",""factors"":{""advice"":""Try to get the best outcome for yourself."",""adviceType"":""CG"",""numRounds"":13,""playerCount"":2}},""count"":1},{""treatment"":{""name"":""noCG_selfish"",""desc"":""noCG_selfish"",""factors"":{""advice"":""Try to get the best outcome for yourself."",""adviceType"":""noCG"",""chatEnabled"":false,""numRounds"":13,""playerCount"":2}},""count"":1}]}}",2026-01-20T21:04:09.089356813Z,all games finished,2026-01-20T21:24:41.524102199Z,true,2026-01-20T21:04:15.990545381Z,"{""name"":""Default shared fail"",""kind"":""shared"",""duration"":300000000000,""strategy"":""fail""}",2026-01-20T21:04:09.089356813Z,ended,2026-01-20T21:24:41.524102199Z
01KFEKHPGYTA3NV92JW708KDS3,"{""kind"":""complete"",""config"":{""treatments"":[{""treatment"":{""name"":""CG_cooperate"",""desc"":""CG_cooperate"",""factors"":{""advice"":""Try to find an outcome that's fair for both of you."",""adviceType"":""CG"",""chatEnabled"":false,""numRounds"":13,""playerCount"":2}},""count"":1},{""treatment"":{""name"":""noCG_cooperate"",""desc"":""noCG_cooperate"",""factors"":{""advice"":""Try to find an outcome that's fair for both of you."",""adviceType"":""noCG"",""chatEnabled"":false,""numRounds"":13,""playerCount"":2}},""count"":1},{""treatment"":{""name"":""CG_selfish"",""desc"":""CG_selfish"",""factors"":{""advice"":""Try to get the best outcome for yourself."",""adviceType"":""CG"",""numRounds"":13,""playerCount"":2}},""count"":1},{""treatment"":{""name"":""noCG_selfish"",""desc"":""noCG_selfish"",""factors"":{""advice"":""Try to get the best outcome for yourself."",""adviceType"":""noCG"",""chatEnabled"":false,""numRounds"":13,""playerCount"":2}},""count"":1}]}}",2026-01-20T21:04:09.246556142Z,all games finished,2026-01-20T21:29:49.059216121Z,true,2026-01-20T21:04:16.449701814Z,"{""name"":""Default shared fail"",""kind"":""shared"",""duration"":300000000000,""strategy"":""fail""}",2026-01-20T21:04:09.246556142Z,ended,2026-01-20T21:29:49.059216121Z
01KFEKHPXA861Q1DG96X1DM2E6,"{""kind"":""complete"",""config"":{""treatments"":[{""treatment"":{""name"":""CG_cooperate"",""desc"":""CG_cooperate"",""factors"":{""advice"":""Try to find an outcome that's fair for both of you."",""adviceType"":""CG"",""chatEnabled"":false,""numRounds"":13,""playerCount"":2}},""count"":1},{""treatment"":{""name"":""noCG_cooperate"",""desc"":""noCG_cooperate"",""factors"":{""advice"":""Try to find an outcome that's fair for both of you."",""adviceType"":""noCG"",""chatEnabled"":false,""numRounds"":13,""playerCount"":2}},""count"":1},{""treatment"":{""name"":""CG_selfish"",""desc"":""CG_selfish"",""factors"":{""advice"":""Try to get the best outcome for yourself."",""adviceType"":""CG"",""numRounds"":13,""playerCount"":2}},""count"":1},{""treatment"":{""name"":""noCG_selfish"",""desc"":""noCG_selfish"",""factors"":{""advice"":""Try to get the best outcome for yourself."",""adviceType"":""noCG"",""chatEnabled"":false,""numRounds"":13,""playerCount"":2}},""count"":1}]}}",2026-01-20T21:04:09.642898378Z,all games finished,2026-01-20T21:37:45.363562454Z,true,2026-01-20T21:04:17.490236674Z,"{""name"":""Default shared fail"",""kind"":""shared"",""duration"":300000000000,""strategy"":""fail""}",2026-01-20T21:04:09.642898378Z,ended,2026-01-20T21:37:45.363562454Z
01KFEKP8Q074SQPRS20YJEHHNT,"{""kind"":""complete"",""config"":{""treatments"":[{""treatment"":{""name"":""CG_cooperate"",""desc"":""CG_cooperate"",""factors"":{""advice"":""Try to find an outcome that's fair for both of you."",""adviceType"":""CG"",""chatEnabled"":false,""numRounds"":13,""playerCount"":2}},""count"":1},{""treatment"":{""name"":""noCG_cooperate"",""desc"":""noCG_cooperate"",""factors"":{""advice"":""Try to find an outcome that's fair for both of you."",""adviceType"":""noCG"",""chatEnabled"":false,""numRounds"":13,""playerCount"":2}},""count"":1},{""treatment"":{""name"":""CG_selfish"",""desc"":""CG_selfish"",""factors"":{""advice"":""Try to get the best outcome for yourself."",""adviceType"":""CG"",""numRounds"":13,""playerCount"":2}},""count"":1},{""treatment"":{""name"":""noCG_selfish"",""desc"":""noCG_selfish"",""factors"":{""advice"":""Try to get the best outcome for yourself."",""adviceType"":""noCG"",""chatEnabled"":false,""numRounds"":13,""playerCount"":2}},""count"":1}]}}",2026-01-20T21:06:38.944288891Z,,,true,2026-01-20T21:06:39.739991171Z,"{""name"":""Default shared fail"",""kind"":""shared"",""duration"":300000000000,""strategy"":""fail""}",2026-01-20T21:06:38.944288891Z,running,2026-01-20T21:06:51.76237447Z
01KFEMKFJ0DS96JFVBDWGQKE1B,"{""kind"":""complete"",""config"":{""treatments"":[{""treatment"":{""name"":""CG_cooperate"",""desc"":""CG_cooperate"",""factors"":{""advice"":""Try to find an outcome that's fair for both of you."",""adviceType"":""CG"",""chatEnabled"":false,""numRounds"":13,""playerCount"":2}},""count"":1},{""treatment"":{""name"":""noCG_cooperate"",""desc"":""noCG_cooperate"",""factors"":{""advice"":""Try to find an outcome that's fair for both of you."",""adviceType"":""noCG"",""chatEnabled"":false,""numRounds"":13,""playerCount"":2}},""count"":1},{""treatment"":{""name"":""CG_selfish"",""desc"":""CG_selfish"",""factors"":{""advice"":""Try to get the best outcome for yourself."",""adviceType"":""CG"",""numRounds"":13,""playerCount"":2}},""count"":1},{""treatment"":{""name"":""noCG_selfish"",""desc"":""noCG_selfish"",""factors"":{""advice"":""Try to get the best outcome for yourself."",""adviceType"":""noCG"",""chatEnabled"":false,""numRounds"":13,""playerCount"":2}},""count"":1}]}}",2026-01-20T21:22:36.224364758Z,,,true,2026-01-20T21:22:47.581259078Z,"{""name"":""Default shared fail"",""kind"":""shared"",""duration"":300000000000,""strategy"":""fail""}",2026-01-20T21:22:36.224364758Z,running,2026-01-20T21:22:46.510973562Z
01KFEMKFT1H7SYGZMVPDJJCF0A,"{""kind"":""complete"",""config"":{""treatments"":[{""treatment"":{""name"":""CG_cooperate"",""desc"":""CG_cooperate"",""factors"":{""advice"":""Try to find an outcome that's fair for both of you."",""adviceType"":""CG"",""chatEnabled"":false,""numRounds"":13,""playerCount"":2}},""count"":1},{""treatment"":{""name"":""noCG_cooperate"",""desc"":""noCG_cooperate"",""factors"":{""advice"":""Try to find an outcome that's fair for both of you."",""adviceType"":""noCG"",""chatEnabled"":false,""numRounds"":13,""playerCount"":2}},""count"":1},{""treatment"":{""name"":""CG_selfish"",""desc"":""CG_selfish"",""factors"":{""advice"":""Try to get the best outcome for yourself."",""adviceType"":""CG"",""numRounds"":13,""playerCount"":2}},""count"":1},{""treatment"":{""name"":""noCG_selfish"",""desc"":""noCG_selfish"",""factors"":{""advice"":""Try to get the best outcome for yourself."",""adviceType"":""noCG"",""chatEnabled"":false,""numRounds"":13,""playerCount"":2}},""count"":1}]}}",2026-01-20T21:22:36.481798937Z,,,true,2026-01-20T21:22:48.906720969Z,"{""name"":""Default shared fail"",""kind"":""shared"",""duration"":300000000000,""strategy"":""fail""}",2026-01-20T21:22:36.481798937Z,running,2026-01-20T21:22:40.399771679Z
01KFEDCB0G5KS91T4MD9JTDSA4,"{""kind"":""complete"",""config"":{""treatments"":[{""treatment"":{""name"":""CG_cooperate"",""desc"":""CG_cooperate"",""factors"":{""advice"":""Try to find an outcome that's fair for both of you."",""adviceType"":""CG"",""chatEnabled"":false,""numRounds"":13,""playerCount"":2}},""count"":1},{""treatment"":{""name"":""noCG_cooperate"",""desc"":""noCG_cooperate"",""factors"":{""advice"":""Try to find an outcome that's fair for both of you."",""adviceType"":""noCG"",""chatEnabled"":false,""numRounds"":13,""playerCount"":2}},""count"":1},{""treatment"":{""name"":""CG_selfish"",""desc"":""CG_selfish"",""factors"":{""advice"":""Try to get the best outcome for yourself."",""adviceType"":""CG"",""numRounds"":13,""playerCount"":2}},""count"":1},{""treatment"":{""name"":""noCG_selfish"",""desc"":""noCG_selfish"",""factors"":{""advice"":""Try to get the best outcome for yourself."",""adviceType"":""noCG"",""chatEnabled"":false,""numRounds"":13,""playerCount"":2}},""count"":1}]}}",2026-01-20T19:16:22.160775908Z,all games finished,2026-01-20T19:36:11.155267307Z,true,2026-01-20T19:16:22.178027539Z,"{""name"":""Default shared fail"",""kind"":""shared"",""duration"":300000000000,""strategy"":""fail""}",2026-01-20T19:16:22.160775908Z,ended,2026-01-20T19:36:11.155267307Z
01KFEDCB7P38BTZ4ACVDP6P0XN,"{""kind"":""complete"",""config"":{""treatments"":[{""treatment"":{""name"":""CG_cooperate"",""desc"":""CG_cooperate"",""factors"":{""advice"":""Try to find an outcome that's fair for both of you."",""adviceType"":""CG"",""chatEnabled"":false,""numRounds"":13,""playerCount"":2}},""count"":1},{""treatment"":{""name"":""noCG_cooperate"",""desc"":""noCG_cooperate"",""factors"":{""advice"":""Try to find an outcome that's fair for both of you."",""adviceType"":""noCG"",""chatEnabled"":false,""numRounds"":13,""playerCount"":2}},""count"":1},{""treatment"":{""name"":""CG_selfish"",""desc"":""CG_selfish"",""factors"":{""advice"":""Try to get the best outcome for yourself."",""adviceType"":""CG"",""numRounds"":13,""playerCount"":2}},""count"":1},{""treatment"":{""name"":""noCG_selfish"",""desc"":""noCG_selfish"",""factors"":{""advice"":""Try to get the best outcome for yourself."",""adviceType"":""noCG"",""chatEnabled"":false,""numRounds"":13,""playerCount"":2}},""count"":1}]}}",2026-01-20T19:16:22.390684307Z,all games finished,2026-01-20T19:38:10.899005824Z,true,2026-01-20T19:16:22.40473434Z,"{""name"":""Default shared fail"",""kind"":""shared"",""duration"":300000000000,""strategy"":""fail""}",2026-01-20T19:16:22.390684307Z,ended,2026-01-20T19:38:10.899005824Z
01KFEDCC1ZHDDN3CP9JWF4PGTF,"{""kind"":""complete"",""config"":{""treatments"":[{""treatment"":{""name"":""CG_cooperate"",""desc"":""CG_cooperate"",""factors"":{""advice"":""Try to find an outcome that's fair for both of you."",""adviceType"":""CG"",""chatEnabled"":false,""numRounds"":13,""playerCount"":2}},""count"":1},{""treatment"":{""name"":""noCG_cooperate"",""desc"":""noCG_cooperate"",""factors"":{""advice"":""Try to find an outcome that's fair for both of you."",""adviceType"":""noCG"",""chatEnabled"":false,""numRounds"":13,""playerCount"":2}},""count"":1},{""treatment"":{""name"":""CG_selfish"",""desc"":""CG_selfish"",""factors"":{""advice"":""Try to get the best outcome for yourself."",""adviceType"":""CG"",""numRounds"":13,""playerCount"":2}},""count"":1},{""treatment"":{""name"":""noCG_selfish"",""desc"":""noCG_selfish"",""factors"":{""advice"":""Try to get the best outcome for yourself."",""adviceType"":""noCG"",""chatEnabled"":false,""numRounds"":13,""playerCount"":2}},""count"":1}]}}",2026-01-20T19:16:23.231447761Z,all games finished,2026-01-20T19:29:26.276964482Z,true,2026-01-20T19:16:23.248741574Z,"{""name"":""Default shared fail"",""kind"":""shared"",""duration"":300000000000,""strategy"":""fail""}",2026-01-20T19:16:23.231447761Z,ended,2026-01-20T19:29:26.276964482Z
01KFEDCCH0VMFH7P25F40PD43N,"{""kind"":""complete"",""config"":{""treatments"":[{""treatment"":{""name"":""CG_cooperate"",""desc"":""CG_cooperate"",""factors"":{""advice"":""Try to find an outcome that's fair for both of you."",""adviceType"":""CG"",""chatEnabled"":false,""numRounds"":13,""playerCount"":2}},""count"":1},{""treatment"":{""name"":""noCG_cooperate"",""desc"":""noCG_cooperate"",""factors"":{""advice"":""Try to find an outcome that's fair for both of you."",""adviceType"":""noCG"",""chatEnabled"":false,""numRounds"":13,""playerCount"":2}},""count"":1},{""treatment"":{""name"":""CG_selfish"",""desc"":""CG_selfish"",""factors"":{""advice"":""Try to get the best outcome for yourself."",""adviceType"":""CG"",""numRounds"":13,""playerCount"":2}},""count"":1},{""treatment"":{""name"":""noCG_selfish"",""desc"":""noCG_selfish"",""factors"":{""advice"":""Try to get the best outcome for yourself."",""adviceType"":""noCG"",""chatEnabled"":false,""numRounds"":13,""playerCount"":2}},""count"":1}]}}",2026-01-20T19:16:23.712699392Z,all games finished,2026-01-20T19:56:56.342460574Z,true,2026-01-20T19:16:23.733884477Z,"{""name"":""Default shared fail"",""kind"":""shared"",""duration"":300000000000,""strategy"":""fail""}",2026-01-20T19:16:23.712699392Z,ended,2026-01-20T19:56:56.342460574Z
01KFEJ5D47V2DPV4P7KW69CWA7,"{""kind"":""complete"",""config"":{""treatments"":[{""treatment"":{""name"":""CG_cooperate"",""desc"":""CG_cooperate"",""factors"":{""advice"":""Try to find an outcome that's fair for both of you."",""adviceType"":""CG"",""chatEnabled"":false,""numRounds"":13,""playerCount"":2}},""count"":1},{""treatment"":{""name"":""noCG_cooperate"",""desc"":""noCG_cooperate"",""factors"":{""advice"":""Try to find an outcome that's fair for both of you."",""adviceType"":""noCG"",""chatEnabled"":false,""numRounds"":13,""playerCount"":2}},""count"":1},{""treatment"":{""name"":""CG_selfish"",""desc"":""CG_selfish"",""factors"":{""advice"":""Try to get the best outcome for yourself."",""adviceType"":""CG"",""numRounds"":13,""playerCount"":2}},""count"":1},{""treatment"":{""name"":""noCG_selfish"",""desc"":""noCG_selfish"",""factors"":{""advice"":""Try to get the best outcome for yourself."",""adviceType"":""noCG"",""chatEnabled"":false,""numRounds"":13,""playerCount"":2}},""count"":1}]}}",2026-01-20T20:39:57.831506921Z,all games finished,2026-01-20T21:11:11.010529815Z,true,2026-01-20T20:39:57.88353739Z,"{""name"":""Default shared fail"",""kind"":""shared"",""duration"":300000000000,""strategy"":""fail""}",2026-01-20T20:39:57.831506921Z,ended,2026-01-20T21:11:11.010529815Z
01KFEHA1W0DBA89GCQ87GA4EG5,"{""kind"":""complete"",""config"":{""treatments"":[{""treatment"":{""name"":""CG_cooperate"",""desc"":""CG_cooperate"",""factors"":{""advice"":""Try to find an outcome that's fair for both of you."",""adviceType"":""CG"",""chatEnabled"":false,""numRounds"":13,""playerCount"":2}},""count"":1},{""treatment"":{""name"":""noCG_cooperate"",""desc"":""noCG_cooperate"",""factors"":{""advice"":""Try to find an outcome that's fair for both of you."",""adviceType"":""noCG"",""chatEnabled"":false,""numRounds"":13,""playerCount"":2}},""count"":1},{""treatment"":{""name"":""CG_selfish"",""desc"":""CG_selfish"",""factors"":{""advice"":""Try to get the best outcome for yourself."",""adviceType"":""CG"",""numRounds"":13,""playerCount"":2}},""count"":1},{""treatment"":{""name"":""noCG_selfish"",""desc"":""noCG_selfish"",""factors"":{""advice"":""Try to get the best outcome for yourself."",""adviceType"":""noCG"",""chatEnabled"":false,""numRounds"":13,""playerCount"":2}},""count"":1}]}}",2026-01-20T20:25:01.568437436Z,all games finished,2026-01-20T20:39:58.449622876Z,true,2026-01-20T20:25:01.6779395Z,"{""name"":""Default shared fail"",""kind"":""shared"",""duration"":300000000000,""strategy"":""fail""}",2026-01-20T20:25:01.568437436Z,ended,2026-01-20T20:39:58.449622876Z
01KFEHA20TFYVSSENV0N2723W5,"{""kind"":""complete"",""config"":{""treatments"":[{""treatment"":{""name"":""CG_cooperate"",""desc"":""CG_cooperate"",""factors"":{""advice"":""Try to find an outcome that's fair for both of you."",""adviceType"":""CG"",""chatEnabled"":false,""numRounds"":13,""playerCount"":2}},""count"":1},{""treatment"":{""name"":""noCG_cooperate"",""desc"":""noCG_cooperate"",""factors"":{""advice"":""Try to find an outcome that's fair for both of you."",""adviceType"":""noCG"",""chatEnabled"":false,""numRounds"":13,""playerCount"":2}},""count"":1},{""treatment"":{""name"":""CG_selfish"",""desc"":""CG_selfish"",""factors"":{""advice"":""Try to get the best outcome for yourself."",""adviceType"":""CG"",""numRounds"":13,""playerCount"":2}},""count"":1},{""treatment"":{""name"":""noCG_selfish"",""desc"":""noCG_selfish"",""factors"":{""advice"":""Try to get the best outcome for yourself."",""adviceType"":""noCG"",""chatEnabled"":false,""numRounds"":13,""playerCount"":2}},""count"":1}]}}",2026-01-20T20:25:01.722802938Z,all games finished,2026-01-20T20:43:19.694845258Z,true,2026-01-20T20:25:01.874933513Z,"{""name"":""Default shared fail"",""kind"":""shared"",""duration"":300000000000,""strategy"":""fail""}",2026-01-20T20:25:01.722802938Z,ended,2026-01-20T20:43:19.694845258Z
01KFEHAKK9QMW81MWT2FF1CSZA,"{""kind"":""complete"",""config"":{""treatments"":[{""treatment"":{""name"":""CG_cooperate"",""desc"":""CG_cooperate"",""factors"":{""advice"":""Try to find an outcome that's fair for both of you."",""adviceType"":""CG"",""chatEnabled"":false,""numRounds"":13,""playerCount"":2}},""count"":1},{""treatment"":{""name"":""noCG_cooperate"",""desc"":""noCG_cooperate"",""factors"":{""advice"":""Try to find an outcome that's fair for both of you."",""adviceType"":""noCG"",""chatEnabled"":false,""numRounds"":13,""playerCount"":2}},""count"":1},{""treatment"":{""name"":""CG_selfish"",""desc"":""CG_selfish"",""factors"":{""advice"":""Try to get the best outcome for yourself."",""adviceType"":""CG"",""numRounds"":13,""playerCount"":2}},""count"":1},{""treatment"":{""name"":""noCG_selfish"",""desc"":""noCG_selfish"",""factors"":{""advice"":""Try to get the best outcome for yourself."",""adviceType"":""noCG"",""chatEnabled"":false,""numRounds"":13,""playerCount"":2}},""count"":1}]}}",2026-01-20T20:25:19.721574614Z,all games finished,2026-01-20T20:49:07.677457558Z,true,2026-01-20T20:25:19.767556435Z,"{""name"":""Default shared fail"",""kind"":""shared"",""duration"":300000000000,""strategy"":""fail""}",2026-01-20T20:25:19.721574614Z,ended,2026-01-20T20:49:07.677457558Z
01KFEHAM0SBSN9QYCK4NGJTWCC,"{""kind"":""complete"",""config"":{""treatments"":[{""treatment"":{""name"":""CG_cooperate"",""desc"":""CG_cooperate"",""factors"":{""advice"":""Try to find an outcome that's fair for both of you."",""adviceType"":""CG"",""chatEnabled"":false,""numRounds"":13,""playerCount"":2}},""count"":1},{""treatment"":{""name"":""noCG_cooperate"",""desc"":""noCG_cooperate"",""factors"":{""advice"":""Try to find an outcome that's fair for both of you."",""adviceType"":""noCG"",""chatEnabled"":false,""numRounds"":13,""playerCount"":2}},""count"":1},{""treatment"":{""name"":""CG_selfish"",""desc"":""CG_selfish"",""factors"":{""advice"":""Try to get the best outcome for yourself."",""adviceType"":""CG"",""numRounds"":13,""playerCount"":2}},""count"":1},{""treatment"":{""name"":""noCG_selfish"",""desc"":""noCG_selfish"",""factors"":{""advice"":""Try to get the best outcome for yourself."",""adviceType"":""noCG"",""chatEnabled"":false,""numRounds"":13,""playerCount"":2}},""count"":1}]}}",2026-01-20T20:25:20.153298549Z,all games finished,2026-01-20T20:54:03.193762815Z,true,2026-01-20T20:25:20.250633156Z,"{""name"":""Default shared fail"",""kind"":""shared"",""duration"":300000000000,""strategy"":""fail""}",2026-01-20T20:25:20.153298549Z,ended,2026-01-20T20:54:03.193762815Z
01KFEDC9EK94N2WNCHE5RRQHCJ,"{""kind"":""complete"",""config"":{""treatments"":[{""treatment"":{""name"":""CG_cooperate"",""desc"":""CG_cooperate"",""factors"":{""advice"":""Try to find an outcome that's fair for both of you."",""adviceType"":""CG"",""chatEnabled"":false,""numRounds"":13,""playerCount"":2}},""count"":1},{""treatment"":{""name"":""noCG_cooperate"",""desc"":""noCG_cooperate"",""factors"":{""advice"":""Try to find an outcome that's fair for both of you."",""adviceType"":""noCG"",""chatEnabled"":false,""numRounds"":13,""playerCount"":2}},""count"":1},{""treatment"":{""name"":""CG_selfish"",""desc"":""CG_selfish"",""factors"":{""advice"":""Try to get the best outcome for yourself."",""adviceType"":""CG"",""numRounds"":13,""playerCount"":2}},""count"":1},{""treatment"":{""name"":""noCG_selfish"",""desc"":""noCG_selfish"",""factors"":{""advice"":""Try to get the best outcome for yourself."",""adviceType"":""noCG"",""chatEnabled"":false,""numRounds"":13,""playerCount"":2}},""count"":1}]}}",2026-01-20T19:16:20.563081416Z,all games finished,2026-01-20T20:31:13.737944118Z,true,2026-01-20T19:16:20.595475618Z,"{""name"":""Default shared fail"",""kind"":""shared"",""duration"":300000000000,""strategy"":""fail""}",2026-01-20T19:16:20.563081416Z,ended,2026-01-20T20:31:13.737944118Z
01KFEJ5E832Q64ZNG3ZKPXGHJ5,"{""kind"":""complete"",""config"":{""treatments"":[{""treatment"":{""name"":""CG_cooperate"",""desc"":""CG_cooperate"",""factors"":{""advice"":""Try to find an outcome that's fair for both of you."",""adviceType"":""CG"",""chatEnabled"":false,""numRounds"":13,""playerCount"":2}},""count"":1},{""treatment"":{""name"":""noCG_cooperate"",""desc"":""noCG_cooperate"",""factors"":{""advice"":""Try to find an outcome that's fair for both of you."",""adviceType"":""noCG"",""chatEnabled"":false,""numRounds"":13,""playerCount"":2}},""count"":1},{""treatment"":{""name"":""CG_selfish"",""desc"":""CG_selfish"",""factors"":{""advice"":""Try to get the best outcome for yourself."",""adviceType"":""CG"",""numRounds"":13,""playerCount"":2}},""count"":1},{""treatment"":{""name"":""noCG_selfish"",""desc"":""noCG_selfish"",""factors"":{""advice"":""Try to get the best outcome for yourself."",""adviceType"":""noCG"",""chatEnabled"":false,""numRounds"":13,""playerCount"":2}},""count"":1}]}}",2026-01-20T20:39:58.979812305Z,all games finished,2026-01-20T21:09:53.926152274Z,true,2026-01-20T20:39:59.034862068Z,"{""name"":""Default shared fail"",""kind"":""shared"",""duration"":300000000000,""strategy"":""fail""}",2026-01-20T20:39:58.979812305Z,ended,2026-01-20T21:09:53.926152274Z
01KFEKHQDC2K693XFM5ANS8DHE,"{""kind"":""complete"",""config"":{""treatments"":[{""treatment"":{""name"":""CG_cooperate"",""desc"":""CG_cooperate"",""factors"":{""advice"":""Try to find an outcome that's fair for both of you."",""adviceType"":""CG"",""chatEnabled"":false,""numRounds"":13,""playerCount"":2}},""count"":1},{""treatment"":{""name"":""noCG_cooperate"",""desc"":""noCG_cooperate"",""factors"":{""advice"":""Try to find an outcome that's fair for both of you."",""adviceType"":""noCG"",""chatEnabled"":false,""numRounds"":13,""playerCount"":2}},""count"":1},{""treatment"":{""name"":""CG_selfish"",""desc"":""CG_selfish"",""factors"":{""advice"":""Try to get the best outcome for yourself."",""adviceType"":""CG"",""numRounds"":13,""playerCount"":2}},""count"":1},{""treatment"":{""name"":""noCG_selfish"",""desc"":""noCG_selfish"",""factors"":{""advice"":""Try to get the best outcome for yourself."",""adviceType"":""noCG"",""chatEnabled"":false,""numRounds"":13,""playerCount"":2}},""count"":1}]}}",2026-01-20T21:04:10.157000751Z,all games finished,2026-01-20T21:42:15.154069341Z,true,2026-01-20T21:04:18.495641611Z,"{""name"":""Default shared fail"",""kind"":""shared"",""duration"":300000000000,""strategy"":""fail""}",2026-01-20T21:04:10.157000751Z,ended,2026-01-20T21:42:15.154069341Z
01KFEMKF0GR6CF0MEQZS4M5Z1Y,"{""kind"":""complete"",""config"":{""treatments"":[{""treatment"":{""name"":""CG_cooperate"",""desc"":""CG_cooperate"",""factors"":{""advice"":""Try to find an outcome that's fair for both of you."",""adviceType"":""CG"",""chatEnabled"":false,""numRounds"":13,""playerCount"":2}},""count"":1},{""treatment"":{""name"":""noCG_cooperate"",""desc"":""noCG_cooperate"",""factors"":{""advice"":""Try to find an outcome that's fair for both of you."",""adviceType"":""noCG"",""chatEnabled"":false,""numRounds"":13,""playerCount"":2}},""count"":1},{""treatment"":{""name"":""CG_selfish"",""desc"":""CG_selfish"",""factors"":{""advice"":""Try to get the best outcome for yourself."",""adviceType"":""CG"",""numRounds"":13,""playerCount"":2}},""count"":1},{""treatment"":{""name"":""noCG_selfish"",""desc"":""noCG_selfish"",""factors"":{""advice"":""Try to get the best outcome for yourself."",""adviceType"":""noCG"",""chatEnabled"":false,""numRounds"":13,""playerCount"":2}},""count"":1}]}}",2026-01-20T21:22:35.664983583Z,,,true,2026-01-20T21:22:45.472180027Z,"{""name"":""Default shared fail"",""kind"":""shared"",""duration"":300000000000,""strategy"":""fail""}",2026-01-20T21:22:35.664983583Z,created,2026-01-20T21:22:35.664983583Z
