id,actualPlayerCount,actualPlayerCountLastChangedAt,batchID,batchIDLastChangedAt,ended,endedLastChangedAt,endedReason,endedReasonLastChangedAt,groupID,groupIDLastChangedAt,lobbyTimerID,lobbyTimerIDLastChangedAt,roundIndex,roundIndexLastChangedAt,stageID,stageIDLastChangedAt,start,startLastChangedAt,starting,startingLastChangedAt,status,statusLastChangedAt,treatment,treatmentLastChangedAt,treatmentName,treatmentNameLastChangedAt
01KFEKHXM311HQGFD661SJP659,2,2026-01-20T21:22:32.881474934Z,01KFEKHPGYTA3NV92JW708KDS3,2026-01-20T21:04:16.515781745Z,true,2026-01-20T21:29:49.209938926Z,disconnected,2026-01-20T21:29:48.910971563Z,01KFEKJ2ECRVN9TPK6A0A6AKH7,2026-01-20T21:04:21.458160782Z,01KFEMKCB9H4HF05JPW00SJGW6,2026-01-20T21:22:32.948500123Z,12,2026-01-20T21:22:34.158996134Z,null,2026-01-20T21:29:49.209938926Z,true,2026-01-20T21:22:32.881474934Z,true,2026-01-20T21:22:32.881474934Z,ended,2026-01-20T21:29:48.910971563Z,"{""advice"":""Try to get the best outcome for yourself."",""adviceType"":""CG"",""numRounds"":13,""playerCount"":2}",2026-01-20T21:04:16.515781745Z,CG_selfish,2026-01-20T21:04:16.515781745Z
01KFEHAM45R1366856G6A2WGHZ,2,2026-01-20T20:43:12.856949452Z,01KFEHAM0SBSN9QYCK4NGJTWCC,2026-01-20T20:25:20.261163434Z,true,2026-01-20T20:48:47.556737183Z,end of game,2026-01-20T20:48:47.605164301Z,01KFEHAM76370SGZXKGQVKPH2R,2026-01-20T20:25:20.361654817Z,01KFEJB7QFQ5GMC9CP4R35WE5E,2026-01-20T20:43:08.918378256Z,12,2026-01-20T20:43:12.97426065Z,null,2026-01-20T20:48:47.556737183Z,true,2026-01-20T20:43:12.856949452Z,true,2026-01-20T20:43:12.856949452Z,ended,2026-01-20T20:48:47.605164301Z,"{""advice"":""Try to find an outcome that's fair for both of you."",""adviceType"":""noCG"",""chatEnabled"":false,""numRounds"":13,""playerCount"":2}",2026-01-20T20:25:20.261163434Z,noCG_cooperate,2026-01-20T20:25:20.261163434Z
01KFEJ5D5EZSQZ1FHTABW8Z6HQ,2,2026-01-20T21:03:56.970461969Z,01KFEJ5D47V2DPV4P7KW69CWA7,2026-01-20T20:39:57.870560881Z,true,2026-01-20T21:10:33.619854674Z,end of game,2026-01-20T21:10:33.762561197Z,01KFEJ5D8YPC3AZW0V6G6SRMDX,2026-01-20T20:39:57.986493922Z,01KFEK9XCJSJA2V8YSQCV3JDG7,2026-01-20T20:59:54.139909635Z,12,2026-01-20T21:03:57.447606246Z,null,2026-01-20T21:10:33.619854674Z,true,2026-01-20T21:03:56.970461969Z,true,2026-01-20T21:03:56.970461969Z,ended,2026-01-20T21:10:33.762561197Z,"{""advice"":""Try to find an outcome that's fair for both of you."",""adviceType"":""CG"",""chatEnabled"":false,""numRounds"":13,""playerCount"":2}",2026-01-20T20:39:57.870560881Z,CG_cooperate,2026-01-20T20:39:57.870560881Z
01KFEJ5EAZECMGYE1T0RJ8FRC5,2,2026-01-20T21:06:04.637034789Z,01KFEJ5E832Q64ZNG3ZKPXGHJ5,2026-01-20T20:39:59.071676527Z,true,2026-01-20T21:06:29.059006697Z,disconnected,2026-01-20T21:06:28.542775156Z,01KFEJ5EP71RQ6WCZ2XZE7AWRS,2026-01-20T20:39:59.434567203Z,01KFEKMT5YFR7E81MYC05S8ZG4,2026-01-20T21:05:51.308775631Z,12,2026-01-20T21:06:05.416310749Z,null,2026-01-20T21:06:29.059006697Z,true,2026-01-20T21:06:04.637034789Z,true,2026-01-20T21:06:04.637034789Z,ended,2026-01-20T21:06:28.542775156Z,"{""advice"":""Try to find an outcome that's fair for both of you."",""adviceType"":""noCG"",""chatEnabled"":false,""numRounds"":13,""playerCount"":2}",2026-01-20T20:39:59.071676527Z,noCG_cooperate,2026-01-20T20:39:59.071676527Z
01KFEKHW3K0MKRMNBHCXMKRP1H,2,2026-01-20T21:13:57.764803964Z,01KFEKHP5PHVKCA3W59M54X4HD,2026-01-20T21:04:14.963644259Z,true,2026-01-20T21:15:41.014302967Z,disconnected,2026-01-20T21:15:40.819494615Z,01KFEKJ0KF0CE0TNT5F1NA6302,2026-01-20T21:04:19.577323114Z,01KFEM0RZMKMJKP8DK6ZQZ7S3W,2026-01-20T21:12:23.29374361Z,12,2026-01-20T21:13:58.466834211Z,null,2026-01-20T21:15:41.014302967Z,true,2026-01-20T21:13:57.764803964Z,true,2026-01-20T21:13:57.764803964Z,ended,2026-01-20T21:15:40.819494615Z,"{""advice"":""Try to get the best outcome for yourself."",""adviceType"":""CG"",""numRounds"":13,""playerCount"":2}",2026-01-20T21:04:14.963644259Z,CG_selfish,2026-01-20T21:04:14.963644259Z
01KFEKHY7CSHQD9D28VJYVHYAG,2,2026-01-20T21:09:00.116907169Z,01KFEKHPNF8Z2VV0G8FN5RQ3SV,2026-01-20T21:04:17.132995408Z,true,2026-01-20T21:13:01.382671241Z,disconnected,2026-01-20T21:13:01.143896548Z,01KFEKJ38HCA8773BZ4QEGX28S,2026-01-20T21:04:22.298820928Z,01KFEKSAS9T1V04XQS7FC3M6HP,2026-01-20T21:08:19.378440773Z,12,2026-01-20T21:09:00.933477555Z,null,2026-01-20T21:13:01.382671241Z,true,2026-01-20T21:09:00.116907169Z,true,2026-01-20T21:09:00.116907169Z,ended,2026-01-20T21:13:01.143896548Z,"{""advice"":""Try to find an outcome that's fair for both of you."",""adviceType"":""noCG"",""chatEnabled"":false,""numRounds"":13,""playerCount"":2}",2026-01-20T21:04:17.132995408Z,noCG_cooperate,2026-01-20T21:04:17.132995408Z
01KFEKHZKRT77TCYW9QR636P3H,2,2026-01-20T21:31:46.970794698Z,01KFEKHQDC2K693XFM5ANS8DHE,2026-01-20T21:04:18.55290609Z,true,2026-01-20T21:37:26.079916151Z,end of game,2026-01-20T21:37:41.045539282Z,01KFEKJ89C5Q5XZZHG7S2FNW6F,2026-01-20T21:04:27.445829396Z,01KFEN459ESJM9EWKHV7KTM8EB,2026-01-20T21:31:42.779308161Z,12,2026-01-20T21:31:48.655931547Z,null,2026-01-20T21:37:26.079916151Z,true,2026-01-20T21:31:46.970794698Z,true,2026-01-20T21:31:46.970794698Z,ended,2026-01-20T21:37:41.045539282Z,"{""advice"":""Try to find an outcome that's fair for both of you."",""adviceType"":""noCG"",""chatEnabled"":false,""numRounds"":13,""playerCount"":2}",2026-01-20T21:04:18.55290609Z,noCG_cooperate,2026-01-20T21:04:18.55290609Z
01KFEMKRPZYJF164H4WPC91Z5Y,,,01KFEMKF0GR6CF0MEQZS4M5Z1Y,2026-01-20T21:22:45.59951842Z,false,2026-01-20T21:22:45.59951842Z,,,01KFEMM2KHVYR75ZRGZ0D0Y633,2026-01-20T21:22:55.743291202Z,,,,,,,false,2026-01-20T21:22:45.59951842Z,,,,,"{""advice"":""Try to get the best outcome for yourself."",""adviceType"":""CG"",""numRounds"":13,""playerCount"":2}",2026-01-20T21:22:45.59951842Z,CG_selfish,2026-01-20T21:22:45.59951842Z
01KFEHAKXRHSJ1AHAHDK0DQA4P,2,2026-01-20T20:42:25.711403333Z,01KFEHAKWNS08RQENHQ36ND5GA,2026-01-20T20:25:20.056874209Z,true,2026-01-20T20:45:05.292328882Z,disconnected,2026-01-20T20:45:05.022690967Z,01KFEHAM1YAZ12YCGACMJVMV1H,2026-01-20T20:25:20.193377207Z,01KFEJ9B9VNFKKF2HVGRVE7DS8,2026-01-20T20:42:07.041233868Z,12,2026-01-20T20:42:25.841659827Z,null,2026-01-20T20:45:05.292328882Z,true,2026-01-20T20:42:25.711403333Z,true,2026-01-20T20:42:25.711403333Z,ended,2026-01-20T20:45:05.022690967Z,"{""advice"":""Try to find an outcome that's fair for both of you."",""adviceType"":""noCG"",""chatEnabled"":false,""numRounds"":13,""playerCount"":2}",2026-01-20T20:25:20.056874209Z,noCG_cooperate,2026-01-20T20:25:20.056874209Z
01KFEKHZBEEPDRHKRQPWCS3SGH,2,2026-01-20T21:27:10.802587023Z,01KFEKHQ6RN01KDJ4QSDZAWPPS,2026-01-20T21:04:18.286258983Z,true,2026-01-20T21:34:53.669445523Z,end of game,2026-01-20T21:34:53.863934012Z,01KFEKJ7E9231XC86BVFXAB1RB,2026-01-20T21:04:26.580067641Z,01KFEMVCZP4H9Z7NJGQK5E9H8Y,2026-01-20T21:26:55.756578925Z,12,2026-01-20T21:27:11.317969316Z,null,2026-01-20T21:34:53.669445523Z,true,2026-01-20T21:27:10.802587023Z,true,2026-01-20T21:27:10.802587023Z,ended,2026-01-20T21:34:53.863934012Z,"{""advice"":""Try to get the best outcome for yourself."",""adviceType"":""CG"",""numRounds"":13,""playerCount"":2}",2026-01-20T21:04:18.286258983Z,CG_selfish,2026-01-20T21:04:18.286258983Z
01KFEHA1YZ8ZAAQFH3AAV34XZC,2,2026-01-20T20:32:51.306817014Z,01KFEHA1W0DBA89GCQ87GA4EG5,2026-01-20T20:25:01.663501852Z,true,2026-01-20T20:38:08.915914337Z,disconnected,2026-01-20T20:38:08.799259203Z,01KFEHA213T67WCHDY9BCAEGZH,2026-01-20T20:25:01.733768325Z,01KFEHQWJ26RS6T3FF0DX47AW1,2026-01-20T20:32:34.889059606Z,12,2026-01-20T20:32:51.360993379Z,null,2026-01-20T20:38:08.915914337Z,true,2026-01-20T20:32:51.306817014Z,true,2026-01-20T20:32:51.306817014Z,ended,2026-01-20T20:38:08.799259203Z,"{""advice"":""Try to find an outcome that's fair for both of you."",""adviceType"":""CG"",""chatEnabled"":false,""numRounds"":13,""playerCount"":2}",2026-01-20T20:25:01.663501852Z,CG_cooperate,2026-01-20T20:25:01.663501852Z
01KFEHA25NESP3C46R1STZWY67,2,2026-01-20T20:29:13.67144798Z,01KFEHA20TFYVSSENV0N2723W5,2026-01-20T20:25:01.877389111Z,true,2026-01-20T20:31:17.71923203Z,end of game,2026-01-20T20:31:17.765918343Z,01KFEHA278WYB42J3B0SQG0P0Z,2026-01-20T20:25:01.93258728Z,01KFEHHQ89JVPNJRWX59KCCGZ3,2026-01-20T20:29:12.845780619Z,12,2026-01-20T20:29:13.730867289Z,null,2026-01-20T20:31:17.71923203Z,true,2026-01-20T20:29:13.67144798Z,true,2026-01-20T20:29:13.67144798Z,ended,2026-01-20T20:31:17.765918343Z,"{""advice"":""Try to get the best outcome for yourself."",""adviceType"":""noCG"",""chatEnabled"":false,""numRounds"":13,""playerCount"":2}",2026-01-20T20:25:01.877389111Z,noCG_selfish,2026-01-20T20:25:01.877389111Z
01KFEHAKM3JNAB6T75AF59R2WG,2,2026-01-20T20:42:48.882550435Z,01KFEHAKK9QMW81MWT2FF1CSZA,2026-01-20T20:25:19.747960069Z,true,2026-01-20T20:46:01.594055691Z,disconnected,2026-01-20T20:46:01.502303816Z,01KFEHAKNVAG8NRSKTBZGMSZKZ,2026-01-20T20:25:19.80596708Z,01KFEJ6VQP4TYQZKRKERQ6T11R,2026-01-20T20:40:45.568343143Z,12,2026-01-20T20:42:49.119535199Z,null,2026-01-20T20:46:01.594055691Z,true,2026-01-20T20:42:48.882550435Z,true,2026-01-20T20:42:48.882550435Z,ended,2026-01-20T20:46:01.502303816Z,"{""advice"":""Try to find an outcome that's fair for both of you."",""adviceType"":""CG"",""chatEnabled"":false,""numRounds"":13,""playerCount"":2}",2026-01-20T20:25:19.747960069Z,CG_cooperate,2026-01-20T20:25:19.747960069Z
01KFEHAKXJ10EJRCGF487MPEAV,2,2026-01-20T20:47:13.451195278Z,01KFEHAKWNS08RQENHQ36ND5GA,2026-01-20T20:25:20.050365342Z,true,2026-01-20T20:52:55.047493607Z,disconnected,2026-01-20T20:52:54.815146499Z,01KFEHAKZ2N3Z6GH1ZQ2RXA641,2026-01-20T20:25:20.101109228Z,01KFEJJE9SGM910H67RKQNANAH,2026-01-20T20:47:05.022919295Z,12,2026-01-20T20:47:13.570363166Z,null,2026-01-20T20:52:55.047493607Z,true,2026-01-20T20:47:13.451195278Z,true,2026-01-20T20:47:13.451195278Z,ended,2026-01-20T20:52:54.815146499Z,"{""advice"":""Try to get the best outcome for yourself."",""adviceType"":""noCG"",""chatEnabled"":false,""numRounds"":13,""playerCount"":2}",2026-01-20T20:25:20.050365342Z,noCG_selfish,2026-01-20T20:25:20.050365342Z
01KFEHAM4E8199449TR55KHGQP,,,01KFEHAM0SBSN9QYCK4NGJTWCC,2026-01-20T20:25:20.270596434Z,false,2026-01-20T20:25:20.270596434Z,shared lobby timeout,2026-01-20T20:45:28.088651888Z,01KFEHAMA548KW694BPJ56H85B,2026-01-20T20:25:20.455541209Z,01KFEJ6ANG3SR2KE87A2P8JP01,2026-01-20T20:40:28.087194162Z,,,,,false,2026-01-20T20:25:20.270596434Z,,,failed,2026-01-20T20:45:28.088651888Z,"{""advice"":""Try to get the best outcome for yourself."",""adviceType"":""CG"",""numRounds"":13,""playerCount"":2}",2026-01-20T20:25:20.270596434Z,CG_selfish,2026-01-20T20:25:20.270596434Z
01KFEHAMATV7GY0NQF17M2P0MD,2,2026-01-20T20:48:06.900522114Z,01KFEHAM72H3ZNN8G0T2BCT79K,2026-01-20T20:25:20.474275Z,true,2026-01-20T20:54:46.902579567Z,end of game,2026-01-20T20:54:46.958305186Z,01KFEHAMCHJX5QEK8XZHCQAVMF,2026-01-20T20:25:20.531444775Z,01KFEJJ5JD77WV53ERRX9YGKNF,2026-01-20T20:46:56.083175364Z,12,2026-01-20T20:48:07.019225184Z,null,2026-01-20T20:54:46.902579567Z,true,2026-01-20T20:48:06.900522114Z,true,2026-01-20T20:48:06.900522114Z,ended,2026-01-20T20:54:46.958305186Z,"{""advice"":""Try to find an outcome that's fair for both of you."",""adviceType"":""CG"",""chatEnabled"":false,""numRounds"":13,""playerCount"":2}",2026-01-20T20:25:20.474275Z,CG_cooperate,2026-01-20T20:25:20.474275Z
01KFEKHW1PWZQNY6DMSBS8BKV0,2,2026-01-20T21:06:15.850059351Z,01KFEKHP5PHVKCA3W59M54X4HD,2026-01-20T21:04:14.902466815Z,true,2026-01-20T21:09:52.73976162Z,disconnected,2026-01-20T21:09:52.224258464Z,01KFEKJ069A0X1BZ51Q1W0CYN1,2026-01-20T21:04:19.154722773Z,01KFEKNJ6A21DCEX5F7QCZR7R3,2026-01-20T21:06:15.892934703Z,12,2026-01-20T21:06:16.460506292Z,null,2026-01-20T21:09:52.73976162Z,true,2026-01-20T21:06:15.850059351Z,true,2026-01-20T21:06:15.850059351Z,ended,2026-01-20T21:09:52.224258464Z,"{""advice"":""Try to find an outcome that's fair for both of you."",""adviceType"":""CG"",""chatEnabled"":false,""numRounds"":13,""playerCount"":2}",2026-01-20T21:04:14.902466815Z,CG_cooperate,2026-01-20T21:04:14.902466815Z
01KFEDC9FGZ2QQQ39YDAAVXSM4,2,2026-01-20T20:27:46.323561909Z,01KFEDC9EK94N2WNCHE5RRQHCJ,2026-01-20T19:16:20.59295352Z,true,2026-01-20T20:31:13.758945154Z,disconnected,2026-01-20T20:31:13.711146346Z,01KFEDC9GNW84G7VKWEZ1RV3Z3,2026-01-20T19:16:20.632245064Z,01KFEHE2P20WDED7VAN4VRJRZN,2026-01-20T20:27:13.480169151Z,12,2026-01-20T20:27:46.435718159Z,null,2026-01-20T20:31:13.758945154Z,true,2026-01-20T20:27:46.323561909Z,true,2026-01-20T20:27:46.323561909Z,ended,2026-01-20T20:31:13.711146346Z,"{""advice"":""Try to get the best outcome for yourself."",""adviceType"":""noCG"",""chatEnabled"":false,""numRounds"":13,""playerCount"":2}",2026-01-20T19:16:20.59295352Z,noCG_selfish,2026-01-20T19:16:20.59295352Z
01KFEDCB139KMAVWQ3WS54614D,2,2026-01-20T19:27:24.067525658Z,01KFEDCB0G5KS91T4MD9JTDSA4,2026-01-20T19:16:22.179906509Z,true,2026-01-20T19:29:38.653962179Z,disconnected,2026-01-20T19:29:38.624034392Z,01KFEDCB28SE29HH8NDG837PA6,2026-01-20T19:16:22.219550322Z,01KFEDZ5JC2J7F82SY2RC7J4E8,2026-01-20T19:26:39.184220241Z,12,2026-01-20T19:27:24.109912803Z,null,2026-01-20T19:29:38.653962179Z,true,2026-01-20T19:27:24.067525658Z,true,2026-01-20T19:27:24.067525658Z,ended,2026-01-20T19:29:38.624034392Z,"{""advice"":""Try to get the best outcome for yourself."",""adviceType"":""CG"",""numRounds"":13,""playerCount"":2}",2026-01-20T19:16:22.179906509Z,CG_selfish,2026-01-20T19:16:22.179906509Z
01KFEHA1QDYX27N1S60Z95NKD9,2,2026-01-20T20:32:31.125280609Z,01KFEHA1MRJDJA6FNTED28Z8HF,2026-01-20T20:25:01.421694496Z,true,2026-01-20T20:35:49.782299545Z,end of game,2026-01-20T20:35:49.809394638Z,01KFEHA1SSQXYAEPWDAH5KSPAA,2026-01-20T20:25:01.499531279Z,01KFEHQ2AG04EPK4H34YZH6W69,2026-01-20T20:32:08.02239884Z,12,2026-01-20T20:32:31.189109099Z,null,2026-01-20T20:35:49.782299545Z,true,2026-01-20T20:32:31.125280609Z,true,2026-01-20T20:32:31.125280609Z,ended,2026-01-20T20:35:49.809394638Z,"{""advice"":""Try to find an outcome that's fair for both of you."",""adviceType"":""CG"",""chatEnabled"":false,""numRounds"":13,""playerCount"":2}",2026-01-20T20:25:01.421694496Z,CG_cooperate,2026-01-20T20:25:01.421694496Z
01KFEHAKXZ2D55CPVCZM6D4RJ0,2,2026-01-20T20:43:57.060059831Z,01KFEHAKWNS08RQENHQ36ND5GA,2026-01-20T20:25:20.06327346Z,true,2026-01-20T20:47:25.675872284Z,disconnected,2026-01-20T20:47:25.586631008Z,01KFEHAM364Q5E7S9GE2WZR4KD,2026-01-20T20:25:20.23291521Z,01KFEJB88NB8FFARWBGAYQ14H3,2026-01-20T20:43:09.466885191Z,12,2026-01-20T20:43:57.157899246Z,null,2026-01-20T20:47:25.675872284Z,true,2026-01-20T20:43:57.060059831Z,true,2026-01-20T20:43:57.060059831Z,ended,2026-01-20T20:47:25.586631008Z,"{""advice"":""Try to find an outcome that's fair for both of you."",""adviceType"":""CG"",""chatEnabled"":false,""numRounds"":13,""playerCount"":2}",2026-01-20T20:25:20.06327346Z,CG_cooperate,2026-01-20T20:25:20.06327346Z
01KFEJ5C9TA7ZE3V3TA0C9309P,2,2026-01-20T20:50:17.06571229Z,01KFEJ5C7H3Z5SGPPT0TCGAEB2,2026-01-20T20:39:56.986698499Z,true,2026-01-20T20:55:37.822626924Z,disconnected,2026-01-20T20:55:37.709610265Z,01KFEJ5CND90FA02E2P8CMG1ZW,2026-01-20T20:39:57.361136199Z,01KFEJR9FGEP1B647RTKJ658E9,2026-01-20T20:50:16.698689288Z,12,2026-01-20T20:50:17.207629226Z,null,2026-01-20T20:55:37.822626924Z,true,2026-01-20T20:50:17.06571229Z,true,2026-01-20T20:50:17.06571229Z,ended,2026-01-20T20:55:37.709610265Z,"{""advice"":""Try to get the best outcome for yourself."",""adviceType"":""noCG"",""chatEnabled"":false,""numRounds"":13,""playerCount"":2}",2026-01-20T20:39:56.986698499Z,noCG_selfish,2026-01-20T20:39:56.986698499Z
01KFEKHZ9SCZ02EGGWRNFEECG2,2,2026-01-20T21:20:14.651135794Z,01KFEKHQ6RN01KDJ4QSDZAWPPS,2026-01-20T21:04:18.233995999Z,true,2026-01-20T21:26:23.263990937Z,end of game,2026-01-20T21:26:23.450959355Z,01KFEKJ7NFVX8MBH400CBGETGE,2026-01-20T21:04:26.804676816Z,01KFEMF0EA2YV80GJAYY394X0J,2026-01-20T21:20:09.695444373Z,12,2026-01-20T21:20:15.672612909Z,null,2026-01-20T21:26:23.263990937Z,true,2026-01-20T21:20:14.651135794Z,true,2026-01-20T21:20:14.651135794Z,ended,2026-01-20T21:26:23.450959355Z,"{""advice"":""Try to get the best outcome for yourself."",""adviceType"":""noCG"",""chatEnabled"":false,""numRounds"":13,""playerCount"":2}",2026-01-20T21:04:18.233995999Z,noCG_selfish,2026-01-20T21:04:18.233995999Z
01KFEMKTWF5SEQWR8YSJ25659T,,,01KFEMKFJ0DS96JFVBDWGQKE1B,2026-01-20T21:22:47.823414998Z,false,2026-01-20T21:22:47.823414998Z,,,01KFEMM3MY2P23TJ0AYMCT7HXH,2026-01-20T21:22:56.81113004Z,,,,,,,false,2026-01-20T21:22:47.823414998Z,,,,,"{""advice"":""Try to get the best outcome for yourself."",""adviceType"":""CG"",""numRounds"":13,""playerCount"":2}",2026-01-20T21:22:47.823414998Z,CG_selfish,2026-01-20T21:22:47.823414998Z
01KFEDCCHGZS8158VZT1VNQ5XE,,,01KFEDCCH0VMFH7P25F40PD43N,2026-01-20T19:16:23.729019464Z,false,2026-01-20T19:16:23.729019464Z,shared lobby timeout,2026-01-20T19:40:32.327713517Z,01KFEDCCJEF19X65DRBJ1YBTCG,2026-01-20T19:16:23.760363949Z,01KFEEFDKQKHYETBJSVVMKR4JW,2026-01-20T19:35:31.708173293Z,,,,,false,2026-01-20T19:16:23.729019464Z,,,failed,2026-01-20T19:40:32.327713517Z,"{""advice"":""Try to get the best outcome for yourself."",""adviceType"":""noCG"",""chatEnabled"":false,""numRounds"":13,""playerCount"":2}",2026-01-20T19:16:23.729019464Z,noCG_selfish,2026-01-20T19:16:23.729019464Z
01KFEDCCR5FQASZMM0KRVXE0BB,,,01KFEDCCQHYNX4NRQZ9PZZ2SNP,2026-01-20T19:16:23.94126612Z,false,2026-01-20T19:16:23.94126612Z,batch ended,2026-01-20T19:35:40.241401553Z,01KFEDCCT26Y9KJ0ZJWXV1VC8A,2026-01-20T19:16:24.003734808Z,,,,,,,false,2026-01-20T19:16:23.94126612Z,,,terminated,2026-01-20T19:35:40.241401553Z,"{""advice"":""Try to find an outcome that's fair for both of you."",""adviceType"":""noCG"",""chatEnabled"":false,""numRounds"":13,""playerCount"":2}",2026-01-20T19:16:23.94126612Z,noCG_cooperate,2026-01-20T19:16:23.94126612Z
01KFEJ5CRSNMMQKHYMFD35850B,2,2026-01-20T20:50:34.127871041Z,01KFEJ5CPJ5RGARFNN6Z0PCT4Q,2026-01-20T20:39:57.465905656Z,true,2026-01-20T20:57:24.925922701Z,end of game,2026-01-20T20:57:24.976364528Z,01KFEJ5CZTHPNJ8E1T8K5AA5Y8,2026-01-20T20:39:57.693835576Z,01KFEJRMYNSJW9ZR1F9D3P8KQB,2026-01-20T20:50:28.445013951Z,12,2026-01-20T20:50:34.27350123Z,null,2026-01-20T20:57:24.925922701Z,true,2026-01-20T20:50:34.127871041Z,true,2026-01-20T20:50:34.127871041Z,ended,2026-01-20T20:57:24.976364528Z,"{""advice"":""Try to get the best outcome for yourself."",""adviceType"":""noCG"",""chatEnabled"":false,""numRounds"":13,""playerCount"":2}",2026-01-20T20:39:57.465905656Z,noCG_selfish,2026-01-20T20:39:57.465905656Z
01KFEKPAMYTPTHG18NNBGJJK2X,,,01KFEKP90DN3N51AVE1856PVFP,2026-01-20T21:06:40.926199348Z,false,2026-01-20T21:06:40.926199348Z,,,01KFEKPCXGXYD3F0X9VYVKD553,2026-01-20T21:06:43.259666513Z,,,,,,,false,2026-01-20T21:06:40.926199348Z,,,,,"{""advice"":""Try to find an outcome that's fair for both of you."",""adviceType"":""noCG"",""chatEnabled"":false,""numRounds"":13,""playerCount"":2}",2026-01-20T21:06:40.926199348Z,noCG_cooperate,2026-01-20T21:06:40.926199348Z
01KFEHA1QYV2E8SAEFNEHYNVTN,2,2026-01-20T20:33:30.005997384Z,01KFEHA1MRJDJA6FNTED28Z8HF,2026-01-20T20:25:01.438486673Z,true,2026-01-20T20:36:57.953122058Z,end of game,2026-01-20T20:36:57.981210189Z,01KFEHA1WEFY08ZG8XW1X2M7X3,2026-01-20T20:25:01.585625397Z,01KFEHS0QER31548Y9A99Z5VQR,2026-01-20T20:33:11.922653649Z,12,2026-01-20T20:33:30.216612255Z,null,2026-01-20T20:36:57.953122058Z,true,2026-01-20T20:33:30.005997384Z,true,2026-01-20T20:33:30.005997384Z,ended,2026-01-20T20:36:57.981210189Z,"{""advice"":""Try to get the best outcome for yourself."",""adviceType"":""CG"",""numRounds"":13,""playerCount"":2}",2026-01-20T20:25:01.438486673Z,CG_selfish,2026-01-20T20:25:01.438486673Z
01KFEJ5CR34Y85488XX0EC4SX7,2,2026-01-20T20:58:00.190296176Z,01KFEJ5CPJ5RGARFNN6Z0PCT4Q,2026-01-20T20:39:57.443260258Z,true,2026-01-20T21:00:04.809154313Z,disconnected,2026-01-20T21:00:04.675549134Z,01KFEJ5CXPB0YWEEG8Z0X18QQ7,2026-01-20T20:39:57.62647039Z,01KFEK5V42HAMDNYSHX1KBPAWX,2026-01-20T20:57:40.751866551Z,12,2026-01-20T20:58:00.665436427Z,null,2026-01-20T21:00:04.809154313Z,true,2026-01-20T20:58:00.190296176Z,true,2026-01-20T20:58:00.190296176Z,ended,2026-01-20T21:00:04.675549134Z,"{""advice"":""Try to find an outcome that's fair for both of you."",""adviceType"":""CG"",""chatEnabled"":false,""numRounds"":13,""playerCount"":2}",2026-01-20T20:39:57.443260258Z,CG_cooperate,2026-01-20T20:39:57.443260258Z
01KFEKHYN1RVJ1XWXCK4AJ63CY,2,2026-01-20T21:25:32.430955873Z,01KFEKHPXA861Q1DG96X1DM2E6,2026-01-20T21:04:17.569551831Z,true,2026-01-20T21:27:06.516591361Z,disconnected,2026-01-20T21:27:06.067135477Z,01KFEKJ6NMM3XJYS5NH4SGV5N0,2026-01-20T21:04:25.790303859Z,01KFEMQ3ZA96SM8E0P9BHJ990B,2026-01-20T21:24:35.452914477Z,12,2026-01-20T21:25:33.486137994Z,null,2026-01-20T21:27:06.516591361Z,true,2026-01-20T21:25:32.430955873Z,true,2026-01-20T21:25:32.430955873Z,ended,2026-01-20T21:27:06.067135477Z,"{""advice"":""Try to get the best outcome for yourself."",""adviceType"":""CG"",""numRounds"":13,""playerCount"":2}",2026-01-20T21:04:17.569551831Z,CG_selfish,2026-01-20T21:04:17.569551831Z
01KFEKHZ77YZ8G0WM899922VB5,2,2026-01-20T21:34:55.25519308Z,01KFEKHQ6RN01KDJ4QSDZAWPPS,2026-01-20T21:04:18.15202974Z,true,2026-01-20T21:42:16.91752949Z,disconnected,2026-01-20T21:42:16.56315588Z,01KFEKJ77YHENG7TDB69NE7PSA,2026-01-20T21:04:26.375463255Z,01KFEN9SCT8Y14EAWTYHCZZCJR,2026-01-20T21:34:47.220697253Z,12,2026-01-20T21:34:56.714558233Z,null,2026-01-20T21:42:16.91752949Z,true,2026-01-20T21:34:55.25519308Z,true,2026-01-20T21:34:55.25519308Z,ended,2026-01-20T21:42:16.56315588Z,"{""advice"":""Try to find an outcome that's fair for both of you."",""adviceType"":""CG"",""chatEnabled"":false,""numRounds"":13,""playerCount"":2}",2026-01-20T21:04:18.15202974Z,CG_cooperate,2026-01-20T21:04:18.15202974Z
01KFEDCC2JDADMPT5RVP2N7S0X,2,2026-01-20T19:26:36.596386527Z,01KFEDCC1ZHDDN3CP9JWF4PGTF,2026-01-20T19:16:23.25013837Z,true,2026-01-20T19:29:26.25734734Z,end of game,2026-01-20T19:29:26.268875982Z,01KFEDCC4KYG3E2R8C0EQQ564Z,2026-01-20T19:16:23.317432192Z,01KFEDSZ8BF4DHHP051XK0W78T,2026-01-20T19:23:48.88211344Z,12,2026-01-20T19:26:36.634863417Z,null,2026-01-20T19:29:26.25734734Z,true,2026-01-20T19:26:36.596386527Z,true,2026-01-20T19:26:36.596386527Z,ended,2026-01-20T19:29:26.268875982Z,"{""advice"":""Try to get the best outcome for yourself."",""adviceType"":""CG"",""numRounds"":13,""playerCount"":2}",2026-01-20T19:16:23.25013837Z,CG_selfish,2026-01-20T19:16:23.25013837Z
01KFEHA1GK3DQ7TRWFWA7J267H,2,2026-01-20T20:27:55.751093036Z,01KFEHA1EJWPRPNCXBTHCF12K2,2026-01-20T20:25:01.203203408Z,true,2026-01-20T20:30:35.687288352Z,end of game,2026-01-20T20:30:35.707199604Z,01KFEHA1M0N2A086XYW23BJPZW,2026-01-20T20:25:01.315569718Z,01KFEHF8784NB280NY7DSD632Z,2026-01-20T20:27:51.918351474Z,12,2026-01-20T20:27:55.80912755Z,null,2026-01-20T20:30:35.687288352Z,true,2026-01-20T20:27:55.751093036Z,true,2026-01-20T20:27:55.751093036Z,ended,2026-01-20T20:30:35.707199604Z,"{""advice"":""Try to get the best outcome for yourself."",""adviceType"":""noCG"",""chatEnabled"":false,""numRounds"":13,""playerCount"":2}",2026-01-20T20:25:01.203203408Z,noCG_selfish,2026-01-20T20:25:01.203203408Z
01KFEHA1GPSKM8FTTA039GX2FE,2,2026-01-20T20:32:57.688619441Z,01KFEHA1EJWPRPNCXBTHCF12K2,2026-01-20T20:25:01.206101715Z,true,2026-01-20T20:37:02.524741789Z,end of game,2026-01-20T20:37:02.553547387Z,01KFEHA1N5J6AN41BW88NCP265,2026-01-20T20:25:01.352586715Z,01KFEHPKJYM5JN8JCEFYRCG5AY,2026-01-20T20:31:52.931988929Z,12,2026-01-20T20:32:57.750686974Z,null,2026-01-20T20:37:02.524741789Z,true,2026-01-20T20:32:57.688619441Z,true,2026-01-20T20:32:57.688619441Z,ended,2026-01-20T20:37:02.553547387Z,"{""advice"":""Try to get the best outcome for yourself."",""adviceType"":""CG"",""numRounds"":13,""playerCount"":2}",2026-01-20T20:25:01.206101715Z,CG_selfish,2026-01-20T20:25:01.206101715Z
01KFEJ5D6TNJMBKPJMAENEXHMP,2,2026-01-20T21:04:17.317119404Z,01KFEJ5D47V2DPV4P7KW69CWA7,2026-01-20T20:39:57.914058096Z,true,2026-01-20T21:11:10.769300923Z,end of game,2026-01-20T21:11:10.945745028Z,01KFEJ5DG3DZ8WMTBGA7Y4AYX0,2026-01-20T20:39:58.215460669Z,01KFEKFS4H342R6RBM30X1HCBN,2026-01-20T21:03:06.394977569Z,12,2026-01-20T21:04:22.578160213Z,null,2026-01-20T21:11:10.769300923Z,true,2026-01-20T21:04:17.317119404Z,true,2026-01-20T21:04:17.317119404Z,ended,2026-01-20T21:11:10.945745028Z,"{""advice"":""Try to find an outcome that's fair for both of you."",""adviceType"":""noCG"",""chatEnabled"":false,""numRounds"":13,""playerCount"":2}",2026-01-20T20:39:57.914058096Z,noCG_cooperate,2026-01-20T20:39:57.914058096Z
01KFEKP9HT65C7N3DPWEN904QP,,,01KFEKP8Q074SQPRS20YJEHHNT,2026-01-20T21:06:39.80249188Z,false,2026-01-20T21:06:39.80249188Z,,,01KFEKPC7Q586CRFE716PQVA5Q,2026-01-20T21:06:42.561024453Z,,,,,,,false,2026-01-20T21:06:39.80249188Z,,,,,"{""advice"":""Try to find an outcome that's fair for both of you."",""adviceType"":""noCG"",""chatEnabled"":false,""numRounds"":13,""playerCount"":2}",2026-01-20T21:06:39.80249188Z,noCG_cooperate,2026-01-20T21:06:39.80249188Z
01KFEMKTRR7QD3119009WY4FDZ,,,01KFEMKFJ0DS96JFVBDWGQKE1B,2026-01-20T21:22:47.704582532Z,false,2026-01-20T21:22:47.704582532Z,,,01KFEMM3B227ZGM8A34K5DPSEJ,2026-01-20T21:22:56.495407462Z,,,,,,,false,2026-01-20T21:22:47.704582532Z,,,,,"{""advice"":""Try to get the best outcome for yourself."",""adviceType"":""noCG"",""chatEnabled"":false,""numRounds"":13,""playerCount"":2}",2026-01-20T21:22:47.704582532Z,noCG_selfish,2026-01-20T21:22:47.704582532Z
01KFEDCCBAMXNHYHJVMT0BQ1RV,2,2026-01-20T19:43:57.385038899Z,01KFEDCCAW3ZY6KSKNHTKZ971F,2026-01-20T19:16:23.530425066Z,true,2026-01-20T19:50:00.456792421Z,disconnected,2026-01-20T19:50:00.368893096Z,01KFEDCCC5JTQ35RTJFWZPBAZ8,2026-01-20T19:16:23.559969817Z,01KFEERRPSNBPPZJS25A31H1XX,2026-01-20T19:40:37.982211151Z,12,2026-01-20T19:43:57.473079008Z,null,2026-01-20T19:50:00.456792421Z,true,2026-01-20T19:43:57.385038899Z,true,2026-01-20T19:43:57.385038899Z,ended,2026-01-20T19:50:00.368893096Z,"{""advice"":""Try to find an outcome that's fair for both of you."",""adviceType"":""CG"",""chatEnabled"":false,""numRounds"":13,""playerCount"":2}",2026-01-20T19:16:23.530425066Z,CG_cooperate,2026-01-20T19:16:23.530425066Z
01KFEDCCR4073A3NGJT64H8104,,,01KFEDCCQHYNX4NRQZ9PZZ2SNP,2026-01-20T19:16:23.940558807Z,false,2026-01-20T19:16:23.940558807Z,batch ended,2026-01-20T19:35:40.241401553Z,01KFEDCCSEZDMJCDSSRKVPVA43,2026-01-20T19:16:23.985037093Z,,,,,,,false,2026-01-20T19:16:23.940558807Z,,,terminated,2026-01-20T19:35:40.241401553Z,"{""advice"":""Try to get the best outcome for yourself."",""adviceType"":""CG"",""numRounds"":13,""playerCount"":2}",2026-01-20T19:16:23.940558807Z,CG_selfish,2026-01-20T19:16:23.940558807Z
01KFEJ5C8N149KF44PHZZN9T4C,2,2026-01-20T20:55:38.34239851Z,01KFEJ5C7H3Z5SGPPT0TCGAEB2,2026-01-20T20:39:56.949392309Z,true,2026-01-20T20:58:47.376796648Z,disconnected,2026-01-20T20:58:47.024025165Z,01KFEJ5CBY494Z32MSYHCZ8AFX,2026-01-20T20:39:57.059160553Z,01KFEJXSVJ6PGCVGKXZ91VYGNG,2026-01-20T20:53:17.308965509Z,12,2026-01-20T20:55:38.558412879Z,null,2026-01-20T20:58:47.376796648Z,true,2026-01-20T20:55:38.34239851Z,true,2026-01-20T20:55:38.34239851Z,ended,2026-01-20T20:58:47.024025165Z,"{""advice"":""Try to find an outcome that's fair for both of you."",""adviceType"":""CG"",""chatEnabled"":false,""numRounds"":13,""playerCount"":2}",2026-01-20T20:39:56.949392309Z,CG_cooperate,2026-01-20T20:39:56.949392309Z
01KFEKPAP1XPK4QSW1KJNK1EA8,,,01KFEKP90DN3N51AVE1856PVFP,2026-01-20T21:06:40.961446773Z,false,2026-01-20T21:06:40.961446773Z,shared lobby timeout,2026-01-20T21:46:09.136999675Z,01KFEKPD4Z67VZ4DD3NDYM9KWX,2026-01-20T21:06:43.497266505Z,01KFENNEBWKEJW0GBKBXPYQMJY,2026-01-20T21:41:09.14188725Z,,,,,false,2026-01-20T21:06:40.961446773Z,,,failed,2026-01-20T21:46:09.136999675Z,"{""advice"":""Try to find an outcome that's fair for both of you."",""adviceType"":""CG"",""chatEnabled"":false,""numRounds"":13,""playerCount"":2}",2026-01-20T21:06:40.961446773Z,CG_cooperate,2026-01-20T21:06:40.961446773Z
01KFEKPB2MD43HRXJ5S36AZP95,2,2026-01-20T21:23:23.015426958Z,01KFEKP9631FDC5MHAJ7BGRGH7,2026-01-20T21:06:41.364955768Z,true,2026-01-20T21:30:28.418248179Z,end of game,2026-01-20T21:30:29.191289785Z,01KFEKPEGTGRQ6GQTZGNXHP14T,2026-01-20T21:06:44.899550173Z,01KFEMKD0AW2JS2X37DVZDPGZE,2026-01-20T21:22:33.620853061Z,12,2026-01-20T21:23:23.667394339Z,null,2026-01-20T21:30:28.418248179Z,true,2026-01-20T21:23:23.015426958Z,true,2026-01-20T21:23:23.015426958Z,ended,2026-01-20T21:30:29.191289785Z,"{""advice"":""Try to get the best outcome for yourself."",""adviceType"":""noCG"",""chatEnabled"":false,""numRounds"":13,""playerCount"":2}",2026-01-20T21:06:41.364955768Z,noCG_selfish,2026-01-20T21:06:41.364955768Z
01KFEKHWZEPZZY95F2XW7M1MFP,2,2026-01-20T21:07:06.775209878Z,01KFEKHPC1MSE3FJ7DBY2FGY2F,2026-01-20T21:04:15.85484562Z,true,2026-01-20T21:14:36.47576896Z,end of game,2026-01-20T21:14:36.571023008Z,01KFEKJ10FNWG8ADJDC0RMJF01,2026-01-20T21:04:19.994244927Z,01KFEKPAVJX6ED0K2BDM8FE5MR,2026-01-20T21:06:41.151047694Z,12,2026-01-20T21:07:07.8247441Z,null,2026-01-20T21:14:36.47576896Z,true,2026-01-20T21:07:06.775209878Z,true,2026-01-20T21:07:06.775209878Z,ended,2026-01-20T21:14:36.571023008Z,"{""advice"":""Try to find an outcome that's fair for both of you."",""adviceType"":""CG"",""chatEnabled"":false,""numRounds"":13,""playerCount"":2}",2026-01-20T21:04:15.85484562Z,CG_cooperate,2026-01-20T21:04:15.85484562Z
01KFEMKRGY741ZTHCSS1F06WG3,,,01KFEMKF0GR6CF0MEQZS4M5Z1Y,2026-01-20T21:22:45.406630917Z,false,2026-01-20T21:22:45.406630917Z,,,01KFEMM1YH25EKVGDJ0A8K4WMJ,2026-01-20T21:22:55.07073998Z,,,,,,,false,2026-01-20T21:22:45.406630917Z,,,,,"{""advice"":""Try to find an outcome that's fair for both of you."",""adviceType"":""noCG"",""chatEnabled"":false,""numRounds"":13,""playerCount"":2}",2026-01-20T21:22:45.406630917Z,noCG_cooperate,2026-01-20T21:22:45.406630917Z
01KFEDCB197E7YMN5STVXKHS22,2,2026-01-20T19:28:27.478745639Z,01KFEDCB0G5KS91T4MD9JTDSA4,2026-01-20T19:16:22.185519462Z,true,2026-01-20T19:31:05.735497478Z,end of game,2026-01-20T19:31:05.747508588Z,01KFEDCB3J3043YFNNH27AV8SS,2026-01-20T19:16:22.26062123Z,01KFEE009QGWVHCKAY2MHJASGW,2026-01-20T19:27:06.556611787Z,12,2026-01-20T19:28:27.515571729Z,null,2026-01-20T19:31:05.735497478Z,true,2026-01-20T19:28:27.478745639Z,true,2026-01-20T19:28:27.478745639Z,ended,2026-01-20T19:31:05.747508588Z,"{""advice"":""Try to find an outcome that's fair for both of you."",""adviceType"":""noCG"",""chatEnabled"":false,""numRounds"":13,""playerCount"":2}",2026-01-20T19:16:22.185519462Z,noCG_cooperate,2026-01-20T19:16:22.185519462Z
01KFEDCB82NKQJQB7S8M7PN58J,2,2026-01-20T19:30:58.414159622Z,01KFEDCB7P38BTZ4ACVDP6P0XN,2026-01-20T19:16:22.402407209Z,true,2026-01-20T19:33:13.652766601Z,disconnected,2026-01-20T19:33:13.619550284Z,01KFEDCB8WJ78WYJX7S5THSXE9,2026-01-20T19:16:22.431129769Z,01KFEE60BAGGCMNW7EMN0ME16K,2026-01-20T19:30:23.216332545Z,12,2026-01-20T19:30:58.455291071Z,null,2026-01-20T19:33:13.652766601Z,true,2026-01-20T19:30:58.414159622Z,true,2026-01-20T19:30:58.414159622Z,ended,2026-01-20T19:33:13.619550284Z,"{""advice"":""Try to find an outcome that's fair for both of you."",""adviceType"":""CG"",""chatEnabled"":false,""numRounds"":13,""playerCount"":2}",2026-01-20T19:16:22.402407209Z,CG_cooperate,2026-01-20T19:16:22.402407209Z
01KFEHA1GRK7A014NXTNRF457G,2,2026-01-20T20:32:01.055593481Z,01KFEHA1EJWPRPNCXBTHCF12K2,2026-01-20T20:25:01.208700613Z,true,2026-01-20T20:36:57.476374959Z,end of game,2026-01-20T20:36:57.505267326Z,01KFEHA1PFYYF70QWPRPFYHVQR,2026-01-20T20:25:01.39449721Z,01KFEHMXZ845M65XAW2EQSD5AE,2026-01-20T20:30:58.033918222Z,12,2026-01-20T20:32:01.187301452Z,null,2026-01-20T20:36:57.476374959Z,true,2026-01-20T20:32:01.055593481Z,true,2026-01-20T20:32:01.055593481Z,ended,2026-01-20T20:36:57.505267326Z,"{""advice"":""Try to find an outcome that's fair for both of you."",""adviceType"":""noCG"",""chatEnabled"":false,""numRounds"":13,""playerCount"":2}",2026-01-20T20:25:01.208700613Z,noCG_cooperate,2026-01-20T20:25:01.208700613Z
01KFEKHW2KQMM6E7GG18D0G9TT,2,2026-01-20T21:06:54.139082014Z,01KFEKHP5PHVKCA3W59M54X4HD,2026-01-20T21:04:14.931130981Z,true,2026-01-20T21:13:51.483562077Z,end of game,2026-01-20T21:13:51.609703542Z,01KFEKJ0CNM53075QZ368K6941,2026-01-20T21:04:19.358745099Z,01KFEKP6SGEKCTZJ26S38ME05B,2026-01-20T21:06:36.991837087Z,12,2026-01-20T21:06:55.166998111Z,null,2026-01-20T21:13:51.483562077Z,true,2026-01-20T21:06:54.139082014Z,true,2026-01-20T21:06:54.139082014Z,ended,2026-01-20T21:13:51.609703542Z,"{""advice"":""Try to find an outcome that's fair for both of you."",""adviceType"":""noCG"",""chatEnabled"":false,""numRounds"":13,""playerCount"":2}",2026-01-20T21:04:14.931130981Z,noCG_cooperate,2026-01-20T21:04:14.931130981Z
01KFEKHYGJVR6CTJ1VBD0SJDYW,2,2026-01-20T21:30:06.309541339Z,01KFEKHPXA861Q1DG96X1DM2E6,2026-01-20T21:04:17.426431155Z,true,2026-01-20T21:35:46.688377328Z,disconnected,2026-01-20T21:35:45.165413845Z,01KFEKJ621HCF2V1JA8C917E50,2026-01-20T21:04:25.165100695Z,01KFEN0PX1PA5F7351R7VEP8X5,2026-01-20T21:29:49.750588779Z,12,2026-01-20T21:30:07.775604237Z,null,2026-01-20T21:35:46.688377328Z,true,2026-01-20T21:30:06.309541339Z,true,2026-01-20T21:30:06.309541339Z,ended,2026-01-20T21:35:45.165413845Z,"{""advice"":""Try to find an outcome that's fair for both of you."",""adviceType"":""noCG"",""chatEnabled"":false,""numRounds"":13,""playerCount"":2}",2026-01-20T21:04:17.426431155Z,noCG_cooperate,2026-01-20T21:04:17.426431155Z
01KFEMKV00ZT4352FDZQAY6SVA,,,01KFEMKFJ0DS96JFVBDWGQKE1B,2026-01-20T21:22:47.936975306Z,false,2026-01-20T21:22:47.936975306Z,,,01KFEMM4057CPRQJ4JMQTCRA6Y,2026-01-20T21:22:57.170097234Z,,,,,,,false,2026-01-20T21:22:47.936975306Z,,,,,"{""advice"":""Try to find an outcome that's fair for both of you."",""adviceType"":""noCG"",""chatEnabled"":false,""numRounds"":13,""playerCount"":2}",2026-01-20T21:22:47.936975306Z,noCG_cooperate,2026-01-20T21:22:47.936975306Z
01KFEDC9FJ71R182N0TBJ82RHE,,,01KFEDC9EK94N2WNCHE5RRQHCJ,2026-01-20T19:16:20.594216759Z,false,2026-01-20T19:16:20.594216759Z,shared lobby timeout,2026-01-20T20:04:09.508730774Z,01KFEDC9J47MDHP7Q3N62WRWGG,2026-01-20T19:16:20.678581989Z,01KFEFTP5V9BJZJP7M8VXWJPZF,2026-01-20T19:59:09.505636712Z,,,,,false,2026-01-20T19:16:20.594216759Z,,,failed,2026-01-20T20:04:09.508730774Z,"{""advice"":""Try to find an outcome that's fair for both of you."",""adviceType"":""noCG"",""chatEnabled"":false,""numRounds"":13,""playerCount"":2}",2026-01-20T19:16:20.594216759Z,noCG_cooperate,2026-01-20T19:16:20.594216759Z
01KFEJ5CQQ00MKPGMA298B0BDM,2,2026-01-20T20:59:44.823692667Z,01KFEJ5CPJ5RGARFNN6Z0PCT4Q,2026-01-20T20:39:57.431841665Z,true,2026-01-20T21:04:35.918573348Z,end of game,2026-01-20T21:04:36.455338706Z,01KFEJ5CV89GGGQ2RM7N202DFE,2026-01-20T20:39:57.549417134Z,01KFEK9K1NH2GWDJ52FWQFNHFG,2026-01-20T20:59:43.549857782Z,12,2026-01-20T20:59:45.105896525Z,null,2026-01-20T21:04:35.918573348Z,true,2026-01-20T20:59:44.823692667Z,true,2026-01-20T20:59:44.823692667Z,ended,2026-01-20T21:04:36.455338706Z,"{""advice"":""Try to find an outcome that's fair for both of you."",""adviceType"":""noCG"",""chatEnabled"":false,""numRounds"":13,""playerCount"":2}",2026-01-20T20:39:57.431841665Z,noCG_cooperate,2026-01-20T20:39:57.431841665Z
01KFEKHYHJB14HYQ6WNW69M0EN,2,2026-01-20T21:33:15.455910756Z,01KFEKHPXA861Q1DG96X1DM2E6,2026-01-20T21:04:17.458393933Z,true,2026-01-20T21:37:43.119534181Z,end of game,2026-01-20T21:37:44.477518027Z,01KFEKJ68PDWTZYXKQ8R6CW8XS,2026-01-20T21:04:25.375723527Z,01KFEN63RTEWF664EW6W8ZBH3S,2026-01-20T21:32:46.771156112Z,12,2026-01-20T21:33:17.419612121Z,null,2026-01-20T21:37:43.119534181Z,true,2026-01-20T21:33:15.455910756Z,true,2026-01-20T21:33:15.455910756Z,ended,2026-01-20T21:37:44.477518027Z,"{""advice"":""Try to find an outcome that's fair for both of you."",""adviceType"":""CG"",""chatEnabled"":false,""numRounds"":13,""playerCount"":2}",2026-01-20T21:04:17.458393933Z,CG_cooperate,2026-01-20T21:04:17.458393933Z
01KFEKP8SWACZ78Z101DJZ9YZX,2,2026-01-20T21:37:19.197175581Z,01KFEKP8JTD09P5KZK5HC45AYH,2026-01-20T21:06:39.036762278Z,true,2026-01-20T21:42:49.57677072Z,end of game,2026-01-20T21:42:49.739268511Z,01KFEKP9XAR79BA9A3M3BG8ZTK,2026-01-20T21:06:40.179374137Z,01KFENDA0BX98AX09QVPJVC7V0,2026-01-20T21:36:42.532516005Z,12,2026-01-20T21:37:20.533450509Z,null,2026-01-20T21:42:49.57677072Z,true,2026-01-20T21:37:19.197175581Z,true,2026-01-20T21:37:19.197175581Z,ended,2026-01-20T21:42:49.739268511Z,"{""advice"":""Try to find an outcome that's fair for both of you."",""adviceType"":""CG"",""chatEnabled"":false,""numRounds"":13,""playerCount"":2}",2026-01-20T21:06:39.036762278Z,CG_cooperate,2026-01-20T21:06:39.036762278Z
01KFEKP9MJF4RSBV7M71HXBBPQ,,,01KFEKP8Q074SQPRS20YJEHHNT,2026-01-20T21:06:39.890146294Z,false,2026-01-20T21:06:39.890146294Z,,,01KFEKPCP2KXGVP6X4PJSFK1WX,2026-01-20T21:06:43.020694942Z,,,,,,,false,2026-01-20T21:06:39.890146294Z,,,,,"{""advice"":""Try to get the best outcome for yourself."",""adviceType"":""CG"",""numRounds"":13,""playerCount"":2}",2026-01-20T21:06:39.890146294Z,CG_selfish,2026-01-20T21:06:39.890146294Z
01KFEKPASTY544K1HD16Y4MQPT,,,01KFEKP90DN3N51AVE1856PVFP,2026-01-20T21:06:41.08210867Z,false,2026-01-20T21:06:41.08210867Z,,,01KFEKPDNPE4E71X890JBXGMEB,2026-01-20T21:06:44.03325166Z,,,,,,,false,2026-01-20T21:06:41.08210867Z,,,,,"{""advice"":""Try to get the best outcome for yourself."",""adviceType"":""CG"",""numRounds"":13,""playerCount"":2}",2026-01-20T21:06:41.08210867Z,CG_selfish,2026-01-20T21:06:41.08210867Z
01KFEKPBK09JJN8SWD3Q6ZN1H7,,,01KFEKP9D2Z06N5VQ3GT2K4M7H,2026-01-20T21:06:41.88826121Z,false,2026-01-20T21:06:41.88826121Z,,,01KFEKPG689R3K2803AFMRGD80,2026-01-20T21:06:46.611085256Z,,,,,,,false,2026-01-20T21:06:41.88826121Z,,,,,"{""advice"":""Try to get the best outcome for yourself."",""adviceType"":""noCG"",""chatEnabled"":false,""numRounds"":13,""playerCount"":2}",2026-01-20T21:06:41.88826121Z,noCG_selfish,2026-01-20T21:06:41.88826121Z
01KFEMKW1EGVMY85KH04H02TH9,,,01KFEMKFT1H7SYGZMVPDJJCF0A,2026-01-20T21:22:49.006660169Z,false,2026-01-20T21:22:49.006660169Z,,,01KFEMM4RZW5ZV6P2MH60P04K1,2026-01-20T21:22:57.963692872Z,,,,,,,false,2026-01-20T21:22:49.006660169Z,,,,,"{""advice"":""Try to find an outcome that's fair for both of you."",""adviceType"":""CG"",""chatEnabled"":false,""numRounds"":13,""playerCount"":2}",2026-01-20T21:22:49.006660169Z,CG_cooperate,2026-01-20T21:22:49.006660169Z
01KFEMKW5G0Z6G39GC59SKXXQ8,,,01KFEMKFT1H7SYGZMVPDJJCF0A,2026-01-20T21:22:49.136356298Z,false,2026-01-20T21:22:49.136356298Z,,,01KFEMM5DNBNK5J33Z3VE4PJVC,2026-01-20T21:22:58.627531716Z,,,,,,,false,2026-01-20T21:22:49.136356298Z,,,,,"{""advice"":""Try to find an outcome that's fair for both of you."",""adviceType"":""noCG"",""chatEnabled"":false,""numRounds"":13,""playerCount"":2}",2026-01-20T21:22:49.136356298Z,noCG_cooperate,2026-01-20T21:22:49.136356298Z
01KFEJ5D6ESPGXB2FQ6BSGAH02,2,2026-01-20T20:58:40.109205638Z,01KFEJ5D47V2DPV4P7KW69CWA7,2026-01-20T20:39:57.90296841Z,true,2026-01-20T21:01:16.284512234Z,disconnected,2026-01-20T21:01:16.096511712Z,01KFEJ5DDVTT6F80S6CJ3XMAVT,2026-01-20T20:39:58.143023868Z,01KFEK45GRCR06EFV5JQ5B5G03,2026-01-20T20:56:45.854680574Z,12,2026-01-20T20:58:40.229911893Z,null,2026-01-20T21:01:16.284512234Z,true,2026-01-20T20:58:40.109205638Z,true,2026-01-20T20:58:40.109205638Z,ended,2026-01-20T21:01:16.096511712Z,"{""advice"":""Try to get the best outcome for yourself."",""adviceType"":""CG"",""numRounds"":13,""playerCount"":2}",2026-01-20T20:39:57.90296841Z,CG_selfish,2026-01-20T20:39:57.90296841Z
01KFEKPBBQPZ7PAS4SDP42MQZJ,2,2026-01-20T21:26:30.915054677Z,01KFEKP98SXWQCN47RMG8J9AT4,2026-01-20T21:06:41.655803768Z,true,2026-01-20T21:29:56.014988642Z,disconnected,2026-01-20T21:29:55.690280248Z,01KFEKPFF0GWM99Y67SJXAKGC9,2026-01-20T21:06:45.866588143Z,01KFEMNG2FAR03V9SQ3946KHKD,2026-01-20T21:23:42.299167621Z,12,2026-01-20T21:26:31.384641929Z,null,2026-01-20T21:29:56.014988642Z,true,2026-01-20T21:26:30.915054677Z,true,2026-01-20T21:26:30.915054677Z,ended,2026-01-20T21:29:55.690280248Z,"{""advice"":""Try to get the best outcome for yourself."",""adviceType"":""noCG"",""chatEnabled"":false,""numRounds"":13,""playerCount"":2}",2026-01-20T21:06:41.655803768Z,noCG_selfish,2026-01-20T21:06:41.655803768Z
01KFEDC9FF7T49EPA99GZDGH84,2,2026-01-20T19:53:21.819219944Z,01KFEDC9EK94N2WNCHE5RRQHCJ,2026-01-20T19:16:20.591467982Z,true,2026-01-20T19:57:03.128745241Z,end of game,2026-01-20T19:57:03.142725278Z,01KFEDC9JPDYCGZ1YAN4EWV7XR,2026-01-20T19:16:20.696297267Z,01KFEFG0PB7PSDS0AE0P46D9M1,2026-01-20T19:53:19.824121647Z,12,2026-01-20T19:53:21.885667726Z,null,2026-01-20T19:57:03.128745241Z,true,2026-01-20T19:53:21.819219944Z,true,2026-01-20T19:53:21.819219944Z,ended,2026-01-20T19:57:03.142725278Z,"{""advice"":""Try to find an outcome that's fair for both of you."",""adviceType"":""CG"",""chatEnabled"":false,""numRounds"":13,""playerCount"":2}",2026-01-20T19:16:20.591467982Z,CG_cooperate,2026-01-20T19:16:20.591467982Z
01KFEDCC2FPEHPAR4R0JHCHJDR,2,2026-01-20T19:24:30.046654449Z,01KFEDCC1ZHDDN3CP9JWF4PGTF,2026-01-20T19:16:23.247827362Z,true,2026-01-20T19:26:01.150840942Z,disconnected,2026-01-20T19:26:01.122865508Z,01KFEDCC42QBHFDM6G4DKR381F,2026-01-20T19:16:23.301046962Z,01KFEDSETN3VWQ98ZR7H3ZWQPN,2026-01-20T19:23:32.058758381Z,12,2026-01-20T19:24:30.089113888Z,null,2026-01-20T19:26:01.150840942Z,true,2026-01-20T19:24:30.046654449Z,true,2026-01-20T19:24:30.046654449Z,ended,2026-01-20T19:26:01.122865508Z,"{""advice"":""Try to find an outcome that's fair for both of you."",""adviceType"":""CG"",""chatEnabled"":false,""numRounds"":13,""playerCount"":2}",2026-01-20T19:16:23.247827362Z,CG_cooperate,2026-01-20T19:16:23.247827362Z
01KFEDCCBDJ82W4YK2PN7VDTAX,2,2026-01-20T19:34:53.148677023Z,01KFEDCCAW3ZY6KSKNHTKZ971F,2026-01-20T19:16:23.53362164Z,true,2026-01-20T19:39:56.077985911Z,end of game,2026-01-20T19:39:56.091432298Z,01KFEDCCCTWBDENFPJMCA6WR5V,2026-01-20T19:16:23.581454297Z,01KFEEDKK4VD278DZ9P06BABTA,2026-01-20T19:34:32.298782458Z,12,2026-01-20T19:34:53.18934265Z,null,2026-01-20T19:39:56.077985911Z,true,2026-01-20T19:34:53.148677023Z,true,2026-01-20T19:34:53.148677023Z,ended,2026-01-20T19:39:56.091432298Z,"{""advice"":""Try to get the best outcome for yourself."",""adviceType"":""noCG"",""chatEnabled"":false,""numRounds"":13,""playerCount"":2}",2026-01-20T19:16:23.53362164Z,noCG_selfish,2026-01-20T19:16:23.53362164Z
01KFEHA1ZNDEMMB0DK92YAW8BD,2,2026-01-20T20:29:10.321605118Z,01KFEHA1W0DBA89GCQ87GA4EG5,2026-01-20T20:25:01.685070254Z,true,2026-01-20T20:31:24.51275486Z,end of game,2026-01-20T20:31:24.534710225Z,01KFEHA23B411J9NJR9DSEVNCS,2026-01-20T20:25:01.806631647Z,01KFEHHM67A81FQXHVQEAC5K5B,2026-01-20T20:29:09.70869097Z,12,2026-01-20T20:29:10.458355511Z,null,2026-01-20T20:31:24.51275486Z,true,2026-01-20T20:29:10.321605118Z,true,2026-01-20T20:29:10.321605118Z,ended,2026-01-20T20:31:24.534710225Z,"{""advice"":""Try to get the best outcome for yourself."",""adviceType"":""noCG"",""chatEnabled"":false,""numRounds"":13,""playerCount"":2}",2026-01-20T20:25:01.685070254Z,noCG_selfish,2026-01-20T20:25:01.685070254Z
01KFEDCB0ZXMACCYEFCBJD6NZ9,2,2026-01-20T19:26:07.109018135Z,01KFEDCB0G5KS91T4MD9JTDSA4,2026-01-20T19:16:22.17592752Z,true,2026-01-20T19:26:16.22032415Z,disconnected,2026-01-20T19:26:16.192252585Z,01KFEDCB1SPK6D3YJSM809Q084,2026-01-20T19:16:22.202774108Z,01KFEDXWDMZ50D37VJPWW6XCGY,2026-01-20T19:25:57.050046639Z,12,2026-01-20T19:26:07.150981144Z,null,2026-01-20T19:26:16.22032415Z,true,2026-01-20T19:26:07.109018135Z,true,2026-01-20T19:26:07.109018135Z,ended,2026-01-20T19:26:16.192252585Z,"{""advice"":""Try to find an outcome that's fair for both of you."",""adviceType"":""CG"",""chatEnabled"":false,""numRounds"":13,""playerCount"":2}",2026-01-20T19:16:22.17592752Z,CG_cooperate,2026-01-20T19:16:22.17592752Z
01KFEDCCR5FQASZMM0M7A82D19,,,01KFEDCCQHYNX4NRQZ9PZZ2SNP,2026-01-20T19:16:23.94171517Z,false,2026-01-20T19:16:23.94171517Z,batch ended,2026-01-20T19:35:40.241401553Z,01KFEDCCV7A8V0BT2GHCB5208R,2026-01-20T19:16:24.048387866Z,,,,,,,false,2026-01-20T19:16:23.94171517Z,,,terminated,2026-01-20T19:35:40.241401553Z,"{""advice"":""Try to find an outcome that's fair for both of you."",""adviceType"":""CG"",""chatEnabled"":false,""numRounds"":13,""playerCount"":2}",2026-01-20T19:16:23.94171517Z,CG_cooperate,2026-01-20T19:16:23.94171517Z
01KFEHA1Z72TJ9J0QENR016CFN,2,2026-01-20T20:36:28.147190789Z,01KFEHA1W0DBA89GCQ87GA4EG5,2026-01-20T20:25:01.67107629Z,true,2026-01-20T20:38:55.666845525Z,end of game,2026-01-20T20:38:55.694839777Z,01KFEHA2271C0KV0JD6CKKMVVP,2026-01-20T20:25:01.769926244Z,01KFEHV9455VRSYBFTB77JM2JX,2026-01-20T20:34:26.059629105Z,12,2026-01-20T20:36:28.352700165Z,null,2026-01-20T20:38:55.666845525Z,true,2026-01-20T20:36:28.147190789Z,true,2026-01-20T20:36:28.147190789Z,ended,2026-01-20T20:38:55.694839777Z,"{""advice"":""Try to find an outcome that's fair for both of you."",""adviceType"":""noCG"",""chatEnabled"":false,""numRounds"":13,""playerCount"":2}",2026-01-20T20:25:01.67107629Z,noCG_cooperate,2026-01-20T20:25:01.67107629Z
01KFEHA25S6PYJD4DSX1VJG5FE,2,2026-01-20T20:38:56.860130521Z,01KFEHA20TFYVSSENV0N2723W5,2026-01-20T20:25:01.881510175Z,true,2026-01-20T20:43:19.635378499Z,end of game,2026-01-20T20:43:19.674076227Z,01KFEHA29F9XNV1M60RJ2CKS1R,2026-01-20T20:25:02.001754025Z,01KFEJ0AQJ7D56MSEWW8ZY920S,2026-01-20T20:37:11.543037127Z,12,2026-01-20T20:38:56.949471953Z,null,2026-01-20T20:43:19.635378499Z,true,2026-01-20T20:38:56.860130521Z,true,2026-01-20T20:38:56.860130521Z,ended,2026-01-20T20:43:19.674076227Z,"{""advice"":""Try to find an outcome that's fair for both of you."",""adviceType"":""noCG"",""chatEnabled"":false,""numRounds"":13,""playerCount"":2}",2026-01-20T20:25:01.881510175Z,noCG_cooperate,2026-01-20T20:25:01.881510175Z
01KFEHAKMDAJRN7M0QA4VDJCGY,2,2026-01-20T20:38:32.129357547Z,01KFEHAKK9QMW81MWT2FF1CSZA,2026-01-20T20:25:19.757875144Z,true,2026-01-20T20:44:01.489786554Z,end of game,2026-01-20T20:44:01.529818389Z,01KFEHAKS6FRKWSMEB2JHXKXQA,2026-01-20T20:25:19.912524095Z,01KFEJ01RWYP3CQ8752MB7WJHN,2026-01-20T20:37:02.369571556Z,12,2026-01-20T20:38:32.223561112Z,null,2026-01-20T20:44:01.489786554Z,true,2026-01-20T20:38:32.129357547Z,true,2026-01-20T20:38:32.129357547Z,ended,2026-01-20T20:44:01.529818389Z,"{""advice"":""Try to get the best outcome for yourself."",""adviceType"":""CG"",""numRounds"":13,""playerCount"":2}",2026-01-20T20:25:19.757875144Z,CG_selfish,2026-01-20T20:25:19.757875144Z
01KFEKPBGJP0CV8K110P1PAY37,,,01KFEKP9D2Z06N5VQ3GT2K4M7H,2026-01-20T21:06:41.810356988Z,false,2026-01-20T21:06:41.810356988Z,,,01KFEKPFYRP33T2GB4HNDD5A9P,2026-01-20T21:06:46.369526981Z,,,,,,,false,2026-01-20T21:06:41.810356988Z,,,,,"{""advice"":""Try to find an outcome that's fair for both of you."",""adviceType"":""CG"",""chatEnabled"":false,""numRounds"":13,""playerCount"":2}",2026-01-20T21:06:41.810356988Z,CG_cooperate,2026-01-20T21:06:41.810356988Z
01KFEDCB85NRAF0XG25Q35KE03,,,01KFEDCB7P38BTZ4ACVDP6P0XN,2026-01-20T19:16:22.40599629Z,false,2026-01-20T19:16:22.40599629Z,shared lobby timeout,2026-01-20T19:35:44.251875092Z,01KFEDCBC1KMEMP60TKHPNTB6X,2026-01-20T19:16:22.53154535Z,01KFEE6MWP60RJZW9BJM02YRKE,2026-01-20T19:30:44.249826039Z,,,,,false,2026-01-20T19:16:22.40599629Z,,,failed,2026-01-20T19:35:44.251875092Z,"{""advice"":""Try to get the best outcome for yourself."",""adviceType"":""CG"",""numRounds"":13,""playerCount"":2}",2026-01-20T19:16:22.40599629Z,CG_selfish,2026-01-20T19:16:22.40599629Z
01KFEDCCBE716PRHN8Q6NQV6ZT,2,2026-01-20T19:41:58.972095269Z,01KFEDCCAW3ZY6KSKNHTKZ971F,2026-01-20T19:16:23.534332695Z,true,2026-01-20T19:44:44.341721263Z,end of game,2026-01-20T19:44:44.355794909Z,01KFEDCCE86XF0Q23H38CRHRW5,2026-01-20T19:16:23.625985613Z,01KFEERY834ZYF8VTYQ75DCB98,2026-01-20T19:40:43.658155676Z,12,2026-01-20T19:41:59.017345471Z,null,2026-01-20T19:44:44.341721263Z,true,2026-01-20T19:41:58.972095269Z,true,2026-01-20T19:41:58.972095269Z,ended,2026-01-20T19:44:44.355794909Z,"{""advice"":""Try to get the best outcome for yourself."",""adviceType"":""CG"",""numRounds"":13,""playerCount"":2}",2026-01-20T19:16:23.534332695Z,CG_selfish,2026-01-20T19:16:23.534332695Z
01KFEJ5D6622PF5PX4G3KZTAZK,2,2026-01-20T20:51:17.929986315Z,01KFEJ5D47V2DPV4P7KW69CWA7,2026-01-20T20:39:57.894275494Z,true,2026-01-20T20:52:54.070627548Z,disconnected,2026-01-20T20:52:53.967480252Z,01KFEJ5DBN75W2G77GD9QPP4B8,2026-01-20T20:39:58.072559916Z,01KFEJSYZHX2G2FB4R36FXE199,2026-01-20T20:51:11.484836115Z,12,2026-01-20T20:51:18.060742779Z,null,2026-01-20T20:52:54.070627548Z,true,2026-01-20T20:51:17.929986315Z,true,2026-01-20T20:51:17.929986315Z,ended,2026-01-20T20:52:53.967480252Z,"{""advice"":""Try to get the best outcome for yourself."",""adviceType"":""noCG"",""chatEnabled"":false,""numRounds"":13,""playerCount"":2}",2026-01-20T20:39:57.894275494Z,noCG_selfish,2026-01-20T20:39:57.894275494Z
01KFEJ5EA7VXFPKNKHCS7D0Y4Z,2,2026-01-20T20:52:19.798473783Z,01KFEJ5E832Q64ZNG3ZKPXGHJ5,2026-01-20T20:39:59.047371331Z,true,2026-01-20T20:56:14.174131301Z,disconnected,2026-01-20T20:56:14.07127662Z,01KFEJ5EGK8KKJXZHXE3VSY3CK,2026-01-20T20:39:59.254589727Z,01KFEJVJE5KP9JNKQJ4EM6GZ8Q,2026-01-20T20:52:04.174069468Z,12,2026-01-20T20:52:20.229245309Z,null,2026-01-20T20:56:14.174131301Z,true,2026-01-20T20:52:19.798473783Z,true,2026-01-20T20:52:19.798473783Z,ended,2026-01-20T20:56:14.07127662Z,"{""advice"":""Try to get the best outcome for yourself."",""adviceType"":""noCG"",""chatEnabled"":false,""numRounds"":13,""playerCount"":2}",2026-01-20T20:39:59.047371331Z,noCG_selfish,2026-01-20T20:39:59.047371331Z
01KFEKHXGV14GXW9X327G3NBE8,2,2026-01-20T21:08:37.38137468Z,01KFEKHPGYTA3NV92JW708KDS3,2026-01-20T21:04:16.411971865Z,true,2026-01-20T21:11:37.176361259Z,disconnected,2026-01-20T21:11:36.962499535Z,01KFEKJ2144XXP5J0TW3WEZBFA,2026-01-20T21:04:21.039496898Z,01KFEKR6999JDDBQEM1R2EMV83,2026-01-20T21:07:42.001646007Z,12,2026-01-20T21:08:38.499106571Z,null,2026-01-20T21:11:37.176361259Z,true,2026-01-20T21:08:37.38137468Z,true,2026-01-20T21:08:37.38137468Z,ended,2026-01-20T21:11:36.962499535Z,"{""advice"":""Try to find an outcome that's fair for both of you."",""adviceType"":""CG"",""chatEnabled"":false,""numRounds"":13,""playerCount"":2}",2026-01-20T21:04:16.411971865Z,CG_cooperate,2026-01-20T21:04:16.411971865Z
01KFEKHY2GXPPWGJHAPGBK801G,2,2026-01-20T21:27:54.372162082Z,01KFEKHPNF8Z2VV0G8FN5RQ3SV,2026-01-20T21:04:16.97662094Z,true,2026-01-20T21:30:50.752752366Z,disconnected,2026-01-20T21:30:50.406147429Z,01KFEKJ2NP9ETEP5J9SYAQ0S15,2026-01-20T21:04:21.696021393Z,01KFEMWM6V4F1Z8946GEKNDC9X,2026-01-20T21:27:35.911427525Z,12,2026-01-20T21:27:54.877960028Z,null,2026-01-20T21:30:50.752752366Z,true,2026-01-20T21:27:54.372162082Z,true,2026-01-20T21:27:54.372162082Z,ended,2026-01-20T21:30:50.406147429Z,"{""advice"":""Try to find an outcome that's fair for both of you."",""adviceType"":""CG"",""chatEnabled"":false,""numRounds"":13,""playerCount"":2}",2026-01-20T21:04:16.97662094Z,CG_cooperate,2026-01-20T21:04:16.97662094Z
01KFEKPAZ3Y7ZMHF8HENNENN29,,,01KFEKP9631FDC5MHAJ7BGRGH7,2026-01-20T21:06:41.251979726Z,false,2026-01-20T21:06:41.251979726Z,,,01KFEKPDY980X2JME9ED9FJYNE,2026-01-20T21:06:44.307104164Z,,,,,,,false,2026-01-20T21:06:41.251979726Z,,,,,"{""advice"":""Try to find an outcome that's fair for both of you."",""adviceType"":""noCG"",""chatEnabled"":false,""numRounds"":13,""playerCount"":2}",2026-01-20T21:06:41.251979726Z,noCG_cooperate,2026-01-20T21:06:41.251979726Z
01KFEDCAW2V37VTG7M42E7BY59,,,01KFEDCAVEZK3QD8ZFC2PP83WE,2026-01-20T19:16:22.018917104Z,false,2026-01-20T19:16:22.018917104Z,shared lobby timeout,2026-01-20T20:02:04.871996928Z,01KFEDCAY7NB5MFAXJTZ505PQT,2026-01-20T19:16:22.088641428Z,01KFEFPWF08HBRJ4KJ70GS0NBP,2026-01-20T19:57:04.876346218Z,,,,,false,2026-01-20T19:16:22.018917104Z,,,failed,2026-01-20T20:02:04.871996928Z,"{""advice"":""Try to get the best outcome for yourself."",""adviceType"":""noCG"",""chatEnabled"":false,""numRounds"":13,""playerCount"":2}",2026-01-20T19:16:22.018917104Z,noCG_selfish,2026-01-20T19:16:22.018917104Z
01KFEKP8TY1582D0MAR7ZXMYPA,2,2026-01-20T21:35:25.021937353Z,01KFEKP8JTD09P5KZK5HC45AYH,2026-01-20T21:06:39.070365441Z,true,2026-01-20T21:41:11.149777093Z,disconnected,2026-01-20T21:41:10.601318595Z,01KFEKPA47VVGEWYX5TM49RJJZ,2026-01-20T21:06:40.400532203Z,01KFEN6CC46AZDDR8QM6SR9YDD,2026-01-20T21:32:55.567406047Z,12,2026-01-20T21:35:26.299851877Z,null,2026-01-20T21:41:11.149777093Z,true,2026-01-20T21:35:25.021937353Z,true,2026-01-20T21:35:25.021937353Z,ended,2026-01-20T21:41:10.601318595Z,"{""advice"":""Try to find an outcome that's fair for both of you."",""adviceType"":""noCG"",""chatEnabled"":false,""numRounds"":13,""playerCount"":2}",2026-01-20T21:06:39.070365441Z,noCG_cooperate,2026-01-20T21:06:39.070365441Z
01KFEKP9GSV40RZGCZ6HF7SPHV,2,2026-01-20T21:39:08.19319459Z,01KFEKP8Q074SQPRS20YJEHHNT,2026-01-20T21:06:39.769839406Z,true,2026-01-20T21:39:57.970364112Z,disconnected,2026-01-20T21:39:57.674798684Z,01KFEKPBYY94D8TGHHXYXJ8K10,2026-01-20T21:06:42.275878653Z,01KFENES64TE1AZ2ESECFZGH0V,2026-01-20T21:37:30.842256912Z,12,2026-01-20T21:39:09.934993405Z,null,2026-01-20T21:39:57.970364112Z,true,2026-01-20T21:39:08.19319459Z,true,2026-01-20T21:39:08.19319459Z,ended,2026-01-20T21:39:57.674798684Z,"{""advice"":""Try to find an outcome that's fair for both of you."",""adviceType"":""CG"",""chatEnabled"":false,""numRounds"":13,""playerCount"":2}",2026-01-20T21:06:39.769839406Z,CG_cooperate,2026-01-20T21:06:39.769839406Z
01KFEDCB85NRAF0XG25ABR62N5,2,2026-01-20T19:33:46.29336445Z,01KFEDCB7P38BTZ4ACVDP6P0XN,2026-01-20T19:16:22.405325832Z,true,2026-01-20T19:37:43.46732099Z,end of game,2026-01-20T19:37:43.479197038Z,01KFEDCB9F0V891FH3WQ1XMPS7,2026-01-20T19:16:22.473194409Z,01KFEEC2CSHS878Y7AHK2HWJM9,2026-01-20T19:33:41.919585446Z,12,2026-01-20T19:33:46.352693913Z,null,2026-01-20T19:37:43.46732099Z,true,2026-01-20T19:33:46.29336445Z,true,2026-01-20T19:33:46.29336445Z,ended,2026-01-20T19:37:43.479197038Z,"{""advice"":""Try to get the best outcome for yourself."",""adviceType"":""noCG"",""chatEnabled"":false,""numRounds"":13,""playerCount"":2}",2026-01-20T19:16:22.405325832Z,noCG_selfish,2026-01-20T19:16:22.405325832Z
01KFEHA25EG11J6M1P1M985HHW,,,01KFEHA20TFYVSSENV0N2723W5,2026-01-20T20:25:01.870152878Z,false,2026-01-20T20:25:01.870152878Z,shared lobby timeout,2026-01-20T20:39:04.836538333Z,01KFEHA2B45X9NBE0FZVWP5MSH,2026-01-20T20:25:02.063847092Z,01KFEHTMCVRVE6K9075M55D9QZ,2026-01-20T20:34:04.832982866Z,,,,,false,2026-01-20T20:25:01.870152878Z,,,failed,2026-01-20T20:39:04.836538333Z,"{""advice"":""Try to find an outcome that's fair for both of you."",""adviceType"":""CG"",""chatEnabled"":false,""numRounds"":13,""playerCount"":2}",2026-01-20T20:25:01.870152878Z,CG_cooperate,2026-01-20T20:25:01.870152878Z
01KFEKHY612ZFQFYX8N2MY1Z2B,2,2026-01-20T21:24:15.80260143Z,01KFEKHPNF8Z2VV0G8FN5RQ3SV,2026-01-20T21:04:17.089870217Z,true,2026-01-20T21:27:33.7367105Z,disconnected,2026-01-20T21:27:32.64131921Z,01KFEKJ32HNRR4MSWFQKRTY591,2026-01-20T21:04:22.106323667Z,01KFEMM422CSWMHKZYH5KDA1JS,2026-01-20T21:22:57.236580397Z,12,2026-01-20T21:24:17.146073196Z,null,2026-01-20T21:27:33.7367105Z,true,2026-01-20T21:24:15.80260143Z,true,2026-01-20T21:24:15.80260143Z,ended,2026-01-20T21:27:32.64131921Z,"{""advice"":""Try to get the best outcome for yourself."",""adviceType"":""CG"",""numRounds"":13,""playerCount"":2}",2026-01-20T21:04:17.089870217Z,CG_selfish,2026-01-20T21:04:17.089870217Z
01KFEKPB82QNVH8DM13ARB9A88,,,01KFEKP98SXWQCN47RMG8J9AT4,2026-01-20T21:06:41.538528296Z,false,2026-01-20T21:06:41.538528296Z,,,01KFEKPEZKYNAMH5PZ0KFCQCC3,2026-01-20T21:06:45.374062143Z,,,,,,,false,2026-01-20T21:06:41.538528296Z,,,,,"{""advice"":""Try to find an outcome that's fair for both of you."",""adviceType"":""noCG"",""chatEnabled"":false,""numRounds"":13,""playerCount"":2}",2026-01-20T21:06:41.538528296Z,noCG_cooperate,2026-01-20T21:06:41.538528296Z
01KFEDCCR8T87CKC02CXTP1YJQ,,,01KFEDCCQHYNX4NRQZ9PZZ2SNP,2026-01-20T19:16:23.944939158Z,false,2026-01-20T19:16:23.944939158Z,batch ended,2026-01-20T19:35:40.241401553Z,01KFEDCCRV2NYMFR2065CBXPM2,2026-01-20T19:16:23.967918084Z,,,,,,,false,2026-01-20T19:16:23.944939158Z,,,terminated,2026-01-20T19:35:40.241401553Z,"{""advice"":""Try to get the best outcome for yourself."",""adviceType"":""noCG"",""chatEnabled"":false,""numRounds"":13,""playerCount"":2}",2026-01-20T19:16:23.944939158Z,noCG_selfish,2026-01-20T19:16:23.944939158Z
01KFEKHXK7R8H3J1J8XZRRFJYB,2,2026-01-20T21:19:14.722762498Z,01KFEKHPGYTA3NV92JW708KDS3,2026-01-20T21:04:16.487511302Z,true,2026-01-20T21:26:23.79426423Z,end of game,2026-01-20T21:26:23.936667702Z,01KFEKJ27AS8113D73P0S97585,2026-01-20T21:04:21.235478307Z,01KFEMDAZSCZ6PP6ZB4ERQVBKE,2026-01-20T21:19:14.967556604Z,12,2026-01-20T21:19:19.863016214Z,null,2026-01-20T21:26:23.79426423Z,true,2026-01-20T21:19:14.722762498Z,true,2026-01-20T21:19:14.722762498Z,ended,2026-01-20T21:26:23.936667702Z,"{""advice"":""Try to get the best outcome for yourself."",""adviceType"":""noCG"",""chatEnabled"":false,""numRounds"":13,""playerCount"":2}",2026-01-20T21:04:16.487511302Z,noCG_selfish,2026-01-20T21:04:16.487511302Z
01KFEKHZCYGXG9E88XG20MH24Y,2,2026-01-20T21:31:10.212606381Z,01KFEKHQ6RN01KDJ4QSDZAWPPS,2026-01-20T21:04:18.334846076Z,true,2026-01-20T21:39:33.873455516Z,end of game,2026-01-20T21:39:34.787325504Z,01KFEKJ7WNNSS38NA8DQ6ZF9RG,2026-01-20T21:04:27.038634089Z,01KFEN2XERE7BSGQV5G1W625QZ,2026-01-20T21:31:02.001167787Z,12,2026-01-20T21:31:10.712040437Z,null,2026-01-20T21:39:33.873455516Z,true,2026-01-20T21:31:10.212606381Z,true,2026-01-20T21:31:10.212606381Z,ended,2026-01-20T21:39:34.787325504Z,"{""advice"":""Try to find an outcome that's fair for both of you."",""adviceType"":""noCG"",""chatEnabled"":false,""numRounds"":13,""playerCount"":2}",2026-01-20T21:04:18.334846076Z,noCG_cooperate,2026-01-20T21:04:18.334846076Z
01KFEMKRF7MWFRCHW4MX93RBN7,,,01KFEMKF0GR6CF0MEQZS4M5Z1Y,2026-01-20T21:22:45.351485674Z,false,2026-01-20T21:22:45.351485674Z,,,01KFEMM1M1YY29B97GW1WKYWEP,2026-01-20T21:22:54.735246948Z,,,,,,,false,2026-01-20T21:22:45.351485674Z,,,,,"{""advice"":""Try to find an outcome that's fair for both of you."",""adviceType"":""CG"",""chatEnabled"":false,""numRounds"":13,""playerCount"":2}",2026-01-20T21:22:45.351485674Z,CG_cooperate,2026-01-20T21:22:45.351485674Z
01KFEKHW4PTMHQ49S2BQJG3GAZ,,,01KFEKHP5PHVKCA3W59M54X4HD,2026-01-20T21:04:14.998814351Z,false,2026-01-20T21:04:14.998814351Z,shared lobby timeout,2026-01-20T21:14:42.293635181Z,01KFEKJ0SYRBSS3PJKB03Q7EA7,2026-01-20T21:04:19.783677685Z,01KFEKVVR7TS6PV31SNWS839Y7,2026-01-20T21:09:42.296631292Z,,,,,false,2026-01-20T21:04:14.998814351Z,,,failed,2026-01-20T21:14:42.293635181Z,"{""advice"":""Try to get the best outcome for yourself."",""adviceType"":""noCG"",""chatEnabled"":false,""numRounds"":13,""playerCount"":2}",2026-01-20T21:04:14.998814351Z,noCG_selfish,2026-01-20T21:04:14.998814351Z
01KFEKHZN529E42QD9METE3SFK,2,2026-01-20T21:20:50.517946895Z,01KFEKHQDC2K693XFM5ANS8DHE,2026-01-20T21:04:18.597729849Z,true,2026-01-20T21:26:18.571320399Z,end of game,2026-01-20T21:26:18.751020723Z,01KFEKJ8Q9JW7XVTZM37P6FY8E,2026-01-20T21:04:27.887387137Z,01KFEMFFW5HAPC30J2ZAMD9Y62,2026-01-20T21:20:25.495335779Z,12,2026-01-20T21:20:50.877072973Z,null,2026-01-20T21:26:18.571320399Z,true,2026-01-20T21:20:50.517946895Z,true,2026-01-20T21:20:50.517946895Z,ended,2026-01-20T21:26:18.751020723Z,"{""advice"":""Try to get the best outcome for yourself."",""adviceType"":""noCG"",""chatEnabled"":false,""numRounds"":13,""playerCount"":2}",2026-01-20T21:04:18.597729849Z,noCG_selfish,2026-01-20T21:04:18.597729849Z
01KFEMKW3FP47YHETENJFK93BD,,,01KFEMKFT1H7SYGZMVPDJJCF0A,2026-01-20T21:22:49.07181454Z,false,2026-01-20T21:22:49.07181454Z,,,01KFEMM52RSR1TVEYAK6GK01AX,2026-01-20T21:22:58.279165615Z,,,,,,,false,2026-01-20T21:22:49.07181454Z,,,,,"{""advice"":""Try to get the best outcome for yourself."",""adviceType"":""CG"",""numRounds"":13,""playerCount"":2}",2026-01-20T21:22:49.07181454Z,CG_selfish,2026-01-20T21:22:49.07181454Z
01KFEDCB15BD0TYD7H0V6YZGSZ,2,2026-01-20T19:32:21.178465592Z,01KFEDCB0G5KS91T4MD9JTDSA4,2026-01-20T19:16:22.181734498Z,true,2026-01-20T19:36:11.132718286Z,end of game,2026-01-20T19:36:11.14603836Z,01KFEDCB323TY2GT1V5C0DFG53,2026-01-20T19:16:22.244851592Z,01KFEE9F7HEMQMJ0WSCGJ13P78,2026-01-20T19:32:16.758933347Z,12,2026-01-20T19:32:21.260745235Z,null,2026-01-20T19:36:11.132718286Z,true,2026-01-20T19:32:21.178465592Z,true,2026-01-20T19:32:21.178465592Z,ended,2026-01-20T19:36:11.14603836Z,"{""advice"":""Try to get the best outcome for yourself."",""adviceType"":""noCG"",""chatEnabled"":false,""numRounds"":13,""playerCount"":2}",2026-01-20T19:16:22.181734498Z,noCG_selfish,2026-01-20T19:16:22.181734498Z
01KFEDCCHH44R979H37GT2B68J,2,2026-01-20T19:52:12.890992089Z,01KFEDCCH0VMFH7P25F40PD43N,2026-01-20T19:16:23.72971903Z,true,2026-01-20T19:54:29.864752079Z,end of game,2026-01-20T19:54:29.885828485Z,01KFEDCCJY4QQMA6MY2B858CY7,2026-01-20T19:16:23.776057105Z,01KFEFCGFD84S0MR4Z0D8P3PJ6,2026-01-20T19:51:24.91597684Z,12,2026-01-20T19:52:12.948893367Z,null,2026-01-20T19:54:29.864752079Z,true,2026-01-20T19:52:12.890992089Z,true,2026-01-20T19:52:12.890992089Z,ended,2026-01-20T19:54:29.885828485Z,"{""advice"":""Try to get the best outcome for yourself."",""adviceType"":""CG"",""numRounds"":13,""playerCount"":2}",2026-01-20T19:16:23.72971903Z,CG_selfish,2026-01-20T19:16:23.72971903Z
01KFEKHX2RB171QB64SDRQQFHC,2,2026-01-20T21:07:52.428885293Z,01KFEKHPC1MSE3FJ7DBY2FGY2F,2026-01-20T21:04:15.960213914Z,true,2026-01-20T21:13:40.65483264Z,end of game,2026-01-20T21:13:40.749436159Z,01KFEKJ1MQMGCQVSWFKNRHZRGD,2026-01-20T21:04:20.640947289Z,01KFEKQH7KGG9C8T0FA2Z7E6MR,2026-01-20T21:07:20.449812019Z,12,2026-01-20T21:07:52.69265308Z,null,2026-01-20T21:13:40.65483264Z,true,2026-01-20T21:07:52.428885293Z,true,2026-01-20T21:07:52.428885293Z,ended,2026-01-20T21:13:40.749436159Z,"{""advice"":""Try to find an outcome that's fair for both of you."",""adviceType"":""noCG"",""chatEnabled"":false,""numRounds"":13,""playerCount"":2}",2026-01-20T21:04:15.960213914Z,noCG_cooperate,2026-01-20T21:04:15.960213914Z
01KFEKHXG0QSJ727TF9BK0CVWT,2,2026-01-20T21:08:05.197419689Z,01KFEKHPGYTA3NV92JW708KDS3,2026-01-20T21:04:16.384806997Z,true,2026-01-20T21:11:21.267361635Z,end of game,2026-01-20T21:11:21.395643317Z,01KFEKJ1V3ECS2A4XB0FYAK53H,2026-01-20T21:04:20.84513103Z,01KFEKRR7YH632WG0EFZKBFN0Z,2026-01-20T21:08:00.398092591Z,12,2026-01-20T21:08:06.210721251Z,null,2026-01-20T21:11:21.267361635Z,true,2026-01-20T21:08:05.197419689Z,true,2026-01-20T21:08:05.197419689Z,ended,2026-01-20T21:11:21.395643317Z,"{""advice"":""Try to find an outcome that's fair for both of you."",""adviceType"":""noCG"",""chatEnabled"":false,""numRounds"":13,""playerCount"":2}",2026-01-20T21:04:16.384806997Z,noCG_cooperate,2026-01-20T21:04:16.384806997Z
01KFEKHZJWCME2TD44SWFYQ3JK,2,2026-01-20T21:35:46.519437094Z,01KFEKHQDC2K693XFM5ANS8DHE,2026-01-20T21:04:18.524335231Z,true,2026-01-20T21:42:14.900545843Z,end of game,2026-01-20T21:42:15.062377284Z,01KFEKJ82ZKDGNSTWKGQ7HM67T,2026-01-20T21:04:27.241675615Z,01KFENBHD9N29F8VK9SHGHVS19,2026-01-20T21:35:44.567601064Z,12,2026-01-20T21:35:47.419980861Z,null,2026-01-20T21:42:14.900545843Z,true,2026-01-20T21:35:46.519437094Z,true,2026-01-20T21:35:46.519437094Z,ended,2026-01-20T21:42:15.062377284Z,"{""advice"":""Try to find an outcome that's fair for both of you."",""adviceType"":""CG"",""chatEnabled"":false,""numRounds"":13,""playerCount"":2}",2026-01-20T21:04:18.524335231Z,CG_cooperate,2026-01-20T21:04:18.524335231Z
01KFEKPBNN33DZGZAT5KNRSGKT,,,01KFEKP9D2Z06N5VQ3GT2K4M7H,2026-01-20T21:06:41.973337671Z,false,2026-01-20T21:06:41.973337671Z,,,01KFEKPGQPPM9W62B15FGDMDXQ,2026-01-20T21:06:47.163782069Z,,,,,,,false,2026-01-20T21:06:41.973337671Z,,,,,"{""advice"":""Try to find an outcome that's fair for both of you."",""adviceType"":""noCG"",""chatEnabled"":false,""numRounds"":13,""playerCount"":2}",2026-01-20T21:06:41.973337671Z,noCG_cooperate,2026-01-20T21:06:41.973337671Z
01KFEKHYKRKMA9DTBDYP3QJATY,2,2026-01-20T21:19:50.693291502Z,01KFEKHPXA861Q1DG96X1DM2E6,2026-01-20T21:04:17.528093638Z,true,2026-01-20T21:26:15.095118421Z,disconnected,2026-01-20T21:26:14.499516034Z,01KFEKJ6F8S2Y39X2VV83T9QXF,2026-01-20T21:04:25.585904147Z,01KFEMEDYVVMEGP897H1Q5EJ76,2026-01-20T21:19:50.758244223Z,12,2026-01-20T21:19:52.070102208Z,null,2026-01-20T21:26:15.095118421Z,true,2026-01-20T21:19:50.693291502Z,true,2026-01-20T21:19:50.693291502Z,ended,2026-01-20T21:26:14.499516034Z,"{""advice"":""Try to get the best outcome for yourself."",""adviceType"":""noCG"",""chatEnabled"":false,""numRounds"":13,""playerCount"":2}",2026-01-20T21:04:17.528093638Z,noCG_selfish,2026-01-20T21:04:17.528093638Z
01KFEHA1GDXTPSA0SX8CRPX47C,2,2026-01-20T20:31:26.072115303Z,01KFEHA1EJWPRPNCXBTHCF12K2,2026-01-20T20:25:01.197287924Z,true,2026-01-20T20:33:44.848511638Z,end of game,2026-01-20T20:33:44.872775958Z,01KFEHA1JWS4ZC9ZDRXMM0FZVP,2026-01-20T20:25:01.279425392Z,01KFEHK07QF5JF7FMKAS8TA6Z5,2026-01-20T20:29:54.81153673Z,12,2026-01-20T20:31:26.136940392Z,null,2026-01-20T20:33:44.848511638Z,true,2026-01-20T20:31:26.072115303Z,true,2026-01-20T20:31:26.072115303Z,ended,2026-01-20T20:33:44.872775958Z,"{""advice"":""Try to find an outcome that's fair for both of you."",""adviceType"":""CG"",""chatEnabled"":false,""numRounds"":13,""playerCount"":2}",2026-01-20T20:25:01.197287924Z,CG_cooperate,2026-01-20T20:25:01.197287924Z
01KFEHA1ZSVYK8DGYZZSV53FQM,2,2026-01-20T20:35:20.955247133Z,01KFEHA1W0DBA89GCQ87GA4EG5,2026-01-20T20:25:01.689752385Z,true,2026-01-20T20:39:58.292491895Z,end of game,2026-01-20T20:39:58.344767912Z,01KFEHA24RWF9ZY5XDEA5R43RZ,2026-01-20T20:25:01.850993535Z,01KFEHWG7103701P8HD4H3QGA7,2026-01-20T20:35:06.085986793Z,12,2026-01-20T20:35:21.114174231Z,null,2026-01-20T20:39:58.292491895Z,true,2026-01-20T20:35:20.955247133Z,true,2026-01-20T20:35:20.955247133Z,ended,2026-01-20T20:39:58.344767912Z,"{""advice"":""Try to get the best outcome for yourself."",""adviceType"":""CG"",""numRounds"":13,""playerCount"":2}",2026-01-20T20:25:01.689752385Z,CG_selfish,2026-01-20T20:25:01.689752385Z
01KFEHAM3ZX2QFEZ4F28QFW79D,2,2026-01-20T20:44:19.406453361Z,01KFEHAM0SBSN9QYCK4NGJTWCC,2026-01-20T20:25:20.255534768Z,true,2026-01-20T20:48:12.540248526Z,end of game,2026-01-20T20:48:12.583407625Z,01KFEHAM5R350AKM3JN3KYHT70,2026-01-20T20:25:20.314576923Z,01KFEJD6CE7Q5PVA4MCYZAVMYF,2026-01-20T20:44:13.075605915Z,12,2026-01-20T20:44:19.505941356Z,null,2026-01-20T20:48:12.540248526Z,true,2026-01-20T20:44:19.406453361Z,true,2026-01-20T20:44:19.406453361Z,ended,2026-01-20T20:48:12.583407625Z,"{""advice"":""Try to find an outcome that's fair for both of you."",""adviceType"":""CG"",""chatEnabled"":false,""numRounds"":13,""playerCount"":2}",2026-01-20T20:25:20.255534768Z,CG_cooperate,2026-01-20T20:25:20.255534768Z
01KFEJ5C9822567XDA8A9QG0G3,2,2026-01-20T20:54:52.516921711Z,01KFEJ5C7H3Z5SGPPT0TCGAEB2,2026-01-20T20:39:56.968860125Z,true,2026-01-20T20:58:47.439326461Z,end of game,2026-01-20T20:58:47.540166049Z,01KFEJ5CE53EW64FVE7NVPZCFZ,2026-01-20T20:39:57.128549819Z,01KFEJYB71H6MDCCANZYJACVH6,2026-01-20T20:53:35.084836087Z,12,2026-01-20T20:54:52.768250108Z,null,2026-01-20T20:58:47.439326461Z,true,2026-01-20T20:54:52.516921711Z,true,2026-01-20T20:54:52.516921711Z,ended,2026-01-20T20:58:47.540166049Z,"{""advice"":""Try to get the best outcome for yourself."",""adviceType"":""CG"",""numRounds"":13,""playerCount"":2}",2026-01-20T20:39:56.968860125Z,CG_selfish,2026-01-20T20:39:56.968860125Z
01KFEJ5DPFFD934S0E2GQ1B9RR,2,2026-01-20T20:51:58.068613189Z,01KFEJ5DKDD8ED3R70AXWWV7TA,2026-01-20T20:39:58.415393471Z,true,2026-01-20T20:54:39.827419326Z,end of game,2026-01-20T20:54:39.880237523Z,01KFEJ5DZH5SAPM4YPQJJDTZFD,2026-01-20T20:39:58.709437682Z,01KFEJTTQX4AE7JAMA1Q0NQ9FQ,2026-01-20T20:51:39.907462121Z,12,2026-01-20T20:51:58.4095791Z,null,2026-01-20T20:54:39.827419326Z,true,2026-01-20T20:51:58.068613189Z,true,2026-01-20T20:51:58.068613189Z,ended,2026-01-20T20:54:39.880237523Z,"{""advice"":""Try to get the best outcome for yourself."",""adviceType"":""noCG"",""chatEnabled"":false,""numRounds"":13,""playerCount"":2}",2026-01-20T20:39:58.415393471Z,noCG_selfish,2026-01-20T20:39:58.415393471Z
01KFEJ5E9BF1S7ZWGC98397B4G,2,2026-01-20T21:05:37.853425832Z,01KFEJ5E832Q64ZNG3ZKPXGHJ5,2026-01-20T20:39:59.01938775Z,true,2026-01-20T21:09:53.2226488Z,end of game,2026-01-20T21:09:53.555372945Z,01KFEJ5EDKS64497V39SJHT65J,2026-01-20T20:39:59.159748249Z,01KFEKJVDXFZNMR99E46DHZ2QZ,2026-01-20T21:04:47.047057056Z,12,2026-01-20T21:05:38.275945152Z,null,2026-01-20T21:09:53.2226488Z,true,2026-01-20T21:05:37.853425832Z,true,2026-01-20T21:05:37.853425832Z,ended,2026-01-20T21:09:53.555372945Z,"{""advice"":""Try to find an outcome that's fair for both of you."",""adviceType"":""CG"",""chatEnabled"":false,""numRounds"":13,""playerCount"":2}",2026-01-20T20:39:59.01938775Z,CG_cooperate,2026-01-20T20:39:59.01938775Z
01KFEKHY4MJQCE1WZTSDX3MB2Z,2,2026-01-20T21:19:34.91827487Z,01KFEKHPNF8Z2VV0G8FN5RQ3SV,2026-01-20T21:04:17.044233179Z,true,2026-01-20T21:20:11.017881199Z,disconnected,2026-01-20T21:20:10.75895786Z,01KFEKJ2VSBK0261GTBAT4H36Z,2026-01-20T21:04:21.891210948Z,01KFEMDFCDSM5XJH3YE9YEGTDG,2026-01-20T21:19:19.448738815Z,12,2026-01-20T21:19:36.14006998Z,null,2026-01-20T21:20:11.017881199Z,true,2026-01-20T21:19:34.91827487Z,true,2026-01-20T21:19:34.91827487Z,ended,2026-01-20T21:20:10.75895786Z,"{""advice"":""Try to get the best outcome for yourself."",""adviceType"":""noCG"",""chatEnabled"":false,""numRounds"":13,""playerCount"":2}",2026-01-20T21:04:17.044233179Z,noCG_selfish,2026-01-20T21:04:17.044233179Z
01KFEMKRN3B3AX2A5TWH6GW2V4,,,01KFEMKF0GR6CF0MEQZS4M5Z1Y,2026-01-20T21:22:45.539326622Z,false,2026-01-20T21:22:45.539326622Z,,,01KFEMM29BRRHF226WF4NVEBRX,2026-01-20T21:22:55.417200305Z,,,,,,,false,2026-01-20T21:22:45.539326622Z,,,,,"{""advice"":""Try to get the best outcome for yourself."",""adviceType"":""noCG"",""chatEnabled"":false,""numRounds"":13,""playerCount"":2}",2026-01-20T21:22:45.539326622Z,noCG_selfish,2026-01-20T21:22:45.539326622Z
01KFEHA1R32D8V3SKQA6BEDXA8,2,2026-01-20T20:28:28.705129278Z,01KFEHA1MRJDJA6FNTED28Z8HF,2026-01-20T20:25:01.443368322Z,true,2026-01-20T20:31:12.096869342Z,end of game,2026-01-20T20:31:12.124611555Z,01KFEHA1XV8VTRAMMD5WM3XXJY,2026-01-20T20:25:01.63075442Z,01KFEHG03SWRPJ11189F5231CB,2026-01-20T20:28:16.3844191Z,12,2026-01-20T20:28:28.783052756Z,null,2026-01-20T20:31:12.096869342Z,true,2026-01-20T20:28:28.705129278Z,true,2026-01-20T20:28:28.705129278Z,ended,2026-01-20T20:31:12.124611555Z,"{""advice"":""Try to get the best outcome for yourself."",""adviceType"":""noCG"",""chatEnabled"":false,""numRounds"":13,""playerCount"":2}",2026-01-20T20:25:01.443368322Z,noCG_selfish,2026-01-20T20:25:01.443368322Z
01KFEHAMB65F4EHHS2KPJ10RVS,2,2026-01-20T20:51:52.100219972Z,01KFEHAM72H3ZNN8G0T2BCT79K,2026-01-20T20:25:20.486540704Z,true,2026-01-20T20:55:49.251271612Z,disconnected,2026-01-20T20:55:49.133148083Z,01KFEHAMFCXTY4QVKR51XT47CW,2026-01-20T20:25:20.623159578Z,01KFEJTBXEYN5W1AZXCJNA3Z61,2026-01-20T20:51:24.729077818Z,12,2026-01-20T20:51:52.251962064Z,null,2026-01-20T20:55:49.251271612Z,true,2026-01-20T20:51:52.100219972Z,true,2026-01-20T20:51:52.100219972Z,ended,2026-01-20T20:55:49.133148083Z,"{""advice"":""Try to get the best outcome for yourself."",""adviceType"":""CG"",""numRounds"":13,""playerCount"":2}",2026-01-20T20:25:20.486540704Z,CG_selfish,2026-01-20T20:25:20.486540704Z
01KFEKPB3P1V7ST5S45XNY9WXF,,,01KFEKP9631FDC5MHAJ7BGRGH7,2026-01-20T21:06:41.398613255Z,false,2026-01-20T21:06:41.398613255Z,,,01KFEKPEQWZ9F061NZMX0HJ5W8,2026-01-20T21:06:45.125434856Z,,,,,,,false,2026-01-20T21:06:41.398613255Z,,,,,"{""advice"":""Try to get the best outcome for yourself."",""adviceType"":""CG"",""numRounds"":13,""playerCount"":2}",2026-01-20T21:06:41.398613255Z,CG_selfish,2026-01-20T21:06:41.398613255Z
01KFEKPB92S6G95K53J8Q0GM7K,,,01KFEKP98SXWQCN47RMG8J9AT4,2026-01-20T21:06:41.570656805Z,false,2026-01-20T21:06:41.570656805Z,,,01KFEKPF7RSWFN0AXAMMAG51TC,2026-01-20T21:06:45.635657807Z,,,,,,,false,2026-01-20T21:06:41.570656805Z,,,,,"{""advice"":""Try to find an outcome that's fair for both of you."",""adviceType"":""CG"",""chatEnabled"":false,""numRounds"":13,""playerCount"":2}",2026-01-20T21:06:41.570656805Z,CG_cooperate,2026-01-20T21:06:41.570656805Z
01KFEJ5C9GH4AY8ZGH2GW9N320,2,2026-01-20T20:49:12.722584221Z,01KFEJ5C7H3Z5SGPPT0TCGAEB2,2026-01-20T20:39:56.976543571Z,true,2026-01-20T20:50:48.491584773Z,disconnected,2026-01-20T20:50:48.346752513Z,01KFEJ5CK23FGR0J3QTMZ2AG7R,2026-01-20T20:39:57.284966277Z,01KFEJHW3E82B1F4F3ENQQNNER,2026-01-20T20:46:46.387990125Z,12,2026-01-20T20:49:13.183715535Z,null,2026-01-20T20:50:48.491584773Z,true,2026-01-20T20:49:12.722584221Z,true,2026-01-20T20:49:12.722584221Z,ended,2026-01-20T20:50:48.346752513Z,"{""advice"":""Try to find an outcome that's fair for both of you."",""adviceType"":""noCG"",""chatEnabled"":false,""numRounds"":13,""playerCount"":2}",2026-01-20T20:39:56.976543571Z,noCG_cooperate,2026-01-20T20:39:56.976543571Z
01KFEKPBM3N1FPRMNQXMR4V22E,,,01KFEKP9D2Z06N5VQ3GT2K4M7H,2026-01-20T21:06:41.92377066Z,false,2026-01-20T21:06:41.92377066Z,,,01KFEKPGDFEP36ZRS2QADG91H1,2026-01-20T21:06:46.84235716Z,,,,,,,false,2026-01-20T21:06:41.92377066Z,,,,,"{""advice"":""Try to get the best outcome for yourself."",""adviceType"":""CG"",""numRounds"":13,""playerCount"":2}",2026-01-20T21:06:41.92377066Z,CG_selfish,2026-01-20T21:06:41.92377066Z
01KFEDCCHGZS8158VZSSNCZZHP,2,2026-01-20T19:52:06.105731536Z,01KFEDCCH0VMFH7P25F40PD43N,2026-01-20T19:16:23.728473084Z,true,2026-01-20T19:56:56.356975155Z,disconnected,2026-01-20T19:56:56.316895899Z,01KFEDCCM20K0557YBYPQA62XP,2026-01-20T19:16:23.812947565Z,01KFEEZ5A1XR3AW8M555G2MMQG,2026-01-20T19:44:07.494100213Z,12,2026-01-20T19:52:06.215774859Z,null,2026-01-20T19:56:56.356975155Z,true,2026-01-20T19:52:06.105731536Z,true,2026-01-20T19:52:06.105731536Z,ended,2026-01-20T19:56:56.316895899Z,"{""advice"":""Try to find an outcome that's fair for both of you."",""adviceType"":""CG"",""chatEnabled"":false,""numRounds"":13,""playerCount"":2}",2026-01-20T19:16:23.728473084Z,CG_cooperate,2026-01-20T19:16:23.728473084Z
01KFEDCAVXCN1BR0PV518R81QD,2,2026-01-20T19:52:19.441170975Z,01KFEDCAVEZK3QD8ZFC2PP83WE,2026-01-20T19:16:22.013692179Z,true,2026-01-20T19:56:28.409636009Z,disconnected,2026-01-20T19:56:28.376191677Z,01KFEDCAWN1Z3884R89ESHZV0B,2026-01-20T19:16:22.039396622Z,01KFEFE0YBSH4Q9F17R13TNW1C,2026-01-20T19:52:14.545866398Z,12,2026-01-20T19:52:19.510057814Z,null,2026-01-20T19:56:28.409636009Z,true,2026-01-20T19:52:19.441170975Z,true,2026-01-20T19:52:19.441170975Z,ended,2026-01-20T19:56:28.376191677Z,"{""advice"":""Try to find an outcome that's fair for both of you."",""adviceType"":""CG"",""chatEnabled"":false,""numRounds"":13,""playerCount"":2}",2026-01-20T19:16:22.013692179Z,CG_cooperate,2026-01-20T19:16:22.013692179Z
01KFEDCB86CRTSSJ6JG7B2HS7E,2,2026-01-20T19:36:39.430330747Z,01KFEDCB7P38BTZ4ACVDP6P0XN,2026-01-20T19:16:22.406594998Z,true,2026-01-20T19:38:10.910875114Z,disconnected,2026-01-20T19:38:10.879242097Z,01KFEDCBCFATHQECJW9J8NP711,2026-01-20T19:16:22.545085663Z,01KFEE9ZENEVEGRCHGJCB7KVKZ,2026-01-20T19:32:33.369657115Z,12,2026-01-20T19:36:39.475343773Z,null,2026-01-20T19:38:10.910875114Z,true,2026-01-20T19:36:39.430330747Z,true,2026-01-20T19:36:39.430330747Z,ended,2026-01-20T19:38:10.879242097Z,"{""advice"":""Try to find an outcome that's fair for both of you."",""adviceType"":""noCG"",""chatEnabled"":false,""numRounds"":13,""playerCount"":2}",2026-01-20T19:16:22.406594998Z,noCG_cooperate,2026-01-20T19:16:22.406594998Z
01KFEHA25QS717K28J0SK0Z44C,2,2026-01-20T20:36:41.263627001Z,01KFEHA20TFYVSSENV0N2723W5,2026-01-20T20:25:01.879562283Z,true,2026-01-20T20:39:34.581399673Z,disconnected,2026-01-20T20:39:34.506801717Z,01KFEHA28D4HMZY1PXZWM5X40E,2026-01-20T20:25:01.967381183Z,01KFEHXVVMFEN1H1K5T56DK35X,2026-01-20T20:35:50.779723281Z,12,2026-01-20T20:36:41.455712369Z,null,2026-01-20T20:39:34.581399673Z,true,2026-01-20T20:36:41.263627001Z,true,2026-01-20T20:36:41.263627001Z,ended,2026-01-20T20:39:34.506801717Z,"{""advice"":""Try to get the best outcome for yourself."",""adviceType"":""CG"",""numRounds"":13,""playerCount"":2}",2026-01-20T20:25:01.879562283Z,CG_selfish,2026-01-20T20:25:01.879562283Z
01KFEHAKXN2MEYZPYFWGXWQ2JK,2,2026-01-20T20:40:14.93177343Z,01KFEHAKWNS08RQENHQ36ND5GA,2026-01-20T20:25:20.053517996Z,true,2026-01-20T20:40:52.691160235Z,disconnected,2026-01-20T20:40:52.629393162Z,01KFEHAM0MP55TFVF9DPJ4SYNB,2026-01-20T20:25:20.150036046Z,01KFEJ4K8A1X3REHD5SC70D4XS,2026-01-20T20:39:31.346289632Z,12,2026-01-20T20:40:15.194734122Z,null,2026-01-20T20:40:52.691160235Z,true,2026-01-20T20:40:14.93177343Z,true,2026-01-20T20:40:14.93177343Z,ended,2026-01-20T20:40:52.629393162Z,"{""advice"":""Try to get the best outcome for yourself."",""adviceType"":""CG"",""numRounds"":13,""playerCount"":2}",2026-01-20T20:25:20.053517996Z,CG_selfish,2026-01-20T20:25:20.053517996Z
01KFEKHZPE52V00NFFWQ68WC0W,,,01KFEKHQDC2K693XFM5ANS8DHE,2026-01-20T21:04:18.638398499Z,false,2026-01-20T21:04:18.638398499Z,shared lobby timeout,2026-01-20T21:34:24.493905301Z,01KFEKJ8Y5035Y5H8Z0K2YB5GF,2026-01-20T21:04:28.11052758Z,01KFEMZY7X2DZBTA9MHACH26MF,2026-01-20T21:29:24.489363396Z,,,,,false,2026-01-20T21:04:18.638398499Z,,,failed,2026-01-20T21:34:24.493905301Z,"{""advice"":""Try to get the best outcome for yourself."",""adviceType"":""CG"",""numRounds"":13,""playerCount"":2}",2026-01-20T21:04:18.638398499Z,CG_selfish,2026-01-20T21:04:18.638398499Z
01KFEHAM4AZFDTAG8DR1VA4141,2,2026-01-20T20:48:14.906455432Z,01KFEHAM0SBSN9QYCK4NGJTWCC,2026-01-20T20:25:20.266384879Z,true,2026-01-20T20:54:03.109687969Z,end of game,2026-01-20T20:54:03.163350649Z,01KFEHAM8SP0KJ2GV0BQKNYJGZ,2026-01-20T20:25:20.413422437Z,01KFEJJYJ194W1ZM2PN0MRE1YF,2026-01-20T20:47:21.675197143Z,12,2026-01-20T20:48:15.245921656Z,null,2026-01-20T20:54:03.109687969Z,true,2026-01-20T20:48:14.906455432Z,true,2026-01-20T20:48:14.906455432Z,ended,2026-01-20T20:54:03.163350649Z,"{""advice"":""Try to get the best outcome for yourself."",""adviceType"":""noCG"",""chatEnabled"":false,""numRounds"":13,""playerCount"":2}",2026-01-20T20:25:20.266384879Z,noCG_selfish,2026-01-20T20:25:20.266384879Z
01KFEJ5DNDE8JNQCKKCXNMH9CD,2,2026-01-20T21:04:06.765028371Z,01KFEJ5DKDD8ED3R70AXWWV7TA,2026-01-20T20:39:58.38190282Z,true,2026-01-20T21:08:56.684446898Z,disconnected,2026-01-20T21:08:56.149397815Z,01KFEJ5DT95RYSKWE0ZA79TAC2,2026-01-20T20:39:58.541762819Z,01KFEKHG3RW1V47MNZNEF78J26,2026-01-20T21:04:02.695358122Z,12,2026-01-20T21:04:07.408289842Z,null,2026-01-20T21:08:56.684446898Z,true,2026-01-20T21:04:06.765028371Z,true,2026-01-20T21:04:06.765028371Z,ended,2026-01-20T21:08:56.149397815Z,"{""advice"":""Try to find an outcome that's fair for both of you."",""adviceType"":""CG"",""chatEnabled"":false,""numRounds"":13,""playerCount"":2}",2026-01-20T20:39:58.38190282Z,CG_cooperate,2026-01-20T20:39:58.38190282Z
01KFEJ5DPRA3SJMDJ397B8T8C1,2,2026-01-20T20:59:29.747378293Z,01KFEJ5DKDD8ED3R70AXWWV7TA,2026-01-20T20:39:58.424791702Z,true,2026-01-20T21:05:28.629373633Z,end of game,2026-01-20T21:05:28.895159551Z,01KFEJ5E25NKPDENESVJMDK3MR,2026-01-20T20:39:58.794766711Z,01KFEK8V8PSTG8VA8BBVC7CTTD,2026-01-20T20:59:19.197770609Z,12,2026-01-20T20:59:29.908992131Z,null,2026-01-20T21:05:28.629373633Z,true,2026-01-20T20:59:29.747378293Z,true,2026-01-20T20:59:29.747378293Z,ended,2026-01-20T21:05:28.895159551Z,"{""advice"":""Try to get the best outcome for yourself."",""adviceType"":""CG"",""numRounds"":13,""playerCount"":2}",2026-01-20T20:39:58.424791702Z,CG_selfish,2026-01-20T20:39:58.424791702Z
01KFEJ5EAJ40EATTXX516KCMR1,2,2026-01-20T21:01:08.570295693Z,01KFEJ5E832Q64ZNG3ZKPXGHJ5,2026-01-20T20:39:59.058553454Z,true,2026-01-20T21:06:28.308385467Z,disconnected,2026-01-20T21:06:27.583254543Z,01KFEJ5EKF0AS27SX0SQHK48EN,2026-01-20T20:39:59.347886383Z,01KFEKA425N45YKS05XD6DAT42,2026-01-20T21:00:00.977050233Z,12,2026-01-20T21:01:09.077996566Z,null,2026-01-20T21:06:28.308385467Z,true,2026-01-20T21:01:08.570295693Z,true,2026-01-20T21:01:08.570295693Z,ended,2026-01-20T21:06:27.583254543Z,"{""advice"":""Try to get the best outcome for yourself."",""adviceType"":""CG"",""numRounds"":13,""playerCount"":2}",2026-01-20T20:39:59.058553454Z,CG_selfish,2026-01-20T20:39:59.058553454Z
01KFEKHX0GFP3226G2XP5V5QA7,2,2026-01-20T21:19:03.951759207Z,01KFEKHPC1MSE3FJ7DBY2FGY2F,2026-01-20T21:04:15.888212986Z,true,2026-01-20T21:24:38.014279563Z,end of game,2026-01-20T21:24:39.394467166Z,01KFEKJ17VMC316V7RCW6E4S91,2026-01-20T21:04:20.22930405Z,01KFEMBE021M4TQ18PYM2NN1ZJ,2026-01-20T21:18:12.504768636Z,12,2026-01-20T21:19:04.462497498Z,null,2026-01-20T21:24:38.014279563Z,true,2026-01-20T21:19:03.951759207Z,true,2026-01-20T21:19:03.951759207Z,ended,2026-01-20T21:24:39.394467166Z,"{""advice"":""Try to get the best outcome for yourself."",""adviceType"":""noCG"",""chatEnabled"":false,""numRounds"":13,""playerCount"":2}",2026-01-20T21:04:15.888212986Z,noCG_selfish,2026-01-20T21:04:15.888212986Z
01KFEMKTHGZDMAQ2HNSA4958DF,,,01KFEMKFJ0DS96JFVBDWGQKE1B,2026-01-20T21:22:47.472964787Z,false,2026-01-20T21:22:47.472964787Z,,,01KFEMM311JSTPCGSAJ7TG436M,2026-01-20T21:22:56.174620287Z,,,,,,,false,2026-01-20T21:22:47.472964787Z,,,,,"{""advice"":""Try to find an outcome that's fair for both of you."",""adviceType"":""CG"",""chatEnabled"":false,""numRounds"":13,""playerCount"":2}",2026-01-20T21:22:47.472964787Z,CG_cooperate,2026-01-20T21:22:47.472964787Z
01KFEKHX1P9ZX6RDK1X5H16NSJ,2,2026-01-20T21:15:26.708973214Z,01KFEKHPC1MSE3FJ7DBY2FGY2F,2026-01-20T21:04:15.92621623Z,true,2026-01-20T21:21:08.171842921Z,end of game,2026-01-20T21:21:08.981592949Z,01KFEKJ1E6YM3CH1JNNCX8ZDZ7,2026-01-20T21:04:20.431951973Z,01KFEM5E4VGM0WYD5RZ49529PG,2026-01-20T21:14:56.04731004Z,12,2026-01-20T21:15:27.535627668Z,null,2026-01-20T21:21:08.171842921Z,true,2026-01-20T21:15:26.708973214Z,true,2026-01-20T21:15:26.708973214Z,ended,2026-01-20T21:21:08.981592949Z,"{""advice"":""Try to get the best outcome for yourself."",""adviceType"":""CG"",""numRounds"":13,""playerCount"":2}",2026-01-20T21:04:15.92621623Z,CG_selfish,2026-01-20T21:04:15.92621623Z
01KFEKP8W8ADNMA0AV6B90SNDB,,,01KFEKP8JTD09P5KZK5HC45AYH,2026-01-20T21:06:39.112835934Z,false,2026-01-20T21:06:39.112835934Z,shared lobby timeout,2026-01-20T21:47:34.779195342Z,01KFEKPAAR0TFQRDK57WH69A5Z,2026-01-20T21:06:40.610978163Z,01KFENR208172MS0PDMZYF3YVM,2026-01-20T21:42:34.773982588Z,,,,,false,2026-01-20T21:06:39.112835934Z,,,failed,2026-01-20T21:47:34.779195342Z,"{""advice"":""Try to get the best outcome for yourself."",""adviceType"":""CG"",""numRounds"":13,""playerCount"":2}",2026-01-20T21:06:39.112835934Z,CG_selfish,2026-01-20T21:06:39.112835934Z
01KFEMKVZTSTGCD2DRQ3VZC8QT,,,01KFEMKFT1H7SYGZMVPDJJCF0A,2026-01-20T21:22:48.954413375Z,false,2026-01-20T21:22:48.954413375Z,,,01KFEMM4DNW538C99DC7F2C4W3,2026-01-20T21:22:57.603597133Z,,,,,,,false,2026-01-20T21:22:48.954413375Z,,,,,"{""advice"":""Try to get the best outcome for yourself."",""adviceType"":""noCG"",""chatEnabled"":false,""numRounds"":13,""playerCount"":2}",2026-01-20T21:22:48.954413375Z,noCG_selfish,2026-01-20T21:22:48.954413375Z
01KFEDCAVZJC7DD4AH1RF6NR9W,2,2026-01-20T19:53:08.912668272Z,01KFEDCAVEZK3QD8ZFC2PP83WE,2026-01-20T19:16:22.015995664Z,true,2026-01-20T19:55:54.249203331Z,end of game,2026-01-20T19:55:54.263076553Z,01KFEDCAX4B1XA7666EJ8YYHW6,2026-01-20T19:16:22.054750024Z,01KFEFEJ8ZK3MF5QNF29CXF4N1,2026-01-20T19:52:32.293117606Z,12,2026-01-20T19:53:08.979135258Z,null,2026-01-20T19:55:54.249203331Z,true,2026-01-20T19:53:08.912668272Z,true,2026-01-20T19:53:08.912668272Z,ended,2026-01-20T19:55:54.263076553Z,"{""advice"":""Try to get the best outcome for yourself."",""adviceType"":""CG"",""numRounds"":13,""playerCount"":2}",2026-01-20T19:16:22.015995664Z,CG_selfish,2026-01-20T19:16:22.015995664Z
01KFEDCCBE716PRHN8QE61SVB8,2,2026-01-20T19:39:51.800818736Z,01KFEDCCAW3ZY6KSKNHTKZ971F,2026-01-20T19:16:23.534801511Z,true,2026-01-20T19:39:59.817282761Z,disconnected,2026-01-20T19:39:59.784366996Z,01KFEDCCDKPN16CE51MARXHYGT,2026-01-20T19:16:23.605776327Z,01KFEENM4RE06T0RGPZQTSM79D,2026-01-20T19:38:55.005815032Z,12,2026-01-20T19:39:51.863056095Z,null,2026-01-20T19:39:59.817282761Z,true,2026-01-20T19:39:51.800818736Z,true,2026-01-20T19:39:51.800818736Z,ended,2026-01-20T19:39:59.784366996Z,"{""advice"":""Try to find an outcome that's fair for both of you."",""adviceType"":""noCG"",""chatEnabled"":false,""numRounds"":13,""playerCount"":2}",2026-01-20T19:16:23.534801511Z,noCG_cooperate,2026-01-20T19:16:23.534801511Z
01KFEHAMBA8MCT3G2N9WQDMPVA,2,2026-01-20T20:45:28.179769439Z,01KFEHAM72H3ZNN8G0T2BCT79K,2026-01-20T20:25:20.491000606Z,true,2026-01-20T20:47:47.857881812Z,disconnected,2026-01-20T20:47:47.776397788Z,01KFEHAMGS0CBW990CY2K9QTGV,2026-01-20T20:25:20.667579328Z,01KFEJDGRJG1VE8DKWEG9V4K1F,2026-01-20T20:44:23.703793754Z,12,2026-01-20T20:45:28.322883474Z,null,2026-01-20T20:47:47.857881812Z,true,2026-01-20T20:45:28.179769439Z,true,2026-01-20T20:45:28.179769439Z,ended,2026-01-20T20:47:47.776397788Z,"{""advice"":""Try to find an outcome that's fair for both of you."",""adviceType"":""noCG"",""chatEnabled"":false,""numRounds"":13,""playerCount"":2}",2026-01-20T20:25:20.491000606Z,noCG_cooperate,2026-01-20T20:25:20.491000606Z
01KFEKPB079M2WCJ3ZBFAHR1JD,,,01KFEKP9631FDC5MHAJ7BGRGH7,2026-01-20T21:06:41.287171559Z,false,2026-01-20T21:06:41.287171559Z,,,01KFEKPE8KRN3N87ZRQAGS4P1N,2026-01-20T21:06:44.632022969Z,,,,,,,false,2026-01-20T21:06:41.287171559Z,,,,,"{""advice"":""Try to find an outcome that's fair for both of you."",""adviceType"":""CG"",""chatEnabled"":false,""numRounds"":13,""playerCount"":2}",2026-01-20T21:06:41.287171559Z,CG_cooperate,2026-01-20T21:06:41.287171559Z
01KFEHAKMHNYFE3MQRK8FHXJ0Z,2,2026-01-20T20:46:20.368472563Z,01KFEHAKK9QMW81MWT2FF1CSZA,2026-01-20T20:25:19.762010603Z,true,2026-01-20T20:49:07.718385229Z,disconnected,2026-01-20T20:49:07.628816677Z,01KFEHAKT8C8GHDMNDKS9P4BEY,2026-01-20T20:25:19.947278491Z,01KFEJH0FJ5295TY1ZFVQXE80K,2026-01-20T20:46:18.104013773Z,12,2026-01-20T20:46:20.495359258Z,null,2026-01-20T20:49:07.718385229Z,true,2026-01-20T20:46:20.368472563Z,true,2026-01-20T20:46:20.368472563Z,ended,2026-01-20T20:49:07.628816677Z,"{""advice"":""Try to get the best outcome for yourself."",""adviceType"":""noCG"",""chatEnabled"":false,""numRounds"":13,""playerCount"":2}",2026-01-20T20:25:19.762010603Z,noCG_selfish,2026-01-20T20:25:19.762010603Z
01KFEJ5DNSX5Y5MH73PBQYYZM3,2,2026-01-20T21:05:45.062489397Z,01KFEJ5DKDD8ED3R70AXWWV7TA,2026-01-20T20:39:58.393056084Z,true,2026-01-20T21:12:33.168768539Z,end of game,2026-01-20T21:12:33.264764283Z,01KFEJ5DWYAFGRT554R5YJ2AMS,2026-01-20T20:39:58.627101549Z,01KFEKKCGD1VXN5XZY094W1275,2026-01-20T21:05:04.536962434Z,12,2026-01-20T21:05:49.326083249Z,null,2026-01-20T21:12:33.168768539Z,true,2026-01-20T21:05:45.062489397Z,true,2026-01-20T21:05:45.062489397Z,ended,2026-01-20T21:12:33.264764283Z,"{""advice"":""Try to find an outcome that's fair for both of you."",""adviceType"":""noCG"",""chatEnabled"":false,""numRounds"":13,""playerCount"":2}",2026-01-20T20:39:58.393056084Z,noCG_cooperate,2026-01-20T20:39:58.393056084Z
01KFEKPARRGKN060WSHP4MXPVN,2,2026-01-20T21:22:16.299982806Z,01KFEKP90DN3N51AVE1856PVFP,2026-01-20T21:06:41.048757775Z,true,2026-01-20T21:31:33.309101497Z,end of game,2026-01-20T21:31:33.689761969Z,01KFEKPDC22PMKNX0ECZBFXW4H,2026-01-20T21:06:43.719240376Z,01KFEMJFA7S6WA8X84GM6C1FXG,2026-01-20T21:22:03.225964533Z,12,2026-01-20T21:22:17.405001482Z,null,2026-01-20T21:31:33.309101497Z,true,2026-01-20T21:22:16.299982806Z,true,2026-01-20T21:22:16.299982806Z,ended,2026-01-20T21:31:33.689761969Z,"{""advice"":""Try to get the best outcome for yourself."",""adviceType"":""noCG"",""chatEnabled"":false,""numRounds"":13,""playerCount"":2}",2026-01-20T21:06:41.048757775Z,noCG_selfish,2026-01-20T21:06:41.048757775Z
01KFEDCC2H4Q6K3D4MB3YZWMX6,,,01KFEDCC1ZHDDN3CP9JWF4PGTF,2026-01-20T19:16:23.249429086Z,false,2026-01-20T19:16:23.249429086Z,shared lobby timeout,2026-01-20T19:28:34.910379977Z,01KFEDCC3GHBFX7DGYEHZXFH9V,2026-01-20T19:16:23.282186152Z,01KFEDSHKRZXTY02TFT4G1NJT7,2026-01-20T19:23:34.908151379Z,,,,,false,2026-01-20T19:16:23.249429086Z,,,failed,2026-01-20T19:28:34.910379977Z,"{""advice"":""Try to get the best outcome for yourself."",""adviceType"":""noCG"",""chatEnabled"":false,""numRounds"":13,""playerCount"":2}",2026-01-20T19:16:23.249429086Z,noCG_selfish,2026-01-20T19:16:23.249429086Z
01KFEDCC2JDADMPT5RVZQ93BA8,2,2026-01-20T19:24:42.171578635Z,01KFEDCC1ZHDDN3CP9JWF4PGTF,2026-01-20T19:16:23.25082086Z,true,2026-01-20T19:27:14.064051553Z,end of game,2026-01-20T19:27:14.071647038Z,01KFEDCC5880M8XPBDB6EADF3K,2026-01-20T19:16:23.338722348Z,01KFEDVFK132WK6XVHB9V1X4SD,2026-01-20T19:24:38.373952033Z,12,2026-01-20T19:24:42.206542453Z,null,2026-01-20T19:27:14.064051553Z,true,2026-01-20T19:24:42.171578635Z,true,2026-01-20T19:24:42.171578635Z,ended,2026-01-20T19:27:14.071647038Z,"{""advice"":""Try to find an outcome that's fair for both of you."",""adviceType"":""noCG"",""chatEnabled"":false,""numRounds"":13,""playerCount"":2}",2026-01-20T19:16:23.25082086Z,noCG_cooperate,2026-01-20T19:16:23.25082086Z
01KFEDCCHJADFRJT5F5VJ9ST9F,2,2026-01-20T19:40:30.830927201Z,01KFEDCCH0VMFH7P25F40PD43N,2026-01-20T19:16:23.730423751Z,true,2026-01-20T19:43:10.595206678Z,end of game,2026-01-20T19:43:10.610804726Z,01KFEDCCKH8QH6VNRDNSVBE23V,2026-01-20T19:16:23.795116975Z,01KFEER8KQCF1A3ST3ZFQJB1Z4,2026-01-20T19:40:21.500240727Z,12,2026-01-20T19:40:30.889693376Z,null,2026-01-20T19:43:10.595206678Z,true,2026-01-20T19:40:30.830927201Z,true,2026-01-20T19:40:30.830927201Z,ended,2026-01-20T19:43:10.610804726Z,"{""advice"":""Try to find an outcome that's fair for both of you."",""adviceType"":""noCG"",""chatEnabled"":false,""numRounds"":13,""playerCount"":2}",2026-01-20T19:16:23.730423751Z,noCG_cooperate,2026-01-20T19:16:23.730423751Z
01KFEHA1QMX5DYGHPSSSP2RXXX,2,2026-01-20T20:32:41.393519365Z,01KFEHA1MRJDJA6FNTED28Z8HF,2026-01-20T20:25:01.429030508Z,true,2026-01-20T20:35:09.600257301Z,end of game,2026-01-20T20:35:09.62429997Z,01KFEHA1V4GK13SMQGQTAKNTWV,2026-01-20T20:25:01.545798916Z,01KFEHQ0162642VCRS59PYB03E,2026-01-20T20:32:05.676042777Z,12,2026-01-20T20:32:41.468257143Z,null,2026-01-20T20:35:09.600257301Z,true,2026-01-20T20:32:41.393519365Z,true,2026-01-20T20:32:41.393519365Z,ended,2026-01-20T20:35:09.62429997Z,"{""advice"":""Try to find an outcome that's fair for both of you."",""adviceType"":""noCG"",""chatEnabled"":false,""numRounds"":13,""playerCount"":2}",2026-01-20T20:25:01.429030508Z,noCG_cooperate,2026-01-20T20:25:01.429030508Z
01KFEHAKM9HA0G83B6BNP2KSMS,2,2026-01-20T20:41:54.599944391Z,01KFEHAKK9QMW81MWT2FF1CSZA,2026-01-20T20:25:19.753509047Z,true,2026-01-20T20:44:24.064254885Z,disconnected,2026-01-20T20:44:23.938345836Z,01KFEHAKQHJQGRN13MS08XR90D,2026-01-20T20:25:19.86126742Z,01KFEJ54FH1KW23HV73NDNCKQM,2026-01-20T20:39:48.98462461Z,12,2026-01-20T20:41:54.700647084Z,null,2026-01-20T20:44:24.064254885Z,true,2026-01-20T20:41:54.599944391Z,true,2026-01-20T20:41:54.599944391Z,ended,2026-01-20T20:44:23.938345836Z,"{""advice"":""Try to find an outcome that's fair for both of you."",""adviceType"":""noCG"",""chatEnabled"":false,""numRounds"":13,""playerCount"":2}",2026-01-20T20:25:19.753509047Z,noCG_cooperate,2026-01-20T20:25:19.753509047Z
01KFEHAMB21FYRXZN71VHCADQA,2,2026-01-20T20:50:00.982184772Z,01KFEHAM72H3ZNN8G0T2BCT79K,2026-01-20T20:25:20.482847388Z,true,2026-01-20T20:54:59.521274115Z,disconnected,2026-01-20T20:54:59.398117708Z,01KFEHAMDXGF70FH5Z5M6ZYBK6,2026-01-20T20:25:20.576887381Z,01KFEJNX1J7JF1NV2W623FS6N0,2026-01-20T20:48:58.425363698Z,12,2026-01-20T20:50:01.982932661Z,null,2026-01-20T20:54:59.521274115Z,true,2026-01-20T20:50:00.982184772Z,true,2026-01-20T20:50:00.982184772Z,ended,2026-01-20T20:54:59.398117708Z,"{""advice"":""Try to get the best outcome for yourself."",""adviceType"":""noCG"",""chatEnabled"":false,""numRounds"":13,""playerCount"":2}",2026-01-20T20:25:20.482847388Z,noCG_selfish,2026-01-20T20:25:20.482847388Z
01KFEKP8XSM79AKX2R2M3XTV0P,2,2026-01-20T21:21:21.165834788Z,01KFEKP8JTD09P5KZK5HC45AYH,2026-01-20T21:06:39.161187047Z,true,2026-01-20T21:26:54.99959846Z,disconnected,2026-01-20T21:26:54.730072191Z,01KFEKPAHH94MAAM312N902RVD,2026-01-20T21:06:40.827287099Z,01KFEMGW0DSHRST568CK476WSF,2026-01-20T21:21:10.69182257Z,12,2026-01-20T21:21:21.491283491Z,null,2026-01-20T21:26:54.99959846Z,true,2026-01-20T21:21:21.165834788Z,true,2026-01-20T21:21:21.165834788Z,ended,2026-01-20T21:26:54.730072191Z,"{""advice"":""Try to get the best outcome for yourself."",""adviceType"":""noCG"",""chatEnabled"":false,""numRounds"":13,""playerCount"":2}",2026-01-20T21:06:39.161187047Z,noCG_selfish,2026-01-20T21:06:39.161187047Z
01KFEDC9FHECNJXE9XQY06NB5G,2,2026-01-20T19:54:43.873960873Z,01KFEDC9EK94N2WNCHE5RRQHCJ,2026-01-20T19:16:20.593694663Z,true,2026-01-20T19:55:38.722074952Z,disconnected,2026-01-20T19:55:38.694143339Z,01KFEDC9HF31MWJXEGT88VSZCB,2026-01-20T19:16:20.658565047Z,01KFEFGFNWGCD6QFF736S48GDT,2026-01-20T19:53:35.169008937Z,12,2026-01-20T19:54:43.933714563Z,null,2026-01-20T19:55:38.722074952Z,true,2026-01-20T19:54:43.873960873Z,true,2026-01-20T19:54:43.873960873Z,ended,2026-01-20T19:55:38.694143339Z,"{""advice"":""Try to get the best outcome for yourself."",""adviceType"":""CG"",""numRounds"":13,""playerCount"":2}",2026-01-20T19:16:20.593694663Z,CG_selfish,2026-01-20T19:16:20.593694663Z
01KFEDCAVZJC7DD4AH1B24TEC6,2,2026-01-20T19:56:20.232796101Z,01KFEDCAVEZK3QD8ZFC2PP83WE,2026-01-20T19:16:22.015637353Z,true,2026-01-20T20:00:47.36741438Z,end of game,2026-01-20T20:00:47.389832733Z,01KFEDCAXNG8RE00X7JPWTTB9G,2026-01-20T19:16:22.071349293Z,01KFEFG4ESQRZPS722R40GF0VC,2026-01-20T19:53:23.677608638Z,12,2026-01-20T19:56:20.300899884Z,null,2026-01-20T20:00:47.36741438Z,true,2026-01-20T19:56:20.232796101Z,true,2026-01-20T19:56:20.232796101Z,ended,2026-01-20T20:00:47.389832733Z,"{""advice"":""Try to find an outcome that's fair for both of you."",""adviceType"":""noCG"",""chatEnabled"":false,""numRounds"":13,""playerCount"":2}",2026-01-20T19:16:22.015637353Z,noCG_cooperate,2026-01-20T19:16:22.015637353Z
01KFEJ5CS2BBW0C98ZJ5JAS2PG,2,2026-01-20T20:56:28.394387452Z,01KFEJ5CPJ5RGARFNN6Z0PCT4Q,2026-01-20T20:39:57.474419566Z,true,2026-01-20T21:00:37.787355791Z,disconnected,2026-01-20T21:00:37.67152298Z,01KFEJ5D22VSXEDBTQHK9E6Z0S,2026-01-20T20:39:57.766997579Z,01KFEK0X7PB8B967NPBXCGARFJ,2026-01-20T20:54:59.073912734Z,12,2026-01-20T20:56:28.576251257Z,null,2026-01-20T21:00:37.787355791Z,true,2026-01-20T20:56:28.394387452Z,true,2026-01-20T20:56:28.394387452Z,ended,2026-01-20T21:00:37.67152298Z,"{""advice"":""Try to get the best outcome for yourself."",""adviceType"":""CG"",""numRounds"":13,""playerCount"":2}",2026-01-20T20:39:57.474419566Z,CG_selfish,2026-01-20T20:39:57.474419566Z
01KFEKP9K5WQ5XD39HSBQK0JRC,2,2026-01-20T21:21:37.48589953Z,01KFEKP8Q074SQPRS20YJEHHNT,2026-01-20T21:06:39.845967761Z,true,2026-01-20T21:29:01.066691513Z,disconnected,2026-01-20T21:29:00.764968955Z,01KFEKPCEPFHETMKKVZA2KK63J,2026-01-20T21:06:42.78386072Z,01KFEMHEAJN0181TNAJ612M7DY,2026-01-20T21:21:29.444532229Z,12,2026-01-20T21:21:39.379900486Z,null,2026-01-20T21:29:01.066691513Z,true,2026-01-20T21:21:37.48589953Z,true,2026-01-20T21:21:37.48589953Z,ended,2026-01-20T21:29:00.764968955Z,"{""advice"":""Try to get the best outcome for yourself."",""adviceType"":""noCG"",""chatEnabled"":false,""numRounds"":13,""playerCount"":2}",2026-01-20T21:06:39.845967761Z,noCG_selfish,2026-01-20T21:06:39.845967761Z
01KFEKPBCT42K2ERMWF4694517,,,01KFEKP98SXWQCN47RMG8J9AT4,2026-01-20T21:06:41.690739956Z,false,2026-01-20T21:06:41.690739956Z,,,01KFEKPFQRMGZ4GWZ0QATN64FE,2026-01-20T21:06:46.147925977Z,,,,,,,false,2026-01-20T21:06:41.690739956Z,,,,,"{""advice"":""Try to get the best outcome for yourself."",""adviceType"":""CG"",""numRounds"":13,""playerCount"":2}",2026-01-20T21:06:41.690739956Z,CG_selfish,2026-01-20T21:06:41.690739956Z
