id,advice,adviceLastChangedAt,bonus,bonusLastChangedAt,endReason,endReasonLastChangedAt,ended,endedLastChangedAt,exitStep,exitStepLastChangedAt,exitStepDone,exitStepDoneLastChangedAt,exitSurvey,exitSurveyLastChangedAt,gameID,gameIDLastChangedAt,intro,introLastChangedAt,introDone,introDoneLastChangedAt,participantID,participantIDLastChangedAt,participantIdentifier,participantIdentifierLastChangedAt,treatment,treatmentLastChangedAt,treatmentName,treatmentNameLastChangedAt,urlParams,urlParamsLastChangedAt,writtenPlan,writtenPlanLastChangedAt
01KFEVA045MDV6WERMTEQ3VAYR,"{""advice"":""Try to get the best outcome for yourself.""}",2026-01-20T23:21:40.41524749Z,87,2026-01-20T23:25:25.976544303Z,,,game ended,2026-01-20T23:25:35.110160296Z,1,2026-01-20T23:26:45.403167812Z,,,"{""adviceFollowed"":""I think my partner did after I chose C the first round. "",""partnerAdvice"":"""",""feedback"":""No feedback or issues. Good luck on your research. ""}",2026-01-20T23:26:45.397192507Z,01KFEV378H0PY96RNMJFNCN7TE,2026-01-20T23:20:28.19628961Z,3,2026-01-20T23:21:40.41296376Z,true,2026-01-20T23:22:14.352534429Z,01KFEV9ZZXEE2C3ECC0CM9N7FF,2026-01-20T23:19:45.54114625Z,6684b71a5615b7da8e59ce56,2026-01-20T23:19:45.54114625Z,"{""advice"":""Try to get the best outcome for yourself."",""adviceType"":""CG"",""numRounds"":13,""playerCount"":2}",2026-01-20T23:19:45.554169482Z,CG_selfish,2026-01-20T23:19:45.554169482Z,"{""PROLIFIC_PID"":""6684b71a5615b7da8e59ce56"",""STUDY_ID"":""696fda5e11dcb61d45eea559"",""SESSION_ID"":""69700d7be70c37edb81c9929""}",2026-01-20T23:19:45.621196056Z,"{""plan"":""Try to gain as many points as possible while not causing issue for others. ""}",2026-01-20T23:22:14.353857334Z
01KFEVX608THP5F5HX3GYF0X1K,"{""advice"":""Try to get the best outcome for yourself.""}",2026-01-20T23:32:49.87458699Z,271,2026-01-20T23:36:07.213001783Z,,,game ended,2026-01-20T23:36:15.835221319Z,1,2026-01-20T23:36:41.60029903Z,,,"{""adviceFollowed"":""My partner just went the same spot every time, letting me have more money, so no."",""partnerAdvice"":"""",""feedback"":""""}",2026-01-20T23:36:41.592580034Z,01KFEVMNBC23RB4D79KEQ4G0VS,2026-01-20T23:33:11.356904769Z,3,2026-01-20T23:32:50.125029325Z,true,2026-01-20T23:33:30.613231144Z,01KFEVX51AE16TNFMH5EHF4T9K,2026-01-20T23:30:14.152221386Z,6917a5296df6d29ebb83b1f1,2026-01-20T23:30:14.152221386Z,"{""advice"":""Try to get the best outcome for yourself."",""adviceType"":""CG"",""numRounds"":13,""playerCount"":2}",2026-01-20T23:30:14.202008081Z,CG_selfish,2026-01-20T23:30:14.202008081Z,"{""PROLIFIC_PID"":""6917a5296df6d29ebb83b1f1"",""STUDY_ID"":""696fda5e11dcb61d45eea559"",""SESSION_ID"":""69700fd9456c32f9ec7af35b""}",2026-01-20T23:30:14.774372718Z,"{""plan"":""To coordinate with my partner to get an equal amount of money overall.""}",2026-01-20T23:33:30.60593327Z
01KFEVDMPGK2KG6CGRXX80WQ5A,"{""advice"":""Try to find an outcome that's fair for both of you.""}",2026-01-20T23:24:09.971378353Z,170,2026-01-20T23:28:15.426658287Z,,,game ended,2026-01-20T23:28:29.564801762Z,1,2026-01-20T23:29:42.612317775Z,,,"{""adviceFollowed"":"""",""partnerAdvice"":""Change position everytime, purcple color is better"",""feedback"":""No it was fun""}",2026-01-20T23:29:42.61811371Z,01KFEV37PYV9HETXX2PSGE1RKD,2026-01-20T23:24:22.444483329Z,3,2026-01-20T23:24:09.976758077Z,true,2026-01-20T23:24:53.205420475Z,01KFEVDM1WNZ15TH7N1TAYHCD0,2026-01-20T23:21:44.91268483Z,695c0c263b49e67395e42b71,2026-01-20T23:21:44.91268483Z,"{""advice"":""Try to find an outcome that's fair for both of you."",""adviceType"":""noCG"",""chatEnabled"":false,""numRounds"":13,""playerCount"":2}",2026-01-20T23:21:44.922393753Z,noCG_cooperate,2026-01-20T23:21:44.922393753Z,"{""PROLIFIC_PID"":""695c0c263b49e67395e42b71"",""STUDY_ID"":""696fda5e11dcb61d45eea559"",""SESSION_ID"":""69700dacdecd377dc68e18b4""}",2026-01-20T23:21:45.260955Z,"{""plan"":""I don't really understand the game very well, but I will give it a try.""}",2026-01-20T23:24:53.21041413Z
01KFEVWH8M80FFRA88HYSK2ZSQ,"{""advice"":""Try to get the best outcome for yourself.""}",2026-01-20T23:31:11.444638683Z,110,2026-01-20T23:34:12.919390706Z,,,game ended,2026-01-20T23:34:21.990540297Z,1,2026-01-20T23:35:25.479213937Z,,,"{""adviceFollowed"":""Kind of? It would be best if they kept selecting C as it pays most but they chose randomly like D which has lowest payout.\nThey failed to recognise my plan of always clicking B"",""partnerAdvice"":"""",""feedback"":""seems simple""}",2026-01-20T23:35:25.486233856Z,01KFEV385166A8JYCZ9G4DMHRQ,2026-01-20T23:32:02.886525475Z,3,2026-01-20T23:31:11.438009567Z,true,2026-01-20T23:32:29.732086481Z,01KFEVWGGPE2GHXPWSN1FKG4A9,2026-01-20T23:29:52.916996026Z,6960346345a00e7143b36147,2026-01-20T23:29:52.916996026Z,"{""advice"":""Try to get the best outcome for yourself."",""adviceType"":""CG"",""numRounds"":13,""playerCount"":2}",2026-01-20T23:29:52.93429305Z,CG_selfish,2026-01-20T23:29:52.93429305Z,"{""PROLIFIC_PID"":""6960346345a00e7143b36147"",""STUDY_ID"":""696fda5e11dcb61d45eea559"",""SESSION_ID"":""69700fc3def3f3f212e775e4""}",2026-01-20T23:29:53.342437278Z,"{""plan"":""I am going to always choose B regardless of what the other player picks. that way if they figure out what im doing we'll both earn points and if i miss out a little bit, its okay""}",2026-01-20T23:32:29.73791633Z
01KFEV4APCG117QZ1ZVXNKCJFC,"{""advice"":""Try to find an outcome that's fair for both of you.""}",2026-01-20T23:18:43.35535056Z,250,2026-01-20T23:20:43.142158384Z,,,game ended,2026-01-20T23:20:52.14292251Z,1,2026-01-20T23:21:49.20209605Z,,,"{""adviceFollowed"":"""",""partnerAdvice"":""He understood the strategy we were having"",""feedback"":""""}",2026-01-20T23:21:49.204216266Z,01KFEV2C08ND9C9BYW8N2T146P,2026-01-20T23:16:39.778075273Z,3,2026-01-20T23:18:43.354853486Z,true,2026-01-20T23:19:21.866671652Z,01KFEV4A6EENBQ4PM8DHDMP9WJ,2026-01-20T23:16:39.756308725Z,61254bf4ef0274a29a74762f,2026-01-20T23:16:39.756308725Z,"{""advice"":""Try to find an outcome that's fair for both of you."",""adviceType"":""noCG"",""chatEnabled"":false,""numRounds"":13,""playerCount"":2}",2026-01-20T23:16:39.778075273Z,noCG_cooperate,2026-01-20T23:16:39.778075273Z,"{""PROLIFIC_PID"":""61254bf4ef0274a29a74762f"",""STUDY_ID"":""696fda5e11dcb61d45eea559"",""SESSION_ID"":""69700cbf14d6620438b23a57""}",2026-01-20T23:16:40.0366374Z,"{""plan"":""I'll always go for A, maybe my partner notices and never choses it""}",2026-01-20T23:19:21.867255493Z
01KFEVAEMR7KCKTVXTZP5SV0DW,"{""advice"":""Try to get the best outcome for yourself.""}",2026-01-20T23:24:00.937600114Z,,,no game available,2026-01-20T23:27:30.421538299Z,game failed,2026-01-20T23:27:19.596987686Z,,,true,2026-01-20T23:27:30.678022654Z,"{""gamefailed"":""nogame""}",2026-01-20T23:27:30.416062618Z,01KFEV37DDWATEP2WW25T4XFVW,2026-01-20T23:22:14.368787038Z,3,2026-01-20T23:24:01.194999168Z,,,01KFEVADM8SAHEX4FXSTV0S260,2026-01-20T23:20:00.408200867Z,6097ec1a8c0b4df21cbb9024,2026-01-20T23:20:00.408200867Z,"{""advice"":""Try to get the best outcome for yourself."",""adviceType"":""CG"",""numRounds"":13,""playerCount"":2}",2026-01-20T23:20:00.421404493Z,CG_selfish,2026-01-20T23:20:00.421404493Z,"{""PROLIFIC_PID"":""6097ec1a8c0b4df21cbb9024"",""STUDY_ID"":""696fda5e11dcb61d45eea559"",""SESSION_ID"":""69700d2d9a883559b88cf6ed""}",2026-01-20T23:20:00.955697149Z,,
01KFEVD9ZATE7H5N364WWPAV31,"{""advice"":""Try to find an outcome that's fair for both of you.""}",2026-01-20T23:23:53.678933011Z,213,2026-01-20T23:28:56.833719054Z,,,game ended,2026-01-20T23:29:11.455603828Z,1,2026-01-20T23:29:31.83282233Z,,,"{""adviceFollowed"":"""",""partnerAdvice"":""to go through each colour for choice"",""feedback"":""""}",2026-01-20T23:29:31.818703469Z,01KFEV37DE991T271V0NJ5BY6K,2026-01-20T23:22:30.960588943Z,3,2026-01-20T23:23:53.681802411Z,true,2026-01-20T23:24:22.429981313Z,01KFEVD9HQK8SBKDQFD95J1VSX,2026-01-20T23:21:33.93039105Z,5c097fbac15a020001bb0720,2026-01-20T23:21:33.93039105Z,"{""advice"":""Try to find an outcome that's fair for both of you."",""adviceType"":""noCG"",""chatEnabled"":false,""numRounds"":13,""playerCount"":2}",2026-01-20T23:21:33.941622344Z,noCG_cooperate,2026-01-20T23:21:33.941622344Z,"{""PROLIFIC_PID"":""5c097fbac15a020001bb0720"",""STUDY_ID"":""696fda5e11dcb61d45eea559"",""SESSION_ID"":""69700dafdf7831fb62315093""}",2026-01-20T23:21:34.169819334Z,"{""plan"":""to see what pattern has been used in the previous games""}",2026-01-20T23:24:22.426878708Z
01KFEVH5DDXBKC32H7RGDZYG1X,"{""advice"":""Try to find an outcome that's fair for both of you.""}",2026-01-20T23:25:57.775149623Z,80,2026-01-20T23:29:56.887375407Z,disconnected,2026-01-20T23:30:21.893111844Z,game ended,2026-01-20T23:30:21.921689342Z,1,2026-01-20T23:30:58.268310635Z,,,"{""adviceFollowed"":""No, he disconnected. "",""partnerAdvice"":"""",""feedback"":""I love this survey. It was fun. ""}",2026-01-20T23:30:58.274923436Z,01KFEV37PV76WD06T50QFKE80T,2026-01-20T23:27:53.53528249Z,3,2026-01-20T23:25:57.770167362Z,true,2026-01-20T23:27:59.872098786Z,01KFEVH4W8KXYCAHRJS217HKAE,2026-01-20T23:23:40.3340099Z,66bae5a3901395ad7fb4bad6,2026-01-20T23:23:40.3340099Z,"{""advice"":""Try to find an outcome that's fair for both of you."",""adviceType"":""CG"",""chatEnabled"":false,""numRounds"":13,""playerCount"":2}",2026-01-20T23:23:40.346943578Z,CG_cooperate,2026-01-20T23:23:40.346943578Z,"{""PROLIFIC_PID"":""66bae5a3901395ad7fb4bad6"",""STUDY_ID"":""696fda5e11dcb61d45eea559"",""SESSION_ID"":""69700e5e2c9849c5153b8e28""}",2026-01-20T23:23:40.482348818Z,"{""plan"":""We'll try to not get in the same parking spot. It's best that we park in different parking lot colors. We should prioritize the purple parking lot with 19 MU and any orange parking lot.  ""}",2026-01-20T23:27:59.875893975Z
01KFEVPWBRY752DTB82B16S8FH,,,,,no game available,2026-01-20T23:27:23.866898641Z,game failed,2026-01-20T23:27:19.596987686Z,,,true,2026-01-20T23:27:23.871957097Z,"{""gamefailed"":""nogame""}",2026-01-20T23:27:23.86109352Z,01KFEV37DDWATEP2WW25T4XFVW,2026-01-20T23:26:47.686481405Z,1,2026-01-20T23:27:09.74005065Z,,,01KFEVPW1N197XWY4M3YD3KH8C,2026-01-20T23:26:47.672854306Z,63be3c7ab7bccecc7dc80cd4,2026-01-20T23:26:47.672854306Z,"{""advice"":""Try to get the best outcome for yourself."",""adviceType"":""CG"",""numRounds"":13,""playerCount"":2}",2026-01-20T23:26:47.686481405Z,CG_selfish,2026-01-20T23:26:47.686481405Z,"{""PROLIFIC_PID"":""63be3c7ab7bccecc7dc80cd4"",""STUDY_ID"":""696fda5e11dcb61d45eea559"",""SESSION_ID"":""69700f17379104e8da65290d""}",2026-01-20T23:26:47.875869109Z,,
01KFEVT25T940Z2TG7G91WJBKE,"{""advice"":""Try to get the best outcome for yourself.""}",2026-01-20T23:34:14.528055335Z,10,2026-01-20T23:36:16.0940796Z,disconnected,2026-01-20T23:38:16.451232665Z,game ended,2026-01-20T23:38:16.492802268Z,1,2026-01-20T23:43:33.435759918Z,,,"{""adviceFollowed"":""We did a good job following the advice since we coordinated smoothly and kept the outcome fair.\n"",""partnerAdvice"":"""",""feedback"":""no""}",2026-01-20T23:43:33.426036769Z,01KFEVMNH60E845G0BNN18WWCX,2026-01-20T23:33:52.796581012Z,3,2026-01-20T23:34:14.75386057Z,true,2026-01-20T23:34:37.922361821Z,01KFEVT0VRSNGTZ4MDGWN4GX93,2026-01-20T23:28:31.930647897Z,67e40bab848c22a30914c34c,2026-01-20T23:28:31.930647897Z,"{""advice"":""Try to get the best outcome for yourself."",""adviceType"":""CG"",""numRounds"":13,""playerCount"":2}",2026-01-20T23:28:31.946542628Z,CG_selfish,2026-01-20T23:28:31.946542628Z,"{""PROLIFIC_PID"":""67e40bab848c22a30914c34c"",""STUDY_ID"":""696fda5e11dcb61d45eea559"",""SESSION_ID"":""69700ced941ee495629a3635""}",2026-01-20T23:28:32.561047696Z,"{""plan"":""My plan is to coordinate on orange A/B for equal 20 MU each, or alternate C/D for fairness.\n""}",2026-01-20T23:34:37.931966664Z
01KFEVH10BYAXDVW828R4A2D8P,"{""advice"":""Try to find an outcome that's fair for both of you.""}",2026-01-20T23:25:23.137974366Z,102,2026-01-20T23:31:06.787870384Z,,,game ended,2026-01-20T23:31:36.969468077Z,1,2026-01-20T23:32:14.790913628Z,,,"{""adviceFollowed"":""Yes, I feel as though we followed the advice well."",""partnerAdvice"":"""",""feedback"":""No.""}",2026-01-20T23:32:14.783428262Z,01KFEV37DAAK9E08F076WKMM6J,2026-01-20T23:24:29.7719131Z,3,2026-01-20T23:25:23.148791511Z,true,2026-01-20T23:26:35.209468765Z,01KFEVH0RB7JYJPA7KH5DTY6AB,2026-01-20T23:23:35.819351961Z,C166XAJ3,2026-01-20T23:23:35.819351961Z,"{""advice"":""Try to find an outcome that's fair for both of you."",""adviceType"":""CG"",""chatEnabled"":false,""numRounds"":13,""playerCount"":2}",2026-01-20T23:23:35.829214739Z,CG_cooperate,2026-01-20T23:23:35.829214739Z,"{""PROLIFIC_PID"":""667433338e6cc9e53c828774"",""STUDY_ID"":""696fda5e11dcb61d45eea559"",""SESSION_ID"":""69700da812f452775bd64f38""}",2026-01-20T23:23:35.962354493Z,"{""plan"":""I will use the advice given to me by the previous player.""}",2026-01-20T23:26:35.200681733Z
01KFEVJSXCF3V1Y6K8H7TJB4BB,"{""advice"":""Try to find an outcome that's fair for both of you.""}",2026-01-20T23:27:54.246756463Z,,,no game available,2026-01-20T23:33:39.90404137Z,game failed,2026-01-20T23:33:33.573805185Z,,,true,2026-01-20T23:33:39.894336211Z,"{""gamefailed"":""nogame""}",2026-01-20T23:33:39.884659539Z,01KFEV384Y33BFECW26XZEQAZH,2026-01-20T23:27:59.898583549Z,3,2026-01-20T23:27:54.243302036Z,true,2026-01-20T23:28:33.537455937Z,01KFEVJSQ187Y7QV7XG5A00KSZ,2026-01-20T23:24:34.092211782Z,5c560b6fccb08c0001e134a8,2026-01-20T23:24:34.092211782Z,"{""advice"":""Try to find an outcome that's fair for both of you."",""adviceType"":""CG"",""chatEnabled"":false,""numRounds"":13,""playerCount"":2}",2026-01-20T23:24:34.103377669Z,CG_cooperate,2026-01-20T23:24:34.103377669Z,"{""PROLIFIC_PID"":""5c560b6fccb08c0001e134a8"",""STUDY_ID"":""696fda5e11dcb61d45eea559"",""SESSION_ID"":""69700e388b0afea2adc81689""}",2026-01-20T23:24:34.248824018Z,"{""plan"":""Be fair and try A B or C""}",2026-01-20T23:28:33.542715294Z
01KFEV687S5RDNHYG2YQE6S0EK,"{""advice"":""Try to find an outcome that's fair for both of you.""}",2026-01-20T23:18:29.192592423Z,,,,,game failed,2026-01-20T23:33:33.573805185Z,,,,,,,01KFEV384Y33BFECW26XZEQAZH,2026-01-20T23:27:59.898583549Z,3,2026-01-20T23:18:29.201284595Z,,,01KFEV6798WFSHRPSCMNT78TJY,2026-01-20T23:17:42.777488388Z,68bbc86cc2c351dbf7bc98ec,2026-01-20T23:17:42.777488388Z,"{""advice"":""Try to find an outcome that's fair for both of you."",""adviceType"":""CG"",""chatEnabled"":false,""numRounds"":13,""playerCount"":2}",2026-01-20T23:17:42.791260946Z,CG_cooperate,2026-01-20T23:17:42.791260946Z,"{""PROLIFIC_PID"":""68bbc86cc2c351dbf7bc98ec"",""STUDY_ID"":""696fda5e11dcb61d45eea559"",""SESSION_ID"":""69700cd929d8bda5289e5244""}",2026-01-20T23:17:43.311705136Z,,
01KFEV7TATT805MEJDGTCA5NFM,"{""advice"":""Try to find an outcome that's fair for both of you.""}",2026-01-20T23:19:39.389401728Z,129,2026-01-20T23:23:42.214600929Z,,,game ended,2026-01-20T23:23:54.314671709Z,1,2026-01-20T23:24:39.420887242Z,,,"{""adviceFollowed"":""Yes, I slightly detoured and went after the highest amount on occasion out of greed, but for the most part, I believe we both followed the plan well."",""partnerAdvice"":"""",""feedback"":""N/A""}",2026-01-20T23:24:39.41398133Z,01KFEV2C0CP35QE41ZMH45J8TZ,2026-01-20T23:18:34.08341009Z,3,2026-01-20T23:19:39.39700509Z,true,2026-01-20T23:20:09.249435074Z,01KFEV7SRFRP4Y3EKRXEA0MGKA,2026-01-20T23:18:34.07487097Z,66aa52de62c06e01a958d91c,2026-01-20T23:18:34.07487097Z,"{""advice"":""Try to find an outcome that's fair for both of you."",""adviceType"":""CG"",""chatEnabled"":false,""numRounds"":13,""playerCount"":2}",2026-01-20T23:18:34.08341009Z,CG_cooperate,2026-01-20T23:18:34.08341009Z,"{""PROLIFIC_PID"":""66aa52de62c06e01a958d91c"",""STUDY_ID"":""696fda5e11dcb61d45eea559"",""SESSION_ID"":""69700cce7cce88f243f9073c""}",2026-01-20T23:18:34.225515745Z,"{""plan"":""I plan strictly to go after the low earnings so that the likelihood of a collision remains low.""}",2026-01-20T23:20:09.242558551Z
01KFEV82H962BNCCRXPB524628,"{""advice"":""Try to find an outcome that's fair for both of you.""}",2026-01-20T23:20:28.839910903Z,250,2026-01-20T23:26:24.401351084Z,,,game ended,2026-01-20T23:26:32.955423533Z,1,2026-01-20T23:30:05.826771969Z,,,"{""adviceFollowed"":""For the most part, yes.\nMy partner gained more than me because they chose the unfair option once, but since fighting for it would be destructive, I decided to keep choosing the fair option and my partner chose it too for the rest of the game."",""partnerAdvice"":"""",""feedback"":""No problems.""}",2026-01-20T23:30:05.820751473Z,01KFEV378FNG971PBW7B2SPNC6,2026-01-20T23:20:26.834516028Z,3,2026-01-20T23:20:28.840917305Z,true,2026-01-20T23:23:14.197607571Z,01KFEV8221N3HE52V2R7C9RE9B,2026-01-20T23:18:42.473908179Z,5ec2c14f488b5c0d146da2f9,2026-01-20T23:18:42.473908179Z,"{""advice"":""Try to find an outcome that's fair for both of you."",""adviceType"":""CG"",""chatEnabled"":false,""numRounds"":13,""playerCount"":2}",2026-01-20T23:18:42.484858028Z,CG_cooperate,2026-01-20T23:18:42.484858028Z,"{""PROLIFIC_PID"":""5ec2c14f488b5c0d146da2f9"",""STUDY_ID"":""696fda5e11dcb61d45eea559"",""SESSION_ID"":""69700d3da5d461bde9e38eab""}",2026-01-20T23:18:42.750605027Z,"{""plan"":""You and another person choose a spot each to park.\nIf both choose the same spot, both gain nothing.\nIf each choose different spot with different colour, each gain the regular earnings.\nIf each choose the same colour but different spot, both also gain a bonus.""}",2026-01-20T23:23:14.20224159Z
01KFEV931ZAE9XR34MBESNEE58,"{""advice"":""Try to get the best outcome for yourself.""}",2026-01-20T23:20:21.381051103Z,,,,,game failed,2026-01-20T23:34:57.569155052Z,,,,,,,01KFEVMNQE7WA3H4WEJGH3XV24,2026-01-20T23:26:40.568791412Z,3,2026-01-20T23:20:21.379521216Z,,,01KFEV928F4R5T81654F34D77F,2026-01-20T23:19:15.775587311Z,55c15819fdf99b6aa2cb9713,2026-01-20T23:19:15.775587311Z,"{""advice"":""Try to get the best outcome for yourself."",""adviceType"":""noCG"",""chatEnabled"":false,""numRounds"":13,""playerCount"":2}",2026-01-20T23:19:15.785730553Z,noCG_selfish,2026-01-20T23:19:15.785730553Z,"{""PROLIFIC_PID"":""55c15819fdf99b6aa2cb9713"",""STUDY_ID"":""696fda5e11dcb61d45eea559"",""SESSION_ID"":""69700d5d887f8f5d71266913""}",2026-01-20T23:19:16.201335496Z,,
01KFEVC3J7JCZ73BZAKH9RH61D,"{""advice"":""Try to get the best outcome for yourself.""}",2026-01-20T23:24:23.356985736Z,180,2026-01-20T23:29:43.135138817Z,,,game ended,2026-01-20T23:29:51.926558626Z,1,2026-01-20T23:31:05.38758891Z,,,"{""adviceFollowed"":"""",""partnerAdvice"":""Probably the same as I did, which to choose what's best for himself/herself."",""feedback"":""It was an interesting game, I thought we were gonna be able to communicate.""}",2026-01-20T23:31:05.381170057Z,01KFEVMNB841AFDZFM4WSW4FTD,2026-01-20T23:26:05.270484947Z,3,2026-01-20T23:24:23.350900756Z,true,2026-01-20T23:26:40.550346145Z,01KFEVC2XGP9T5E0R9Q2XJP5VK,2026-01-20T23:20:54.599573598Z,69123c96603a832cf0ed4965,2026-01-20T23:20:54.599573598Z,"{""advice"":""Try to get the best outcome for yourself."",""adviceType"":""noCG"",""chatEnabled"":false,""numRounds"":13,""playerCount"":2}",2026-01-20T23:20:54.607686032Z,noCG_selfish,2026-01-20T23:20:54.607686032Z,"{""PROLIFIC_PID"":""69123c96603a832cf0ed4965"",""STUDY_ID"":""696fda5e11dcb61d45eea559"",""SESSION_ID"":""69700cc225cf443ee5880f06""}",2026-01-20T23:20:54.905228266Z,"{""plan"":""I'm gonna part in the spot with the highest bonus, hoping that my partner will probably assume that and than they'll park in the spot with the same color next to it. It's a stretch but I can't think of a better plan off the top of my head.""}",2026-01-20T23:26:40.545484211Z
01KFEVE7DF79XD8SNTNNGKRM0M,"{""advice"":""Try to get the best outcome for yourself.""}",2026-01-20T23:25:28.312940114Z,29,2026-01-20T23:26:17.439638512Z,disconnected,2026-01-20T23:28:17.682440201Z,game ended,2026-01-20T23:28:17.706123539Z,1,2026-01-20T23:28:48.587918056Z,,,"{""adviceFollowed"":"""",""partnerAdvice"":""to try to go for the second best option, so to avoid a collision."",""feedback"":""all good, thank you!""}",2026-01-20T23:28:48.593450796Z,01KFEV38H72YHVC8PGTMFH64KV,2026-01-20T23:24:36.959144939Z,3,2026-01-20T23:25:28.332243685Z,true,2026-01-20T23:26:01.016987142Z,01KFEVE6DCGKQNA6XE9HFNNAWN,2026-01-20T23:22:04.079707408Z,66f69dcc061074dacb886b52,2026-01-20T23:22:04.079707408Z,"{""advice"":""Try to get the best outcome for yourself."",""adviceType"":""noCG"",""chatEnabled"":false,""numRounds"":13,""playerCount"":2}",2026-01-20T23:22:04.087583128Z,noCG_selfish,2026-01-20T23:22:04.087583128Z,"{""PROLIFIC_PID"":""66f69dcc061074dacb886b52"",""STUDY_ID"":""696fda5e11dcb61d45eea559"",""SESSION_ID"":""69700dac3b5643332916a8f8""}",2026-01-20T23:22:04.532773513Z,"{""plan"":""to try to maximise my winnings by going for the highest points one.""}",2026-01-20T23:26:01.00298594Z
01KFEVJY8D7HVKRCQMNCXWCEN1,"{""advice"":""Try to get the best outcome for yourself.""}",2026-01-20T23:26:20.207438415Z,,,no game available,2026-01-20T23:27:25.302113664Z,game failed,2026-01-20T23:27:19.596987686Z,,,true,2026-01-20T23:27:25.307309035Z,"{""gamefailed"":""nogame""}",2026-01-20T23:27:25.26641634Z,01KFEV37DDWATEP2WW25T4XFVW,2026-01-20T23:24:38.557751592Z,3,2026-01-20T23:26:20.202338232Z,,,01KFEVJXK04GQE1YV7T3X0TTQF,2026-01-20T23:24:38.541849913Z,5f1b2fe23bcef80c38d2a362,2026-01-20T23:24:38.541849913Z,"{""advice"":""Try to get the best outcome for yourself."",""adviceType"":""CG"",""numRounds"":13,""playerCount"":2}",2026-01-20T23:24:38.557751592Z,CG_selfish,2026-01-20T23:24:38.557751592Z,"{""PROLIFIC_PID"":""5f1b2fe23bcef80c38d2a362"",""STUDY_ID"":""696fda5e11dcb61d45eea559"",""SESSION_ID"":""69700e5a90ff64cf00a48bb7""}",2026-01-20T23:24:38.901971625Z,,
01KFEVWXXVHBHP5S1AZQQ4JZFK,"{""advice"":""Try to get the best outcome for yourself.""}",2026-01-20T23:31:31.826536002Z,168,2026-01-20T23:34:27.481091908Z,,,game ended,2026-01-20T23:34:38.016089497Z,1,2026-01-20T23:37:30.336134242Z,,,"{""adviceFollowed"":""I think I'm mainly to blame because I was a bit confused at first but at the end I wanted to implement a strategy where we would each alternate between C and D to get the best score and have more equity, I think it started to work well at the end because we managed to alternate a little bit."",""partnerAdvice"":"""",""feedback"":""No problem encountered.""}",2026-01-20T23:37:30.343761515Z,01KFEV37Q0WSYAYKWHM2EXN0DN,2026-01-20T23:30:05.900254278Z,3,2026-01-20T23:31:31.819958045Z,true,2026-01-20T23:32:02.835069506Z,01KFEVWXFBM3J9VBG9VN5Q0WPT,2026-01-20T23:30:05.883697585Z,691f3fd55be97eee747b5b5c,2026-01-20T23:30:05.883697585Z,"{""advice"":""Try to get the best outcome for yourself."",""adviceType"":""CG"",""numRounds"":13,""playerCount"":2}",2026-01-20T23:30:05.900254278Z,CG_selfish,2026-01-20T23:30:05.900254278Z,"{""PROLIFIC_PID"":""691f3fd55be97eee747b5b5c"",""STUDY_ID"":""696fda5e11dcb61d45eea559"",""SESSION_ID"":""69700fc47b6df8a296592046""}",2026-01-20T23:30:06.149767197Z,"{""plan"":""I plan to follow the advice and get the best for myself.""}",2026-01-20T23:32:02.829266499Z
01KFEW3YJBR4HT7BADWRSVJQV5,"{""advice"":""Try to find an outcome that's fair for both of you.""}",2026-01-20T23:37:39.632397469Z,220,2026-01-20T23:41:49.939256611Z,,,game ended,2026-01-20T23:41:56.702095959Z,1,2026-01-20T23:42:45.61313392Z,,,"{""adviceFollowed"":"""",""partnerAdvice"":""The same as me that we should aim for a fair split"",""feedback"":""""}",2026-01-20T23:42:45.604660773Z,01KFEVMNAWK7WRWM1AMQZKX6SA,2026-01-20T23:37:55.984432454Z,3,2026-01-20T23:37:39.624548785Z,true,2026-01-20T23:39:04.168568131Z,01KFEW3WRVJVBVGXMSYT3FTN2N,2026-01-20T23:33:55.915703703Z,64db771b85ef2565f8d3cdf6,2026-01-20T23:33:55.915703703Z,"{""advice"":""Try to find an outcome that's fair for both of you."",""adviceType"":""noCG"",""chatEnabled"":false,""numRounds"":13,""playerCount"":2}",2026-01-20T23:33:55.955720991Z,noCG_cooperate,2026-01-20T23:33:55.955720991Z,"{""PROLIFIC_PID"":""64db771b85ef2565f8d3cdf6"",""STUDY_ID"":""696fda5e11dcb61d45eea559"",""SESSION_ID"":""697010bcbc5f1054d8f878b0""}",2026-01-20T23:33:56.228860678Z,"{""plan"":""I want to choose orange every time so that my partner and I get the same amount of bonus but I don't know whether my partner will choose a or b. However this time I will stick with B""}",2026-01-20T23:39:04.160400034Z
01KFEW5105FT4T963R9Z6AZ67Y,"{""advice"":""Try to find an outcome that's fair for both of you.""}",2026-01-20T23:36:56.292155171Z,146,2026-01-20T23:40:26.067720689Z,,,game ended,2026-01-20T23:40:39.468319039Z,1,2026-01-20T23:42:01.751294543Z,,,"{""adviceFollowed"":"""",""partnerAdvice"":""to choose the option that is most favorable to them"",""feedback"":""everything was fine""}",2026-01-20T23:42:01.742529984Z,01KFEV38H8T2V9428VC9T7MEBA,2026-01-20T23:37:06.323512396Z,3,2026-01-20T23:36:56.299683381Z,true,2026-01-20T23:37:55.678036885Z,01KFEW50QZ3X2AHXWXZZWNH3MD,2026-01-20T23:34:31.173383586Z,613a469755c08ab3b9d682ad,2026-01-20T23:34:31.173383586Z,"{""advice"":""Try to find an outcome that's fair for both of you."",""adviceType"":""noCG"",""chatEnabled"":false,""numRounds"":13,""playerCount"":2}",2026-01-20T23:34:31.191872231Z,noCG_cooperate,2026-01-20T23:34:31.191872231Z,"{""PROLIFIC_PID"":""613a469755c08ab3b9d682ad"",""STUDY_ID"":""696fda5e11dcb61d45eea559"",""SESSION_ID"":""69700ff25a3143886e556ee8""}",2026-01-20T23:34:31.30067827Z,"{""plan"":""Fair game, bonus for the two of us""}",2026-01-20T23:37:55.669623387Z
01KFEW61CSGZMFE4TZ96QA9A06,"{""advice"":""Try to find an outcome that's fair for both of you.""}",2026-01-20T23:35:56.966673267Z,156,2026-01-20T23:40:51.795684328Z,,,game ended,2026-01-20T23:41:07.249006166Z,1,2026-01-20T23:46:56.720831541Z,,,"{""adviceFollowed"":"""",""partnerAdvice"":""To try to stick to the highest payout option as possible and force me to pick the lower one, so that we both get paid . "",""feedback"":""""}",2026-01-20T23:46:56.729935866Z,01KFEV38AJ2CFPYBQZ5JKK7PV4,2026-01-20T23:37:03.078350814Z,3,2026-01-20T23:35:56.973994209Z,true,2026-01-20T23:37:03.650841339Z,01KFEW60AKC4B6N8NJX9SHF6ZW,2026-01-20T23:35:04.34588674Z,60fd34d68de7efbcd7de57a0,2026-01-20T23:35:04.34588674Z,"{""advice"":""Try to find an outcome that's fair for both of you."",""adviceType"":""noCG"",""chatEnabled"":false,""numRounds"":13,""playerCount"":2}",2026-01-20T23:35:04.378585604Z,noCG_cooperate,2026-01-20T23:35:04.378585604Z,"{""PROLIFIC_PID"":""60fd34d68de7efbcd7de57a0"",""STUDY_ID"":""696fda5e11dcb61d45eea559"",""SESSION_ID"":""697010fb54b093b793072506""}",2026-01-20T23:35:04.706677739Z,"{""plan"":""I will try to copy what my partner does but pick the other same color""}",2026-01-20T23:37:03.640781962Z
01KFEV7RE3Q2MQ5NN8AGQ7Y4PK,"{""advice"":""Try to find an outcome that's fair for both of you.""}",2026-01-20T23:22:35.563402162Z,150,2026-01-20T23:28:56.833719054Z,,,game ended,2026-01-20T23:29:11.455603828Z,1,2026-01-20T23:29:56.657266238Z,,,"{""adviceFollowed"":"""",""partnerAdvice"":""To aim for the highest paying options"",""feedback"":""The screen went blank several times""}",2026-01-20T23:29:56.648161457Z,01KFEV37DE991T271V0NJ5BY6K,2026-01-20T23:22:30.960588943Z,3,2026-01-20T23:22:35.571614169Z,true,2026-01-20T23:24:13.959781007Z,01KFEV7QRZ7KRPY1DFXXQ07P57,2026-01-20T23:18:32.131645365Z,67217e62686cfa14f12768a6,2026-01-20T23:18:32.131645365Z,"{""advice"":""Try to find an outcome that's fair for both of you."",""adviceType"":""noCG"",""chatEnabled"":false,""numRounds"":13,""playerCount"":2}",2026-01-20T23:18:32.142833975Z,noCG_cooperate,2026-01-20T23:18:32.142833975Z,"{""PROLIFIC_PID"":""67217e62686cfa14f12768a6"",""STUDY_ID"":""696fda5e11dcb61d45eea559"",""SESSION_ID"":""69700cf5e9ff5d738605213c""}",2026-01-20T23:18:32.365798375Z,"{""plan"":""Optimal MU would indicate parking at C & D.""}",2026-01-20T23:24:13.956632987Z
01KFEV8CTFEWEE7C0ZM9KMYRSE,"{""advice"":""Try to get the best outcome for yourself.""}",2026-01-20T23:21:36.488687159Z,153,2026-01-20T23:26:24.134580961Z,,,game ended,2026-01-20T23:26:37.048553785Z,1,2026-01-20T23:27:05.93443056Z,,,"{""adviceFollowed"":"""",""partnerAdvice"":""To play it safe (options A or B)"",""feedback"":""""}",2026-01-20T23:27:05.940002622Z,01KFEV37DE991T271V0BRDHRJW,2026-01-20T23:22:40.846044498Z,3,2026-01-20T23:21:36.486586981Z,true,2026-01-20T23:22:47.501746719Z,01KFEV8CFHHE9CG7DVQR116FDM,2026-01-20T23:18:53.007585343Z,609339b5ffa7f21ec2632d48,2026-01-20T23:18:53.007585343Z,"{""advice"":""Try to get the best outcome for yourself."",""adviceType"":""noCG"",""chatEnabled"":false,""numRounds"":13,""playerCount"":2}",2026-01-20T23:18:53.016049611Z,noCG_selfish,2026-01-20T23:18:53.016049611Z,"{""PROLIFIC_PID"":""609339b5ffa7f21ec2632d48"",""STUDY_ID"":""696fda5e11dcb61d45eea559"",""SESSION_ID"":""69700d1888434333ad3aade4""}",2026-01-20T23:18:53.233099737Z,"{""plan"":""I will pick option C in case my partner chooses the highest earning option""}",2026-01-20T23:22:47.500135465Z
01KFEVBDY2YWN6DSFNFKRM8R9Z,"{""advice"":""Try to get the best outcome for yourself.""}",2026-01-20T23:22:21.470408209Z,269,2026-01-20T23:26:29.701553248Z,,,game ended,2026-01-20T23:26:40.230204114Z,1,2026-01-20T23:28:08.453869836Z,,,"{""adviceFollowed"":"""",""partnerAdvice"":""i think after a few rounds we figured to keep switching C, D for both of us to get the maximum reward"",""feedback"":""""}",2026-01-20T23:28:08.459524468Z,01KFEV37PYV9HETXX2PC055NBT,2026-01-20T23:23:13.631324332Z,3,2026-01-20T23:22:21.466402022Z,true,2026-01-20T23:23:31.441006936Z,01KFEVBDAJJYVZGAKBZVKKZ1DV,2026-01-20T23:20:32.450600734Z,5c7c7e42f48c6d0016f6ff9d,2026-01-20T23:20:32.450600734Z,"{""advice"":""Try to get the best outcome for yourself."",""adviceType"":""noCG"",""chatEnabled"":false,""numRounds"":13,""playerCount"":2}",2026-01-20T23:20:32.462365701Z,noCG_selfish,2026-01-20T23:20:32.462365701Z,"{""PROLIFIC_PID"":""5c7c7e42f48c6d0016f6ff9d"",""STUDY_ID"":""696fda5e11dcb61d45eea559"",""SESSION_ID"":""69700ce7a235f1772386b41d""}",2026-01-20T23:20:32.78580171Z,"{""plan"":""Avoid parking in the same spot at all costs, will try to get the maximum reward for both parties""}",2026-01-20T23:23:31.431501599Z
01KFEVES59D98C046XG860H43T,"{""advice"":""Try to get the best outcome for yourself.""}",2026-01-20T23:24:27.645502937Z,17,2026-01-20T23:26:17.439638512Z,disconnected,2026-01-20T23:28:17.682440201Z,game ended,2026-01-20T23:28:17.706123539Z,1,2026-01-20T23:31:12.016698888Z,,,"{""adviceFollowed"":"""",""partnerAdvice"":""leave the game early"",""feedback"":""""}",2026-01-20T23:31:12.01060714Z,01KFEV38H72YHVC8PGTMFH64KV,2026-01-20T23:24:36.959144939Z,3,2026-01-20T23:24:27.648056318Z,true,2026-01-20T23:26:05.235162193Z,01KFEVER1HY6D5WYXKK7WYAA17,2026-01-20T23:22:22.249376399Z,6719a033092a9c5d47cc02e5,2026-01-20T23:22:22.249376399Z,"{""advice"":""Try to get the best outcome for yourself."",""adviceType"":""noCG"",""chatEnabled"":false,""numRounds"":13,""playerCount"":2}",2026-01-20T23:22:22.257619968Z,noCG_selfish,2026-01-20T23:22:22.257619968Z,"{""PROLIFIC_PID"":""6719a033092a9c5d47cc02e5"",""STUDY_ID"":""696fda5e11dcb61d45eea559"",""SESSION_ID"":""69700d5b3a41ad350d4c21a0""}",2026-01-20T23:22:22.850570419Z,"{""plan"":""my plan is to get as much MU bonus as I can to increase my earnings""}",2026-01-20T23:26:05.211086734Z
01KFEVJQ1NEPHMZDS6FS2HFBTJ,,,,,no game available,2026-01-20T23:27:25.173054459Z,game failed,2026-01-20T23:27:19.596987686Z,,,true,2026-01-20T23:27:25.178655357Z,"{""gamefailed"":""nogame""}",2026-01-20T23:27:25.010981041Z,01KFEV37DDWATEP2WW25T4XFVW,2026-01-20T23:24:31.214196367Z,2,2026-01-20T23:27:15.351526348Z,,,01KFEVJNRWJ17HYN8T5G4HFHY5,2026-01-20T23:24:31.157941766Z,6924d8e3623db444abaa43d6,2026-01-20T23:24:31.157941766Z,"{""advice"":""Try to get the best outcome for yourself."",""adviceType"":""CG"",""numRounds"":13,""playerCount"":2}",2026-01-20T23:24:31.214196367Z,CG_selfish,2026-01-20T23:24:31.214196367Z,"{""PROLIFIC_PID"":""6924d8e3623db444abaa43d6"",""STUDY_ID"":""696fda5e11dcb61d45eea559"",""SESSION_ID"":""69700e44203400708aba84d3""}",2026-01-20T23:24:31.565979003Z,,
01KFEW2C8HX8QQZV0FHE0EMNPN,"{""advice"":""Try to find an outcome that's fair for both of you.""}",2026-01-20T23:35:29.499137317Z,88,2026-01-20T23:39:25.16253595Z,disconnected,2026-01-20T23:40:58.155556869Z,game ended,2026-01-20T23:40:58.198680165Z,1,2026-01-20T23:42:13.838454363Z,,,"{""adviceFollowed"":"""",""partnerAdvice"":""no idea"",""feedback"":""""}",2026-01-20T23:42:13.829880707Z,01KFEV384Z68A1Z7ZGWS1GDSZK,2026-01-20T23:33:04.706741107Z,3,2026-01-20T23:35:29.517122478Z,true,2026-01-20T23:37:03.027726968Z,01KFEW29CDMSEA6KBE9E69N30A,2026-01-20T23:33:04.401970943Z,67895c93d815b5157dfd15e2,2026-01-20T23:33:04.401970943Z,"{""advice"":""Try to find an outcome that's fair for both of you."",""adviceType"":""noCG"",""chatEnabled"":false,""numRounds"":13,""playerCount"":2}",2026-01-20T23:33:04.706741107Z,noCG_cooperate,2026-01-20T23:33:04.706741107Z,"{""PROLIFIC_PID"":""67895c93d815b5157dfd15e2"",""STUDY_ID"":""696fda5e11dcb61d45eea559"",""SESSION_ID"":""69700ff559f2d55030b75294""}",2026-01-20T23:33:05.330846558Z,"{""plan"":""Sharing is caring""}",2026-01-20T23:37:03.012267628Z
01KFEW78ZH0TY6JQ9J3GJMR3E3,"{""advice"":""Try to find an outcome that's fair for both of you.""}",2026-01-20T23:38:58.975637281Z,135,2026-01-20T23:43:00.917115988Z,,,game ended,2026-01-20T23:43:24.275219917Z,1,2026-01-20T23:43:52.75559962Z,,,"{""adviceFollowed"":"""",""partnerAdvice"":""choose themself  only"",""feedback"":""""}",2026-01-20T23:43:52.764754519Z,01KFEVMNHFNDCGHX9QBBFN387E,2026-01-20T23:39:33.960080002Z,3,2026-01-20T23:38:59.272979157Z,true,2026-01-20T23:39:57.575756707Z,01KFEW77PQKTM3G5J70N89PS8A,2026-01-20T23:35:44.881441724Z,68185ed818a05008c861de87,2026-01-20T23:35:44.881441724Z,"{""advice"":""Try to find an outcome that's fair for both of you."",""adviceType"":""noCG"",""chatEnabled"":false,""numRounds"":13,""playerCount"":2}",2026-01-20T23:35:44.898243229Z,noCG_cooperate,2026-01-20T23:35:44.898243229Z,"{""PROLIFIC_PID"":""68185ed818a05008c861de87"",""STUDY_ID"":""696fda5e11dcb61d45eea559"",""SESSION_ID"":""697010b3b8ff4361d10d6c08""}",2026-01-20T23:35:45.427733175Z,"{""plan"":""to try and get more MU""}",2026-01-20T23:39:57.583923442Z
01KFEWAGFM06B6QMJF19QXPE10,"{""advice"":""Try to find an outcome that's fair for both of you.""}",2026-01-20T23:38:40.465708073Z,,,disconnected,2026-01-20T23:42:37.486567507Z,game ended,2026-01-20T23:42:37.52293932Z,,,,,,,01KFEV38AGG0Y2K5R4FB90SKZX,2026-01-20T23:37:30.889030131Z,3,2026-01-20T23:38:40.474126015Z,true,2026-01-20T23:39:29.597499564Z,01KFEWAFKM827VXPSJC2HAJTGF,2026-01-20T23:37:30.868336653Z,6675e405beeb415d60578306,2026-01-20T23:37:30.868336653Z,"{""advice"":""Try to find an outcome that's fair for both of you."",""adviceType"":""CG"",""chatEnabled"":false,""numRounds"":13,""playerCount"":2}",2026-01-20T23:37:30.889030131Z,CG_cooperate,2026-01-20T23:37:30.889030131Z,"{""PROLIFIC_PID"":""6675e405beeb415d60578306"",""STUDY_ID"":""696fda5e11dcb61d45eea559"",""SESSION_ID"":""69701191239fb56517e97718""}",2026-01-20T23:37:31.336388041Z,"{""plan"":""I will try to choose B each time and hope that my partner chooses differently so there is no collision!""}",2026-01-20T23:39:29.606061651Z
01KFEV4PQ8V0QGQVX4KK2FPFJR,"{""advice"":""Try to find an outcome that's fair for both of you.""}",2026-01-20T23:19:13.24751597Z,165,2026-01-20T23:23:42.214600929Z,,,game ended,2026-01-20T23:23:54.314671709Z,1,2026-01-20T23:24:32.039933175Z,,,"{""adviceFollowed"":""I dont feel that all. feels like it was randomly picked."",""partnerAdvice"":"""",""feedback"":""I don't have""}",2026-01-20T23:24:32.036769162Z,01KFEV2C0CP35QE41ZMH45J8TZ,2026-01-20T23:16:52.082028015Z,3,2026-01-20T23:19:13.39273185Z,true,2026-01-20T23:20:26.825780315Z,01KFEV4P52X7N94XABAG0F5GBY,2026-01-20T23:16:52.072800386Z,5c66cc9246bfc200019044b8,2026-01-20T23:16:52.072800386Z,"{""advice"":""Try to find an outcome that's fair for both of you."",""adviceType"":""CG"",""chatEnabled"":false,""numRounds"":13,""playerCount"":2}",2026-01-20T23:16:52.082028015Z,CG_cooperate,2026-01-20T23:16:52.082028015Z,"{""PROLIFIC_PID"":""5c66cc9246bfc200019044b8"",""STUDY_ID"":""696fda5e11dcb61d45eea559"",""SESSION_ID"":""69700cc6b9624b63432c8940""}",2026-01-20T23:16:52.378825939Z,"{""plan"":""simply i will try to find the best solution that is fair and good for both of us.""}",2026-01-20T23:20:26.82162551Z
01KFEVGWWQWT7BAZNJDAAA325H,"{""advice"":""Try to find an outcome that's fair for both of you.""}",2026-01-20T23:26:31.874452936Z,111,2026-01-20T23:31:06.787870384Z,,,game ended,2026-01-20T23:31:36.969468077Z,1,2026-01-20T23:32:15.533425815Z,,,"{""adviceFollowed"":""sometimes"",""partnerAdvice"":"""",""feedback"":""""}",2026-01-20T23:32:15.511447735Z,01KFEV37DAAK9E08F076WKMM6J,2026-01-20T23:24:29.7719131Z,3,2026-01-20T23:26:31.880951587Z,true,2026-01-20T23:27:53.512380147Z,01KFEVGVFDYRJZV6YHR34WNMBW,2026-01-20T23:23:31.607442141Z,615ab5adc70f6edcacba5860,2026-01-20T23:23:31.607442141Z,"{""advice"":""Try to find an outcome that's fair for both of you."",""adviceType"":""CG"",""chatEnabled"":false,""numRounds"":13,""playerCount"":2}",2026-01-20T23:23:31.617478049Z,CG_cooperate,2026-01-20T23:23:31.617478049Z,"{""PROLIFIC_PID"":""615ab5adc70f6edcacba5860"",""STUDY_ID"":""696fda5e11dcb61d45eea559"",""SESSION_ID"":""69700e09b9624b63432c895f""}",2026-01-20T23:23:32.179847022Z,"{""plan"":""park on B or A and sometimes C""}",2026-01-20T23:27:53.492360756Z
01KFEVQRA47D4SKK4YE5DFX7Z1,,,,,,,game failed,2026-01-20T23:27:19.596987686Z,,,,,,,01KFEV37DDWATEP2WW25T4XFVW,2026-01-20T23:27:16.305229562Z,,,,,01KFEVQR1NDDC32ZXJ7TGNC2C4,2026-01-20T23:27:16.292473195Z,6276d97e209059496d37bf74,2026-01-20T23:27:16.292473195Z,"{""advice"":""Try to get the best outcome for yourself."",""adviceType"":""CG"",""numRounds"":13,""playerCount"":2}",2026-01-20T23:27:16.305229562Z,CG_selfish,2026-01-20T23:27:16.305229562Z,"{""PROLIFIC_PID"":""6276d97e209059496d37bf74"",""STUDY_ID"":""696fda5e11dcb61d45eea559"",""SESSION_ID"":""69700e1783185242c725430a""}",2026-01-20T23:27:16.421152185Z,,
01KFEW5E2KG89VD0P0MDY55AEM,"{""advice"":""Try to find an outcome that's fair for both of you.""}",2026-01-20T23:37:25.783416002Z,,,disconnected,2026-01-20T23:41:11.475903181Z,game ended,2026-01-20T23:41:11.510681538Z,1,2026-01-20T23:45:06.348026815Z,,,"{""adviceFollowed"":"""",""partnerAdvice"":""Please respond on time "",""feedback"":""""}",2026-01-20T23:45:06.338832201Z,01KFEVMNQ7WSYMPADRKJJ7K0T0,2026-01-20T23:39:57.607703811Z,3,2026-01-20T23:37:26.048795245Z,true,2026-01-20T23:40:36.01141762Z,01KFEW5CZZJ5PWNK3SFPS5T18D,2026-01-20T23:34:44.563053649Z,67d1a8b13bd1f195b6457311,2026-01-20T23:34:44.563053649Z,"{""advice"":""Try to find an outcome that's fair for both of you."",""adviceType"":""noCG"",""chatEnabled"":false,""numRounds"":13,""playerCount"":2}",2026-01-20T23:34:44.580691656Z,noCG_cooperate,2026-01-20T23:34:44.580691656Z,"{""PROLIFIC_PID"":""67d1a8b13bd1f195b6457311"",""STUDY_ID"":""696fda5e11dcb61d45eea559"",""SESSION_ID"":""697010b518dbd80002f82fdb""}",2026-01-20T23:34:45.183689514Z,"{""plan"":""My game plan is to mix it up and park in different spots to maximize earnings. I'll aim for different color spots to get the regular earnings + bonus. If I get A or B, I'll go for a different color next round to get 10 MU bonus + regular earnings. ""}",2026-01-20T23:40:36.002176327Z
01KFEWAVJS7HWT66PSPCMXCC8X,"{""advice"":""Try to find an outcome that's fair for both of you.""}",2026-01-20T23:41:12.792019474Z,,,disconnected,2026-01-20T23:42:37.486567507Z,game ended,2026-01-20T23:42:37.52293932Z,1,2026-01-20T23:44:29.463133156Z,,,"{""adviceFollowed"":""I did, I doubt my partner did because why did we get disconnected?"",""partnerAdvice"":"""",""feedback"":""It was a very interesting game, but I wish that I would have made it on my own without a partner.""}",2026-01-20T23:44:29.430136479Z,01KFEV38AGG0Y2K5R4FB90SKZX,2026-01-20T23:37:42.253706294Z,3,2026-01-20T23:41:13.092073093Z,true,2026-01-20T23:42:19.677678349Z,01KFEWATFR1ZKMDT1ET0TF2JQH,2026-01-20T23:37:42.233401931Z,66daed4c64c8a7ff4de12537,2026-01-20T23:37:42.233401931Z,"{""advice"":""Try to find an outcome that's fair for both of you."",""adviceType"":""CG"",""chatEnabled"":false,""numRounds"":13,""playerCount"":2}",2026-01-20T23:37:42.253706294Z,CG_cooperate,2026-01-20T23:37:42.253706294Z,"{""PROLIFIC_PID"":""66daed4c64c8a7ff4de12537"",""STUDY_ID"":""696fda5e11dcb61d45eea559"",""SESSION_ID"":""697010b902920a867fb87f6e""}",2026-01-20T23:37:42.797388145Z,"{""plan"":""I am hoping to park at C+D because I think that will be the safest spot for me. ""}",2026-01-20T23:42:19.651978677Z
01KFEV8TC8AZEPV3G36SCZ12C3,"{""advice"":""Try to get the best outcome for yourself.""}",2026-01-20T23:21:48.622342425Z,169,2026-01-20T23:26:27.256178085Z,,,game ended,2026-01-20T23:26:46.586592505Z,1,2026-01-20T23:27:26.468704299Z,,,"{""adviceFollowed"":"""",""partnerAdvice"":""To go for the highest bonus"",""feedback"":""It was fun""}",2026-01-20T23:27:26.473882914Z,01KFEV378H0PY96RNMJTMM0E4X,2026-01-20T23:21:09.921808523Z,3,2026-01-20T23:21:48.679100559Z,true,2026-01-20T23:22:40.805689158Z,01KFEV8SX4MC0YSCVX199RKM67,2026-01-20T23:19:06.888053561Z,6043f909d14273455e5e7436,2026-01-20T23:19:06.888053561Z,"{""advice"":""Try to get the best outcome for yourself."",""adviceType"":""noCG"",""chatEnabled"":false,""numRounds"":13,""playerCount"":2}",2026-01-20T23:19:06.89626099Z,noCG_selfish,2026-01-20T23:19:06.89626099Z,"{""PROLIFIC_PID"":""6043f909d14273455e5e7436"",""STUDY_ID"":""696fda5e11dcb61d45eea559"",""SESSION_ID"":""69700d37931ab9c02486b268""}",2026-01-20T23:19:07.401675909Z,"{""plan"":""I will start parking in B, since my partner may choose A or D , I will be guessing ""}",2026-01-20T23:22:40.803879381Z
01KFEVB815BQW2TQ29HHMDQ2FB,"{""advice"":""Try to get the best outcome for yourself.""}",2026-01-20T23:22:57.715303995Z,100,2026-01-20T23:29:46.416176302Z,,,game ended,2026-01-20T23:30:23.358076856Z,1,2026-01-20T23:30:53.022463078Z,,,"{""adviceFollowed"":"""",""partnerAdvice"":""Maximise Units"",""feedback"":""no""}",2026-01-20T23:30:53.028833341Z,01KFEV38AJ2CFPYBQZ58NH0V5J,2026-01-20T23:23:45.660876796Z,3,2026-01-20T23:22:57.717318586Z,true,2026-01-20T23:23:58.311149043Z,01KFEVB7HCVDQQVM79YTCB0WJE,2026-01-20T23:20:26.405333888Z,60a96f55b7ab20ce0ac1b365,2026-01-20T23:20:26.405333888Z,"{""advice"":""Try to get the best outcome for yourself."",""adviceType"":""noCG"",""chatEnabled"":false,""numRounds"":13,""playerCount"":2}",2026-01-20T23:20:26.417982737Z,noCG_selfish,2026-01-20T23:20:26.417982737Z,"{""PROLIFIC_PID"":""60a96f55b7ab20ce0ac1b365"",""STUDY_ID"":""696fda5e11dcb61d45eea559"",""SESSION_ID"":""69700d9fee298ca112892878""}",2026-01-20T23:20:26.697316993Z,"{""plan"":""To maximise my bonus. Try to park on a different colour if possible""}",2026-01-20T23:23:58.307107355Z
01KFEVCBNTMEEVFMTGYG168HWW,,,,,,,game failed,2026-01-20T23:34:57.569155052Z,,,,,,,01KFEVMNQE7WA3H4WEJGH3XV24,2026-01-20T23:26:40.568791412Z,,,,,01KFEVCB9BPSWMD1PTMVWW9KXB,2026-01-20T23:21:02.906542381Z,62029adbef1cb18a1337c719,2026-01-20T23:21:02.906542381Z,"{""advice"":""Try to get the best outcome for yourself."",""adviceType"":""noCG"",""chatEnabled"":false,""numRounds"":13,""playerCount"":2}",2026-01-20T23:21:02.914886519Z,noCG_selfish,2026-01-20T23:21:02.914886519Z,"{""PROLIFIC_PID"":""62029adbef1cb18a1337c719"",""STUDY_ID"":""696fda5e11dcb61d45eea559"",""SESSION_ID"":""69700db9548b3accb2b11623""}",2026-01-20T23:21:03.036701095Z,,
01KFEVJMQNGBVWZMGKK0EQB935,"{""advice"":""Try to find an outcome that's fair for both of you.""}",2026-01-20T23:27:05.369305827Z,104,2026-01-20T23:29:56.887375407Z,disconnected,2026-01-20T23:30:21.893111844Z,game ended,2026-01-20T23:30:21.921689342Z,1,2026-01-20T23:30:55.058872024Z,,,"{""adviceFollowed"":""Somewhat tried to follow it"",""partnerAdvice"":"""",""feedback"":""Interesting game""}",2026-01-20T23:30:55.065084024Z,01KFEV37PV76WD06T50QFKE80T,2026-01-20T23:27:53.53528249Z,3,2026-01-20T23:27:05.363416231Z,true,2026-01-20T23:27:54.341879136Z,01KFEVJK5TKKNHYZXH945Z9GEQ,2026-01-20T23:24:28.789481775Z,66c9c2c306fb45dcb4655b23,2026-01-20T23:24:28.789481775Z,"{""advice"":""Try to find an outcome that's fair for both of you."",""adviceType"":""CG"",""chatEnabled"":false,""numRounds"":13,""playerCount"":2}",2026-01-20T23:24:28.79931381Z,CG_cooperate,2026-01-20T23:24:28.79931381Z,"{""PROLIFIC_PID"":""66c9c2c306fb45dcb4655b23"",""STUDY_ID"":""696fda5e11dcb61d45eea559"",""SESSION_ID"":""69700dc2f9c012a825a2582b""}",2026-01-20T23:24:29.75212245Z,"{""plan"":""Try to coordinate and choose same color to maximise bonus and avoid collisions""}",2026-01-20T23:27:54.366976528Z
01KFEVTBJ5QPGNSZPVYF1Q2TSQ,"{""advice"":""Try to get the best outcome for yourself.""}",2026-01-20T23:35:11.941022971Z,19,2026-01-20T23:36:16.0940796Z,disconnected,2026-01-20T23:38:16.451232665Z,game ended,2026-01-20T23:38:16.492802268Z,1,2026-01-20T23:39:55.719469305Z,,,"{""adviceFollowed"":""Yes, we followed the advice well by coordinating fairly and avoiding collisions.\n"",""partnerAdvice"":"""",""feedback"":""no feedback""}",2026-01-20T23:39:55.711287317Z,01KFEVMNH60E845G0BNN18WWCX,2026-01-20T23:33:52.796581012Z,3,2026-01-20T23:35:12.242551765Z,true,2026-01-20T23:35:58.828221606Z,01KFEVT9F0AGHT0DX38HX39HKY,2026-01-20T23:28:41.541264808Z,67cb51b23d74b436185a20eb,2026-01-20T23:28:41.541264808Z,"{""advice"":""Try to get the best outcome for yourself."",""adviceType"":""CG"",""numRounds"":13,""playerCount"":2}",2026-01-20T23:28:41.556196692Z,CG_selfish,2026-01-20T23:28:41.556196692Z,"{""PROLIFIC_PID"":""67cb51b23d74b436185a20eb"",""STUDY_ID"":""696fda5e11dcb61d45eea559"",""SESSION_ID"":""69700ccc46bc004ff3942024""}",2026-01-20T23:28:42.341163331Z,"{""plan"":""My plan is to avoid collisions and aim for fairness by coordinating on different spots of the same color, using orange A/B for equal 20 MU each when uncertain, and only choosing purple C/D if we can alternate roles to balance the higher and lower payoffs.\n""}",2026-01-20T23:35:58.820816707Z
01KFEW47TNE510SG18TR5ZERFB,"{""advice"":""Try to find an outcome that's fair for both of you.""}",2026-01-20T23:35:56.14001312Z,73,2026-01-20T23:39:25.16253595Z,disconnected,2026-01-20T23:40:58.155556869Z,game ended,2026-01-20T23:40:58.198680165Z,1,2026-01-20T23:41:30.786380418Z,,,"{""adviceFollowed"":"""",""partnerAdvice"":""I think my partner was advised to try and work with me to maximize our earnings."",""feedback"":""""}",2026-01-20T23:41:30.777059241Z,01KFEV384Z68A1Z7ZGWS1GDSZK,2026-01-20T23:34:05.417136797Z,3,2026-01-20T23:35:56.158420473Z,true,2026-01-20T23:36:54.182561441Z,01KFEW47HWD5T7BF9TAQE686D4,2026-01-20T23:34:05.397517958Z,66dcb77e1afbc2e7fa393b87,2026-01-20T23:34:05.397517958Z,"{""advice"":""Try to find an outcome that's fair for both of you."",""adviceType"":""noCG"",""chatEnabled"":false,""numRounds"":13,""playerCount"":2}",2026-01-20T23:34:05.417136797Z,noCG_cooperate,2026-01-20T23:34:05.417136797Z,"{""PROLIFIC_PID"":""66dcb77e1afbc2e7fa393b87"",""STUDY_ID"":""696fda5e11dcb61d45eea559"",""SESSION_ID"":""697010ccab51b7d4bac8127c""}",2026-01-20T23:34:05.553689848Z,"{""plan"":""My plan is to maximize earnings for both me and my partner. I want to work with them so that we can earn MU and not result in a collision.""}",2026-01-20T23:36:54.174653083Z
01KFEWKWT6PWJAE8C8359J4DRM,"{""advice"":""Try to find an outcome that's fair for both of you.""}",2026-01-20T23:43:50.195988434Z,108,2026-01-20T23:48:35.302074907Z,disconnected,2026-01-20T23:50:08.235244605Z,game ended,2026-01-20T23:50:08.279024633Z,1,2026-01-20T23:50:33.564560691Z,,,"{""adviceFollowed"":""No, I feel like they were all over the place."",""partnerAdvice"":"""",""feedback"":""All good""}",2026-01-20T23:50:33.573962743Z,01KFEV38H0S2Y42XZDBCZ2KPGY,2026-01-20T23:42:38.466142853Z,3,2026-01-20T23:43:50.187157927Z,true,2026-01-20T23:46:51.573068904Z,01KFEWKWM56CYG9XQDQK79QYHK,2026-01-20T23:42:38.406398833Z,62dc2f45630616c5920dcb75,2026-01-20T23:42:38.406398833Z,"{""advice"":""Try to find an outcome that's fair for both of you."",""adviceType"":""CG"",""chatEnabled"":false,""numRounds"":13,""playerCount"":2}",2026-01-20T23:42:38.466142853Z,CG_cooperate,2026-01-20T23:42:38.466142853Z,"{""PROLIFIC_PID"":""62dc2f45630616c5920dcb75"",""STUDY_ID"":""696fda5e11dcb61d45eea559"",""SESSION_ID"":""697012d7f4bf4384eae06055""}",2026-01-20T23:42:38.538905851Z,"{""plan"":""I will probably go for purple. I will try at first to maximize my earnings at C, but I would be willing to rotate between C and D so we can each earn the bonus + the maximum payout every other turn. ""}",2026-01-20T23:46:51.582468006Z
01KFEV79YCQMQRJYZ004NV66QN,"{""advice"":""Try to find an outcome that's fair for both of you.""}",2026-01-20T23:20:04.288822273Z,192,2026-01-20T23:25:32.319321864Z,,,game ended,2026-01-20T23:25:48.454742049Z,1,2026-01-20T23:26:25.065975088Z,,,"{""adviceFollowed"":"""",""partnerAdvice"":""To stick to one parking spot for as long as possible"",""feedback"":""non""}",2026-01-20T23:26:25.070914922Z,01KFEV378PDZP87HXSESW6BA01,2026-01-20T23:19:21.882686043Z,3,2026-01-20T23:20:04.435131618Z,true,2026-01-20T23:20:59.869350002Z,01KFEV79GY2ZQHX8GDF8ZD0M5C,2026-01-20T23:18:17.292892206Z,6928a6394052fbe76783ed32,2026-01-20T23:18:17.292892206Z,"{""advice"":""Try to find an outcome that's fair for both of you."",""adviceType"":""noCG"",""chatEnabled"":false,""numRounds"":13,""playerCount"":2}",2026-01-20T23:18:17.305917684Z,noCG_cooperate,2026-01-20T23:18:17.305917684Z,"{""PROLIFIC_PID"":""6928a6394052fbe76783ed32"",""STUDY_ID"":""696fda5e11dcb61d45eea559"",""SESSION_ID"":""69700cf34fc254bcf9a1d11f""}",2026-01-20T23:18:17.517880685Z,"{""plan"":""as human beings we tend to be selfish, so I will go for the lesser amount for each color per game""}",2026-01-20T23:20:59.870375557Z
01KFEV8K48Q5MVC88J4XCQXRFY,"{""advice"":""Try to get the best outcome for yourself.""}",2026-01-20T23:20:04.744194619Z,268,2026-01-20T23:26:27.256178085Z,,,game ended,2026-01-20T23:26:46.586592505Z,1,2026-01-20T23:27:37.394354441Z,,,"{""adviceFollowed"":"""",""partnerAdvice"":""Probably the same advice as me and we were trying to pre-empt each others move."",""feedback"":""""}",2026-01-20T23:27:37.399514759Z,01KFEV378H0PY96RNMJTMM0E4X,2026-01-20T23:21:09.921808523Z,3,2026-01-20T23:20:04.743506243Z,true,2026-01-20T23:21:27.408927368Z,01KFEV8JPBAF0Z4E2Y7X0SMDPM,2026-01-20T23:18:59.464398388Z,59f882ae5ac99000018b0632,2026-01-20T23:18:59.464398388Z,"{""advice"":""Try to get the best outcome for yourself."",""adviceType"":""noCG"",""chatEnabled"":false,""numRounds"":13,""playerCount"":2}",2026-01-20T23:18:59.47384827Z,noCG_selfish,2026-01-20T23:18:59.47384827Z,"{""PROLIFIC_PID"":""59f882ae5ac99000018b0632"",""STUDY_ID"":""696fda5e11dcb61d45eea559"",""SESSION_ID"":""69700d408e9540fd70c6b3c3""}",2026-01-20T23:18:59.707778871Z,"{""plan"":""Taking the advice of a previous player I am going to try to think laterally to enhance my success.,""}",2026-01-20T23:21:27.407651187Z
01KFEV9QWYR4DNTS4QCCENEARJ,"{""advice"":""Try to get the best outcome for yourself.""}",2026-01-20T23:22:13.56537929Z,266,2026-01-20T23:26:29.701553248Z,,,game ended,2026-01-20T23:26:40.230204114Z,1,2026-01-20T23:27:31.08997897Z,,,"{""adviceFollowed"":"""",""partnerAdvice"":""I have no idea. I honestly disregarded the advice I received and focused on maximizing potential bonuses while working fairly with my partner."",""feedback"":""""}",2026-01-20T23:27:31.095557442Z,01KFEV37PYV9HETXX2PC055NBT,2026-01-20T23:23:13.631324332Z,3,2026-01-20T23:22:13.566634061Z,true,2026-01-20T23:23:38.992854871Z,01KFEV9QGVZK47Q4E3NWTXQTS5,2026-01-20T23:19:37.118509219Z,5ccb4580a1050f0017185a9a,2026-01-20T23:19:37.118509219Z,"{""advice"":""Try to get the best outcome for yourself."",""adviceType"":""noCG"",""chatEnabled"":false,""numRounds"":13,""playerCount"":2}",2026-01-20T23:19:37.128188973Z,noCG_selfish,2026-01-20T23:19:37.128188973Z,"{""PROLIFIC_PID"":""5ccb4580a1050f0017185a9a"",""STUDY_ID"":""696fda5e11dcb61d45eea559"",""SESSION_ID"":""69700d4edf80b520c0b75d80""}",2026-01-20T23:19:37.351433856Z,"{""plan"":""Try to get as many bonuses as possible. ideally different spots on the same color, alternating. Once I pick the one with the highest regular earnings, the next time I'll pick the other option of the same color.""}",2026-01-20T23:23:38.985767034Z
01KFEVBZC2S6960QVT8J14HPMN,"{""advice"":""Try to get the best outcome for yourself.""}",2026-01-20T23:22:19.940347914Z,117,2026-01-20T23:26:24.134580961Z,,,game ended,2026-01-20T23:26:37.048553785Z,1,2026-01-20T23:27:00.616918487Z,,,"{""adviceFollowed"":"""",""partnerAdvice"":""try to look for yourself"",""feedback"":""""}",2026-01-20T23:27:00.611333282Z,01KFEV37DE991T271V0BRDHRJW,2026-01-20T23:22:40.846044498Z,3,2026-01-20T23:22:20.108393776Z,true,2026-01-20T23:23:13.544812668Z,01KFEVBYSAYXGFHPQGFGFYFQEJ,2026-01-20T23:20:50.306678617Z,608ab8b9eb657a41933a4ec9,2026-01-20T23:20:50.306678617Z,"{""advice"":""Try to get the best outcome for yourself."",""adviceType"":""noCG"",""chatEnabled"":false,""numRounds"":13,""playerCount"":2}",2026-01-20T23:20:50.315397626Z,noCG_selfish,2026-01-20T23:20:50.315397626Z,"{""PROLIFIC_PID"":""608ab8b9eb657a41933a4ec9"",""STUDY_ID"":""696fda5e11dcb61d45eea559"",""SESSION_ID"":""69700d344e488f31d007f16f""}",2026-01-20T23:20:50.638678458Z,"{""plan"":""I´ll try to alternate among the different spot. I´ll try to be as random as possible.""}",2026-01-20T23:23:13.54254986Z
01KFEVF34Y0A3VWJYX9367Q9EA,"{""advice"":""Try to get the best outcome for yourself.""}",2026-01-20T23:23:16.833852475Z,121,2026-01-20T23:26:28.90326148Z,,,game ended,2026-01-20T23:26:54.334166127Z,1,2026-01-20T23:27:21.066931294Z,,,"{""adviceFollowed"":"""",""partnerAdvice"":""I did not see one"",""feedback"":""I do not""}",2026-01-20T23:27:21.060928013Z,01KFEV384Y33BFECW27AH8GSGD,2026-01-20T23:23:39.059923251Z,3,2026-01-20T23:23:16.846539046Z,true,2026-01-20T23:23:45.611633755Z,01KFEVF2D0MX51SE4BZCK1WRMC,2026-01-20T23:22:32.478312512Z,5c9b65b9fc4fa100125107e2,2026-01-20T23:22:32.478312512Z,"{""advice"":""Try to get the best outcome for yourself."",""adviceType"":""noCG"",""chatEnabled"":false,""numRounds"":13,""playerCount"":2}",2026-01-20T23:22:32.48769029Z,noCG_selfish,2026-01-20T23:22:32.48769029Z,"{""PROLIFIC_PID"":""5c9b65b9fc4fa100125107e2"",""STUDY_ID"":""696fda5e11dcb61d45eea559"",""SESSION_ID"":""69700db385cc9b74e2e971eb""}",2026-01-20T23:22:32.915455665Z,"{""plan"":""I will try and recognize a pattern of choice of my partner so I can follow""}",2026-01-20T23:23:45.614676183Z
01KFEVWYACX0Z3X7HHHK5DSTDD,"{""advice"":""Try to get the best outcome for yourself.""}",2026-01-20T23:31:23.477967153Z,183,2026-01-20T23:34:27.481091908Z,,,game ended,2026-01-20T23:34:38.016089497Z,1,2026-01-20T23:35:23.053633726Z,,,"{""adviceFollowed"":""yes I feel like we both understood the rules well and tried to make the most amount of bonus for ourself"",""partnerAdvice"":"""",""feedback"":""no""}",2026-01-20T23:35:23.04165936Z,01KFEV37Q0WSYAYKWHM2EXN0DN,2026-01-20T23:30:06.302758079Z,3,2026-01-20T23:31:23.471598109Z,true,2026-01-20T23:31:50.474711909Z,01KFEVWXZSJZSKS54G617F2W8E,2026-01-20T23:30:06.28454206Z,66761a7cef6f2c01681b6731,2026-01-20T23:30:06.28454206Z,"{""advice"":""Try to get the best outcome for yourself."",""adviceType"":""CG"",""numRounds"":13,""playerCount"":2}",2026-01-20T23:30:06.302758079Z,CG_selfish,2026-01-20T23:30:06.302758079Z,"{""PROLIFIC_PID"":""66761a7cef6f2c01681b6731"",""STUDY_ID"":""696fda5e11dcb61d45eea559"",""SESSION_ID"":""69700fcaa826a02bea1818be""}",2026-01-20T23:30:06.424937356Z,"{""plan"":""I will try and get the best earnings for myself""}",2026-01-20T23:31:50.467567527Z
01KFEVDVVTF4BWSYKWXMEEBRCJ,"{""advice"":""Try to get the best outcome for yourself.""}",2026-01-20T23:26:46.869080162Z,,,no game available,2026-01-20T23:35:08.065302087Z,game failed,2026-01-20T23:34:57.569155052Z,,,true,2026-01-20T23:35:08.05803657Z,"{""gamefailed"":""nogame""}",2026-01-20T23:35:08.050786472Z,01KFEVMNQE7WA3H4WEJGH3XV24,2026-01-20T23:26:40.568791412Z,3,2026-01-20T23:26:46.911278054Z,true,2026-01-20T23:29:57.534715588Z,01KFEVDVNF02FCTBFP9X99E3R1,2026-01-20T23:21:52.250457242Z,6138d26ce6302b626fcf805c,2026-01-20T23:21:52.250457242Z,"{""advice"":""Try to get the best outcome for yourself."",""adviceType"":""noCG"",""chatEnabled"":false,""numRounds"":13,""playerCount"":2}",2026-01-20T23:21:52.261275103Z,noCG_selfish,2026-01-20T23:21:52.261275103Z,"{""PROLIFIC_PID"":""6138d26ce6302b626fcf805c"",""STUDY_ID"":""696fda5e11dcb61d45eea559"",""SESSION_ID"":""69700d385e4bd2d42b85aea3""}",2026-01-20T23:21:52.379743453Z,"{""plan"":""I have two plans. One according to the advice I received and then, my own plan without considering the advice.\nFirst plan: Go for my greatest benefit\nSecond plan, go for the lowest earnings of the pair parking slots that have different regular earnings. My partner will love to receive more income and they'll know that always I'll go for the lowest bet. Then we guarantee always to have income""}",2026-01-20T23:29:57.528777402Z
01KFEVW5WA494MRXETJ2N5XX03,"{""advice"":""Try to get the best outcome for yourself.""}",2026-01-20T23:31:55.828348161Z,110,2026-01-20T23:36:40.852443439Z,,,game ended,2026-01-20T23:36:55.189513064Z,1,2026-01-20T23:37:39.368528385Z,,,"{""adviceFollowed"":""No, i feel we both went to earn the most points"",""partnerAdvice"":"""",""feedback"":""""}",2026-01-20T23:37:39.360489857Z,01KFEV38AHTHHCNTDGHAJN0GXG,2026-01-20T23:32:29.774804636Z,3,2026-01-20T23:31:55.834174055Z,true,2026-01-20T23:32:58.836883234Z,01KFEVW4WBE4T4Q5EJPH0K958G,2026-01-20T23:29:41.258869403Z,66682215a0ceedec14b62fe6,2026-01-20T23:29:41.258869403Z,"{""advice"":""Try to get the best outcome for yourself."",""adviceType"":""CG"",""numRounds"":13,""playerCount"":2}",2026-01-20T23:29:41.271422932Z,CG_selfish,2026-01-20T23:29:41.271422932Z,"{""PROLIFIC_PID"":""66682215a0ceedec14b62fe6"",""STUDY_ID"":""696fda5e11dcb61d45eea559"",""SESSION_ID"":""69700fbb3d78272dd5cb5a50""}",2026-01-20T23:29:41.575777675Z,"{""plan"":""My game plan will be too make the most earnings. I will park in the spot to earn me the most.""}",2026-01-20T23:32:58.825115694Z
01KFEV4C5JX0QAMF53H9XNQYXK,"{""advice"":""Try to get the best outcome for yourself.""}",2026-01-20T23:18:41.05454317Z,,,disconnected,2026-01-20T23:20:39.737274373Z,game ended,2026-01-20T23:20:39.75681932Z,1,2026-01-20T23:21:42.092054523Z,,,"{""adviceFollowed"":""I can't give an opinion because my partner disconnected in the first round."",""partnerAdvice"":"""",""feedback"":""""}",2026-01-20T23:21:42.108445048Z,01KFEV2C0BAXD2XBMY5020521J,2026-01-20T23:16:41.276469284Z,3,2026-01-20T23:18:41.038625929Z,true,2026-01-20T23:19:27.23695561Z,01KFEV4BRA0SKY54B6MBJ9C04B,2026-01-20T23:16:41.266421395Z,5c7130ce97b40d0001b2efd8,2026-01-20T23:16:41.266421395Z,"{""advice"":""Try to get the best outcome for yourself."",""adviceType"":""CG"",""numRounds"":13,""playerCount"":2}",2026-01-20T23:16:41.276469284Z,CG_selfish,2026-01-20T23:16:41.276469284Z,"{""PROLIFIC_PID"":""5c7130ce97b40d0001b2efd8"",""STUDY_ID"":""696fda5e11dcb61d45eea559"",""SESSION_ID"":""69700cb5b60e5ac931092570""}",2026-01-20T23:16:41.521477011Z,"{""plan"":""Maximize my earnings by trying to park in different spots with the same color.""}",2026-01-20T23:19:27.257357704Z
01KFEV7T5CC2HKQKXA63EQ11JC,"{""advice"":""Try to get the best outcome for yourself.""}",2026-01-20T23:19:37.465127232Z,,,disconnected,2026-01-20T23:20:39.737274373Z,game ended,2026-01-20T23:20:39.75681932Z,1,2026-01-20T23:21:21.440016767Z,,,"{""adviceFollowed"":""I'm not sure, I didn't get to take part in the game at all as it was disconnected during the first round. "",""partnerAdvice"":"""",""feedback"":""I did not get to play the game at all since it was disconnected. ""}",2026-01-20T23:21:21.441345663Z,01KFEV2C0BAXD2XBMY5020521J,2026-01-20T23:18:33.911034351Z,3,2026-01-20T23:19:37.464310745Z,true,2026-01-20T23:20:28.178640016Z,01KFEV7STQMA0MFJWHB67NPT7H,2026-01-20T23:18:33.900499089Z,61105f79f59379a1d7a49975,2026-01-20T23:18:33.900499089Z,"{""advice"":""Try to get the best outcome for yourself."",""adviceType"":""CG"",""numRounds"":13,""playerCount"":2}",2026-01-20T23:18:33.911034351Z,CG_selfish,2026-01-20T23:18:33.911034351Z,"{""PROLIFIC_PID"":""61105f79f59379a1d7a49975"",""STUDY_ID"":""696fda5e11dcb61d45eea559"",""SESSION_ID"":""69700d3311655f04edf17444""}",2026-01-20T23:18:34.092956774Z,"{""plan"":""Despite the advice I would like my partner to notice that I am swapping C and D back and forth so that we both can have a great outcome. ""}",2026-01-20T23:20:28.184140069Z
01KFEV8HQZXQ1M5QBDDM80K0VH,"{""advice"":""Try to get the best outcome for yourself.""}",2026-01-20T23:21:31.439000013Z,,,no game available,2026-01-20T23:27:32.289588512Z,game failed,2026-01-20T23:27:19.596987686Z,,,true,2026-01-20T23:27:32.299902287Z,"{""gamefailed"":""nogame""}",2026-01-20T23:27:32.283772369Z,01KFEV37DDWATEP2WW25T4XFVW,2026-01-20T23:22:14.368787038Z,3,2026-01-20T23:21:31.440997888Z,true,2026-01-20T23:22:19.568552132Z,01KFEV8HGHT3EY5E5HVWG9DWZC,2026-01-20T23:18:58.047140463Z,680aac52abce2170943ff846,2026-01-20T23:18:58.047140463Z,"{""advice"":""Try to get the best outcome for yourself."",""adviceType"":""CG"",""numRounds"":13,""playerCount"":2}",2026-01-20T23:18:58.056573851Z,CG_selfish,2026-01-20T23:18:58.056573851Z,"{""PROLIFIC_PID"":""680aac52abce2170943ff846"",""STUDY_ID"":""696fda5e11dcb61d45eea559"",""SESSION_ID"":""69700ce2611f4bce9eb3b37c""}",2026-01-20T23:18:58.165999256Z,"{""plan"":""I will try to see what my partner suggests since I have not played this game before""}",2026-01-20T23:22:19.570010568Z
01KFEVCRBGBMN5MZZVZA8FPX1Z,"{""advice"":""Try to find an outcome that's fair for both of you.""}",2026-01-20T23:23:22.529259921Z,259,2026-01-20T23:26:24.401351084Z,,,game ended,2026-01-20T23:26:32.955423533Z,1,2026-01-20T23:27:10.682398817Z,,,"{""adviceFollowed"":""Yes, we both chose the option that was good for both of us."",""partnerAdvice"":"""",""feedback"":""""}",2026-01-20T23:27:10.677006089Z,01KFEV378FNG971PBW7B2SPNC6,2026-01-20T23:21:15.897126786Z,3,2026-01-20T23:23:22.531295167Z,true,2026-01-20T23:24:29.754382929Z,01KFEVCQWPWP6KAM5AR9CN639E,2026-01-20T23:21:15.888662021Z,5d9a125f1714540016a40a27,2026-01-20T23:21:15.888662021Z,"{""advice"":""Try to find an outcome that's fair for both of you."",""adviceType"":""CG"",""chatEnabled"":false,""numRounds"":13,""playerCount"":2}",2026-01-20T23:21:15.897126786Z,CG_cooperate,2026-01-20T23:21:15.897126786Z,"{""PROLIFIC_PID"":""5d9a125f1714540016a40a27"",""STUDY_ID"":""696fda5e11dcb61d45eea559"",""SESSION_ID"":""69700daee55d73d574d01100""}",2026-01-20T23:21:16.139429204Z,"{""plan"":""I'm going to assume the other person will try to park the car in the spot that gives the most MUs and try to park in the other spots.""}",2026-01-20T23:24:29.749251928Z
01KFEVNHEYQQFWD8A0C60E7P9W,,,,,no game available,2026-01-20T23:27:27.666803848Z,game failed,2026-01-20T23:27:19.596987686Z,,,true,2026-01-20T23:27:27.67184998Z,"{""gamefailed"":""nogame""}",2026-01-20T23:27:27.660686187Z,01KFEV37DDWATEP2WW25T4XFVW,2026-01-20T23:26:03.803045239Z,1,2026-01-20T23:27:02.536801714Z,,,01KFEVNGZ3SMZ0PRHD8ET280V3,2026-01-20T23:26:03.742558515Z,6932ba5e88c5e1b4d2b3351b,2026-01-20T23:26:03.742558515Z,"{""advice"":""Try to get the best outcome for yourself."",""adviceType"":""CG"",""numRounds"":13,""playerCount"":2}",2026-01-20T23:26:03.803045239Z,CG_selfish,2026-01-20T23:26:03.803045239Z,"{""PROLIFIC_PID"":""6932ba5e88c5e1b4d2b3351b"",""STUDY_ID"":""696fda5e11dcb61d45eea559"",""SESSION_ID"":""69700ec39a19b4b6d29f7e73""}",2026-01-20T23:26:04.021561913Z,,
01KFEV6PVNKNKPXT116BVCM3W4,"{""advice"":""Try to get the best outcome for yourself.""}",2026-01-20T23:20:25.294223808Z,10,2026-01-20T23:21:18.385592477Z,disconnected,2026-01-20T23:21:53.803655957Z,game ended,2026-01-20T23:21:53.821271118Z,1,2026-01-20T23:22:48.866625518Z,,,"{""adviceFollowed"":"""",""partnerAdvice"":""I don't know, the game ended so abruptly"",""feedback"":""Game Ended Early\n\nUnfortunately, your partner disconnected or did not respond in time, so the game ended early.""}",2026-01-20T23:22:48.863364846Z,01KFEV2C0EQZAQP8AFWFARX9S3,2026-01-20T23:17:57.757362232Z,3,2026-01-20T23:20:25.452558307Z,true,2026-01-20T23:21:09.88488319Z,01KFEV6P4PMF5EP60P90ES582T,2026-01-20T23:17:57.74907283Z,5b6f2884c727a90001529ef0,2026-01-20T23:17:57.74907283Z,"{""advice"":""Try to get the best outcome for yourself."",""adviceType"":""noCG"",""chatEnabled"":false,""numRounds"":13,""playerCount"":2}",2026-01-20T23:17:57.757362232Z,noCG_selfish,2026-01-20T23:17:57.757362232Z,"{""PROLIFIC_PID"":""5b6f2884c727a90001529ef0"",""STUDY_ID"":""696fda5e11dcb61d45eea559"",""SESSION_ID"":""69700cd77a29ecfe2ceebe98""}",2026-01-20T23:17:58.123579643Z,"{""plan"":""I will alternate between A and C""}",2026-01-20T23:21:09.88317339Z
01KFEV86DXXGMH25YQ8QC6JEB7,"{""advice"":""Try to get the best outcome for yourself.""}",2026-01-20T23:19:57.186418441Z,126,2026-01-20T23:25:25.976544303Z,,,game ended,2026-01-20T23:25:35.110160296Z,1,2026-01-20T23:26:01.163570257Z,,,"{""adviceFollowed"":""Yes. "",""partnerAdvice"":"""",""feedback"":""I was getting frustrated with their answers. ""}",2026-01-20T23:26:01.168227635Z,01KFEV378H0PY96RNMJFNCN7TE,2026-01-20T23:20:28.19628961Z,3,2026-01-20T23:19:57.188236127Z,true,2026-01-20T23:20:31.122595913Z,01KFEV868VHD4TM2PKCM9WF42A,2026-01-20T23:18:46.462634356Z,63268ad93b6ecc1acf782a21,2026-01-20T23:18:46.462634356Z,"{""advice"":""Try to get the best outcome for yourself."",""adviceType"":""CG"",""numRounds"":13,""playerCount"":2}",2026-01-20T23:18:46.47044725Z,CG_selfish,2026-01-20T23:18:46.47044725Z,"{""PROLIFIC_PID"":""63268ad93b6ecc1acf782a21"",""STUDY_ID"":""696fda5e11dcb61d45eea559"",""SESSION_ID"":""69700d3008b21258363a2894""}",2026-01-20T23:18:46.57610616Z,"{""plan"":""I want to make sure I get the most points. I also want to make sure my teammate works well with me. I am going to try to tell them where to go. ""}",2026-01-20T23:20:31.119300205Z
01KFEVB2WK99SDZDFQAW6KYB9M,"{""advice"":""Try to get the best outcome for yourself.""}",2026-01-20T23:23:07.428214833Z,309,2026-01-20T23:29:43.135138817Z,,,game ended,2026-01-20T23:29:51.926558626Z,1,2026-01-20T23:31:27.246948917Z,,,"{""adviceFollowed"":"""",""partnerAdvice"":""Be greedy or look out for yourself similar to mine."",""feedback"":""I changed strategy to the one i mentioned. It changed to a either both get nothing or you choose the purple spot. ""}",2026-01-20T23:31:27.24048582Z,01KFEVMNB841AFDZFM4WSW4FTD,2026-01-20T23:26:05.270484947Z,3,2026-01-20T23:23:07.542955301Z,true,2026-01-20T23:26:38.912899199Z,01KFEVB2DW3EHDQJD7RDS3C1WD,2026-01-20T23:20:21.139678154Z,63bdef3b9afda6ccbc698cd0,2026-01-20T23:20:21.139678154Z,"{""advice"":""Try to get the best outcome for yourself."",""adviceType"":""noCG"",""chatEnabled"":false,""numRounds"":13,""playerCount"":2}",2026-01-20T23:20:21.149167501Z,noCG_selfish,2026-01-20T23:20:21.149167501Z,"{""PROLIFIC_PID"":""63bdef3b9afda6ccbc698cd0"",""STUDY_ID"":""696fda5e11dcb61d45eea559"",""SESSION_ID"":""69700d9c367a334826555a9f""}",2026-01-20T23:20:21.449228383Z,"{""plan"":""The strategy depends on if there is communication. If there is no communication then both players will most likely overthink their strategies and try to predict their team mate being selfish and end up colliding a lot. The safest play is 7MU while the most common would be 10MU and greedy players choosing 19MU. I will rotate between 10MU and 7MU and rarely choose 19MU.""}",2026-01-20T23:26:38.907858963Z
01KFEVQHZEQVXRSD1YS66SPCM1,,,,,no game available,2026-01-20T23:27:27.557644149Z,game failed,2026-01-20T23:27:19.596987686Z,,,true,2026-01-20T23:27:27.562660878Z,"{""gamefailed"":""nogame""}",2026-01-20T23:27:27.551808162Z,01KFEV37DDWATEP2WW25T4XFVW,2026-01-20T23:27:09.819715047Z,,,,,01KFEVQH97DANKHA5MWZ25AEZW,2026-01-20T23:27:09.806395792Z,67c880077a3941dcdb40e46b,2026-01-20T23:27:09.806395792Z,"{""advice"":""Try to get the best outcome for yourself."",""adviceType"":""CG"",""numRounds"":13,""playerCount"":2}",2026-01-20T23:27:09.819715047Z,CG_selfish,2026-01-20T23:27:09.819715047Z,"{""PROLIFIC_PID"":""67c880077a3941dcdb40e46b"",""STUDY_ID"":""696fda5e11dcb61d45eea559"",""SESSION_ID"":""69700f343c72ac43a8790879""}",2026-01-20T23:27:10.203772779Z,,
01KFEVY502SJ2FK1Q7WFM0PHB4,"{""advice"":""Try to get the best outcome for yourself.""}",2026-01-20T23:31:55.938762739Z,179,2026-01-20T23:34:12.919390706Z,,,game ended,2026-01-20T23:34:21.990540297Z,1,2026-01-20T23:34:53.27662161Z,,,"{""adviceFollowed"":""I think I did as I picked C many times so got more MU for myself. My partner mainly stuck to B so they could have earned more."",""partnerAdvice"":"""",""feedback"":""""}",2026-01-20T23:34:53.268686505Z,01KFEV385166A8JYCZ9G4DMHRQ,2026-01-20T23:32:02.886525475Z,3,2026-01-20T23:31:56.047315143Z,true,2026-01-20T23:32:15.966941578Z,01KFEVY4J5N027XJ8PB2AR6677,2026-01-20T23:30:45.890173066Z,5a94fbadf05361000171bc25,2026-01-20T23:30:45.890173066Z,"{""advice"":""Try to get the best outcome for yourself."",""adviceType"":""CG"",""numRounds"":13,""playerCount"":2}",2026-01-20T23:30:45.906525029Z,CG_selfish,2026-01-20T23:30:45.906525029Z,"{""PROLIFIC_PID"":""5a94fbadf05361000171bc25"",""STUDY_ID"":""696fda5e11dcb61d45eea559"",""SESSION_ID"":""69700fbeb4dac104086c8df1""}",2026-01-20T23:30:46.141037351Z,"{""plan"":""Try and get the most MU for myself and park in different spots to the other player.""}",2026-01-20T23:32:15.96058262Z
01KFEV6V20FH8Q8TGZN4SVCF5R,"{""advice"":""Try to find an outcome that's fair for both of you.""}",2026-01-20T23:19:20.791199322Z,141,2026-01-20T23:25:32.319321864Z,,,game ended,2026-01-20T23:25:48.454742049Z,1,2026-01-20T23:27:26.59898875Z,,,"{""adviceFollowed"":"""",""partnerAdvice"":""Go for the higher paid option when possible."",""feedback"":""""}",2026-01-20T23:27:26.593680795Z,01KFEV378PDZP87HXSESW6BA01,2026-01-20T23:19:21.882686043Z,3,2026-01-20T23:19:20.792916603Z,true,2026-01-20T23:22:30.945068516Z,01KFEV6TJQXRRS80KBZ9XPQ0AY,2026-01-20T23:18:02.048119812Z,6130c7f7d0112fa23b17079c,2026-01-20T23:18:02.048119812Z,"{""advice"":""Try to find an outcome that's fair for both of you."",""adviceType"":""noCG"",""chatEnabled"":false,""numRounds"":13,""playerCount"":2}",2026-01-20T23:18:02.056871504Z,noCG_cooperate,2026-01-20T23:18:02.056871504Z,"{""PROLIFIC_PID"":""6130c7f7d0112fa23b17079c"",""STUDY_ID"":""696fda5e11dcb61d45eea559"",""SESSION_ID"":""69700cc31f1bf556505acf49""}",2026-01-20T23:18:02.28317655Z,"{""plan"":""I think that I should always pick the one that has the same regular earnings (so in the example it would be orange as we would receive 10 MU each) as I think my partner will also pick the fairer option. I generally think it is more likely that they will either pick the fairer option or (if they don't go for that) the option with the higher base earnings so I think we may be able to minimise collisions this way. I think I may try to pick the second option out of the two equal options in the hope that my partner may instinctively go for the first option. ""}",2026-01-20T23:22:30.940805158Z
01KFEV8PSQBX7P1ARFP0SDDW57,"{""advice"":""Try to find an outcome that's fair for both of you.""}",2026-01-20T23:20:29.871385068Z,164,2026-01-20T23:28:15.426658287Z,,,game ended,2026-01-20T23:28:29.564801762Z,1,2026-01-20T23:29:30.60474817Z,,,"{""adviceFollowed"":"""",""partnerAdvice"":""He was trying to choose C every time, since was the one with the biggest earnings."",""feedback"":""""}",2026-01-20T23:29:30.611024377Z,01KFEV37PYV9HETXX2PSGE1RKD,2026-01-20T23:24:22.444483329Z,3,2026-01-20T23:20:29.869415325Z,true,2026-01-20T23:24:37.044850462Z,01KFEV8P9YN6GB4DFEEBSERGY3,2026-01-20T23:19:03.223219194Z,692e8f1540ec35b6b4bb0b51,2026-01-20T23:19:03.223219194Z,"{""advice"":""Try to find an outcome that's fair for both of you."",""adviceType"":""noCG"",""chatEnabled"":false,""numRounds"":13,""playerCount"":2}",2026-01-20T23:19:03.230847813Z,noCG_cooperate,2026-01-20T23:19:03.230847813Z,"{""PROLIFIC_PID"":""692e8f1540ec35b6b4bb0b51"",""STUDY_ID"":""696fda5e11dcb61d45eea559"",""SESSION_ID"":""69700d323b6020ac877d2e1d""}",2026-01-20T23:19:03.468165242Z,"{""plan"":""I´m expecting my partner to park in biggest earnings spot, so I will start to park on D. I don´t know what I´m going to do after, let it flow!!!""}",2026-01-20T23:24:37.048586453Z
01KFEVS2V4E04ZSXN70AA84NS2,"{""advice"":""Try to find an outcome that's fair for both of you.""}",2026-01-20T23:32:54.650361064Z,,,no game available,2026-01-20T23:33:49.141794069Z,game failed,2026-01-20T23:33:33.573805185Z,,,true,2026-01-20T23:33:49.154887084Z,"{""gamefailed"":""nogame""}",2026-01-20T23:33:49.148651692Z,01KFEV384Y33BFECW26XZEQAZH,2026-01-20T23:27:59.898583549Z,3,2026-01-20T23:32:54.643934639Z,,,01KFEVS0ZXASWRD3R7CPZ5F6A8,2026-01-20T23:27:59.844648952Z,67dd46602623d4bf857f7fa2,2026-01-20T23:27:59.844648952Z,"{""advice"":""Try to find an outcome that's fair for both of you."",""adviceType"":""CG"",""chatEnabled"":false,""numRounds"":13,""playerCount"":2}",2026-01-20T23:27:59.862285975Z,CG_cooperate,2026-01-20T23:27:59.862285975Z,"{""PROLIFIC_PID"":""67dd46602623d4bf857f7fa2"",""STUDY_ID"":""696fda5e11dcb61d45eea559"",""SESSION_ID"":""69700cf021ca0a9e5953f194""}",2026-01-20T23:28:00.287031782Z,,
01KFEVVPVMNR90RS0DGAX989B7,"{""advice"":""Try to get the best outcome for yourself.""}",2026-01-20T23:31:45.407925664Z,105,2026-01-20T23:35:50.390671988Z,,,game ended,2026-01-20T23:36:25.308057901Z,1,2026-01-20T23:37:13.796330507Z,,,"{""adviceFollowed"":""Yes, they followed it well, I think at the end we were both loosers"",""partnerAdvice"":"""",""feedback"":""I had to refresh the pagge a few times""}",2026-01-20T23:37:13.804477176Z,01KFEV38H48T18ZRM15RETR33C,2026-01-20T23:33:01.92862248Z,3,2026-01-20T23:31:45.476865635Z,true,2026-01-20T23:33:11.329154955Z,01KFEVVPN6HYE6M7M2T0SP32W3,2026-01-20T23:29:25.876598831Z,67acdeb7742d1e454c2036e6,2026-01-20T23:29:25.876598831Z,"{""advice"":""Try to get the best outcome for yourself."",""adviceType"":""CG"",""numRounds"":13,""playerCount"":2}",2026-01-20T23:29:25.891811984Z,CG_selfish,2026-01-20T23:29:25.891811984Z,"{""PROLIFIC_PID"":""67acdeb7742d1e454c2036e6"",""STUDY_ID"":""696fda5e11dcb61d45eea559"",""SESSION_ID"":""69700fc1fcd44bf674f308f2""}",2026-01-20T23:29:26.003905247Z,"{""plan"":""I think I am gonna aim for alway the same spot in the A or B side, Hoping he can catch my strategy and not change spots, I think it's the best outcome for both of us, otherwise wi will collide all the time""}",2026-01-20T23:33:11.279567215Z
01KFEVXFAQE8X4YEWXW17GBY46,"{""advice"":""Try to get the best outcome for yourself.""}",2026-01-20T23:32:18.425473571Z,160,2026-01-20T23:36:07.213001783Z,,,game ended,2026-01-20T23:36:15.835221319Z,1,2026-01-20T23:37:54.510772682Z,,,"{""adviceFollowed"":""Not at the beginning. I chose the lowest reward, and my partner went for the A and B. Then my partner was willing to alternate between C and D, I guess. We ended up following each other."",""partnerAdvice"":"""",""feedback"":""My second round did not load. A refresh was enough, though I was afraid to exit doing so.""}",2026-01-20T23:37:54.502577994Z,01KFEVMNBC23RB4D79KEQ4G0VS,2026-01-20T23:33:11.356904769Z,3,2026-01-20T23:32:18.43279812Z,true,2026-01-20T23:33:52.774814978Z,01KFEVXETHHXWJYHM2WJMWK4JS,2026-01-20T23:30:23.703725727Z,69162178bdf7bf4e3eea5ee8,2026-01-20T23:30:23.703725727Z,"{""advice"":""Try to get the best outcome for yourself."",""adviceType"":""CG"",""numRounds"":13,""playerCount"":2}",2026-01-20T23:30:23.718731688Z,CG_selfish,2026-01-20T23:30:23.718731688Z,"{""PROLIFIC_PID"":""69162178bdf7bf4e3eea5ee8"",""STUDY_ID"":""696fda5e11dcb61d45eea559"",""SESSION_ID"":""69700fea4a44f41cda32d738""}",2026-01-20T23:30:23.851518375Z,"{""plan"":""I will always take D. I assume my partner will want the max rewards, which is C. This is the logical choice, and the advice we received. If I take D, we will get the bonus. Choosing C would affect both of us, if my assumption of my partner choosing C is true.""}",2026-01-20T23:33:52.766565199Z
01KFEV46YBCF5X09FCFJF4VDEY,"{""advice"":""Try to find an outcome that's fair for both of you.""}",2026-01-20T23:17:56.063276824Z,259,2026-01-20T23:20:43.142158384Z,,,game ended,2026-01-20T23:20:52.14292251Z,1,2026-01-20T23:22:18.448088517Z,,,"{""adviceFollowed"":"""",""partnerAdvice"":""Probably to just avoid a collusion honestly, otherwise the same instructions as me."",""feedback"":""Whenever it asked me how much I had earned total, it was laggy, like it frequently wouldn't catch me putting in 2, and catching the 0 first, so I'd have to re-enter it. We got done much sooner than 10 minutes so I hope we still get the $2 plus the bonus.""}",2026-01-20T23:22:18.449298436Z,01KFEV2C08ND9C9BYW8N2T146P,2026-01-20T23:16:35.929032344Z,3,2026-01-20T23:17:56.063725116Z,true,2026-01-20T23:18:52.73030565Z,01KFEV46ATVQ3GZR1Q42PX12RX,2026-01-20T23:16:35.915525324Z,634e1076f43266192b130e13,2026-01-20T23:16:35.915525324Z,"{""advice"":""Try to find an outcome that's fair for both of you."",""adviceType"":""noCG"",""chatEnabled"":false,""numRounds"":13,""playerCount"":2}",2026-01-20T23:16:35.929032344Z,noCG_cooperate,2026-01-20T23:16:35.929032344Z,"{""PROLIFIC_PID"":""634e1076f43266192b130e13"",""STUDY_ID"":""696fda5e11dcb61d45eea559"",""SESSION_ID"":""69700cc0da4c993dd94babd2""}",2026-01-20T23:16:36.097776098Z,"{""plan"":""I think we should both plan on parking in either A or B, that way we still get potentially 20MU, that is the most fair. We should avoid D and only use C occasionally.""}",2026-01-20T23:18:52.730742135Z
01KFEVE55BQ40NXX8QW3R5RX0T,"{""advice"":""Try to get the best outcome for yourself.""}",2026-01-20T23:23:20.612157643Z,178,2026-01-20T23:29:46.416176302Z,,,game ended,2026-01-20T23:30:23.358076856Z,1,2026-01-20T23:31:40.635127344Z,,,"{""adviceFollowed"":"""",""partnerAdvice"":""none i do not think they were a real person"",""feedback"":""""}",2026-01-20T23:31:40.641594231Z,01KFEV38AJ2CFPYBQZ58NH0V5J,2026-01-20T23:23:45.660876796Z,3,2026-01-20T23:23:20.614068011Z,true,2026-01-20T23:24:36.934226996Z,01KFEVE4FCV3JA88JD5MCN0K6N,2026-01-20T23:22:01.772007031Z,5bf2f728bd9f150001f6cc42,2026-01-20T23:22:01.772007031Z,"{""advice"":""Try to get the best outcome for yourself."",""adviceType"":""noCG"",""chatEnabled"":false,""numRounds"":13,""playerCount"":2}",2026-01-20T23:22:01.780072466Z,noCG_selfish,2026-01-20T23:22:01.780072466Z,"{""PROLIFIC_PID"":""5bf2f728bd9f150001f6cc42"",""STUDY_ID"":""696fda5e11dcb61d45eea559"",""SESSION_ID"":""69700def9d7f54ebffe63b37""}",2026-01-20T23:22:02.020353312Z,"{""plan"":""i will look for different spots.  i think i will get the best reward that way""}",2026-01-20T23:24:36.930696585Z
01KFEVW9PV7SJ42VT7GTTE4SGT,"{""advice"":""Try to get the best outcome for yourself.""}",2026-01-20T23:31:46.949396894Z,98,2026-01-20T23:36:40.852443439Z,,,game ended,2026-01-20T23:36:55.189513064Z,1,2026-01-20T23:37:58.387755146Z,,,"{""adviceFollowed"":""to well bad advice"",""partnerAdvice"":"""",""feedback"":""alternating c is the best strategy""}",2026-01-20T23:37:58.372046974Z,01KFEV38AHTHHCNTDGHAJN0GXG,2026-01-20T23:32:29.774804636Z,3,2026-01-20T23:31:46.962562254Z,true,2026-01-20T23:33:01.896485302Z,01KFEVW9453Y9XMKTMJY7NW29N,2026-01-20T23:29:45.179736823Z,64a3e3a7b17af2ccd6336581,2026-01-20T23:29:45.179736823Z,"{""advice"":""Try to get the best outcome for yourself."",""adviceType"":""CG"",""numRounds"":13,""playerCount"":2}",2026-01-20T23:29:45.195047455Z,CG_selfish,2026-01-20T23:29:45.195047455Z,"{""PROLIFIC_PID"":""64a3e3a7b17af2ccd6336581"",""STUDY_ID"":""696fda5e11dcb61d45eea559"",""SESSION_ID"":""69700fc73c72ac43a8790886""}",2026-01-20T23:29:45.531522136Z,"{""plan"":""alternate with my partner to park in c and the other in a or b""}",2026-01-20T23:33:01.889463093Z
01KFEVYB6HS3VX2GA7D4G2GPMT,"{""advice"":""Try to get the best outcome for yourself.""}",2026-01-20T23:32:28.850304583Z,120,2026-01-20T23:35:50.390671988Z,,,game ended,2026-01-20T23:36:25.308057901Z,1,2026-01-20T23:37:21.914430421Z,,,"{""adviceFollowed"":""Yes it felt like we were both trying to do the same thing at the same time unfortunately."",""partnerAdvice"":"""",""feedback"":""""}",2026-01-20T23:37:21.922019724Z,01KFEV38H48T18ZRM15RETR33C,2026-01-20T23:33:01.92862248Z,3,2026-01-20T23:32:28.856984633Z,true,2026-01-20T23:33:10.016701701Z,01KFEVYAZH8MBVCBN7NQXRYGA4,2026-01-20T23:30:52.241217958Z,5e88dd7a0febe805d3a120b6,2026-01-20T23:30:52.241217958Z,"{""advice"":""Try to get the best outcome for yourself."",""adviceType"":""CG"",""numRounds"":13,""playerCount"":2}",2026-01-20T23:30:52.256076022Z,CG_selfish,2026-01-20T23:30:52.256076022Z,"{""PROLIFIC_PID"":""5e88dd7a0febe805d3a120b6"",""STUDY_ID"":""696fda5e11dcb61d45eea559"",""SESSION_ID"":""697010104e488f31d007f5a9""}",2026-01-20T23:30:52.4063652Z,"{""plan"":""I think I am going to pick B because I feel like the other player may try to go for C to try to earn more and I don't want to have a collision""}",2026-01-20T23:33:10.01028676Z
01KFEW2CHJQZ9TDCN78BA2VKEM,"{""advice"":""Try to find an outcome that's fair for both of you.""}",2026-01-20T23:35:27.573429001Z,270,2026-01-20T23:40:51.795684328Z,,,game ended,2026-01-20T23:41:07.249006166Z,1,2026-01-20T23:41:36.006560787Z,,,"{""adviceFollowed"":"""",""partnerAdvice"":""Purple is a win"",""feedback"":""""}",2026-01-20T23:41:35.997340042Z,01KFEV38AJ2CFPYBQZ5JKK7PV4,2026-01-20T23:37:03.078350814Z,3,2026-01-20T23:35:27.565732802Z,true,2026-01-20T23:37:05.463675102Z,01KFEW2AN90MRPPMK85YCWZBYG,2026-01-20T23:33:04.690124517Z,67cffd43e29c74df505da124,2026-01-20T23:33:04.690124517Z,"{""advice"":""Try to find an outcome that's fair for both of you."",""adviceType"":""noCG"",""chatEnabled"":false,""numRounds"":13,""playerCount"":2}",2026-01-20T23:33:04.792902568Z,noCG_cooperate,2026-01-20T23:33:04.792902568Z,"{""PROLIFIC_PID"":""67cffd43e29c74df505da124"",""STUDY_ID"":""696fda5e11dcb61d45eea559"",""SESSION_ID"":""69700fc77ebe731e44755c8c""}",2026-01-20T23:33:05.410901075Z,"{""plan"":""no game plan just to win everything""}",2026-01-20T23:37:05.454696927Z
01KFEV4F59CE4SZAQ7AMYA0Y6G,"{""advice"":""Try to get the best outcome for yourself.""}",2026-01-20T23:18:12.810225186Z,19,2026-01-20T23:21:18.385592477Z,disconnected,2026-01-20T23:21:53.803655957Z,game ended,2026-01-20T23:21:53.821271118Z,1,2026-01-20T23:22:14.695480721Z,,,"{""adviceFollowed"":"""",""partnerAdvice"":""The same one."",""feedback"":""""}",2026-01-20T23:22:14.693278571Z,01KFEV2C0EQZAQP8AFWFARX9S3,2026-01-20T23:16:44.342430602Z,3,2026-01-20T23:18:12.810696564Z,true,2026-01-20T23:18:50.960491145Z,01KFEV4ENCNDKXV6MAX8T9D9E4,2026-01-20T23:16:44.329428751Z,5f6495def933d1021b49e3da,2026-01-20T23:16:44.329428751Z,"{""advice"":""Try to get the best outcome for yourself."",""adviceType"":""noCG"",""chatEnabled"":false,""numRounds"":13,""playerCount"":2}",2026-01-20T23:16:44.342430602Z,noCG_selfish,2026-01-20T23:16:44.342430602Z,"{""PROLIFIC_PID"":""5f6495def933d1021b49e3da"",""STUDY_ID"":""696fda5e11dcb61d45eea559"",""SESSION_ID"":""69700cc07d17b2aa6c6d64ee""}",2026-01-20T23:16:44.626657777Z,"{""plan"":""My game plan is to get the most earning possible""}",2026-01-20T23:18:50.954403227Z
01KFEW5BKPC6PA6AD6TVFX3GTH,"{""advice"":""Try to find an outcome that's fair for both of you.""}",2026-01-20T23:37:07.324878425Z,119,2026-01-20T23:40:26.067720689Z,,,game ended,2026-01-20T23:40:39.468319039Z,1,2026-01-20T23:41:42.784543644Z,,,"{""adviceFollowed"":"""",""partnerAdvice"":""I don't know, but he didn't follow what I was thinking to do, probably he wanted to do A-B always instead of B-D turning turns and we end up with way less than we could"",""feedback"":""""}",2026-01-20T23:41:42.774987436Z,01KFEV38H8T2V9428VC9T7MEBA,2026-01-20T23:37:06.323512396Z,3,2026-01-20T23:37:07.332684116Z,true,2026-01-20T23:37:55.936288933Z,01KFEW5B36PPD3091DRJDPCXVN,2026-01-20T23:34:42.038051843Z,66f2cda61eca757d3b81910a,2026-01-20T23:34:42.038051843Z,"{""advice"":""Try to find an outcome that's fair for both of you."",""adviceType"":""noCG"",""chatEnabled"":false,""numRounds"":13,""playerCount"":2}",2026-01-20T23:34:42.055860472Z,noCG_cooperate,2026-01-20T23:34:42.055860472Z,"{""PROLIFIC_PID"":""66f2cda61eca757d3b81910a"",""STUDY_ID"":""696fda5e11dcb61d45eea559"",""SESSION_ID"":""69700ebb3783689098bb8ee2""}",2026-01-20T23:34:42.303869741Z,"{""plan"":""I would like to do half times C and half D, and would like the other participant to do the same, on turns so we both earn the max possible points""}",2026-01-20T23:37:55.945016625Z
01KFEVCQTYNZYE4TGA9WFYBM2V,"{""advice"":""Try to get the best outcome for yourself.""}",2026-01-20T23:22:40.321137659Z,121,2026-01-20T23:26:28.90326148Z,,,game ended,2026-01-20T23:26:54.334166127Z,1,2026-01-20T23:27:53.695829397Z,,,"{""adviceFollowed"":"""",""partnerAdvice"":""Don't pick the same letter everytime"",""feedback"":""""}",2026-01-20T23:27:53.686951208Z,01KFEV384Y33BFECW27AH8GSGD,2026-01-20T23:23:39.059923251Z,3,2026-01-20T23:22:40.45958409Z,true,2026-01-20T23:23:43.432466616Z,01KFEVCQ8YSGYJ48ZR2S5TNGWB,2026-01-20T23:21:15.358914556Z,60f3bc4e36762e0c2d9132cb,2026-01-20T23:21:15.358914556Z,"{""advice"":""Try to get the best outcome for yourself."",""adviceType"":""noCG"",""chatEnabled"":false,""numRounds"":13,""playerCount"":2}",2026-01-20T23:21:15.36640031Z,noCG_selfish,2026-01-20T23:21:15.36640031Z,"{""PROLIFIC_PID"":""60f3bc4e36762e0c2d9132cb"",""STUDY_ID"":""696fda5e11dcb61d45eea559"",""SESSION_ID"":""69700da66f0b61dfd3c3689c""}",2026-01-20T23:21:15.665443485Z,"{""plan"":""I will try to park in A, B or C. I won't try to park everytime in C.""}",2026-01-20T23:23:43.291764125Z
01KFEW4NGJQK3SC6VDT657XA1V,"{""advice"":""Try to find an outcome that's fair for both of you.""}",2026-01-20T23:37:57.544340514Z,220,2026-01-20T23:41:49.939256611Z,,,game ended,2026-01-20T23:41:56.702095959Z,1,2026-01-20T23:43:48.514679893Z,,,"{""adviceFollowed"":"""",""partnerAdvice"":""to choose B all the time so that I would choose A and it would be fair"",""feedback"":""""}",2026-01-20T23:43:48.505296836Z,01KFEVMNAWK7WRWM1AMQZKX6SA,2026-01-20T23:37:55.984432454Z,3,2026-01-20T23:37:57.553911788Z,true,2026-01-20T23:39:33.921428303Z,01KFEW4N0QYRGDWB6ZM3B0A8Q4,2026-01-20T23:34:19.410534235Z,5f4ba3033e73c8041f4a59cc,2026-01-20T23:34:19.410534235Z,"{""advice"":""Try to find an outcome that's fair for both of you."",""adviceType"":""noCG"",""chatEnabled"":false,""numRounds"":13,""playerCount"":2}",2026-01-20T23:34:19.430245728Z,noCG_cooperate,2026-01-20T23:34:19.430245728Z,"{""PROLIFIC_PID"":""5f4ba3033e73c8041f4a59cc"",""STUDY_ID"":""696fda5e11dcb61d45eea559"",""SESSION_ID"":""697010bc29bc22995f315130""}",2026-01-20T23:34:19.697024706Z,"{""plan"":""we keep choosing A B to get a fair share""}",2026-01-20T23:39:33.913548926Z
01KFEW5FZV8DJQHAEBGYDRHDRY,"{""advice"":""Try to find an outcome that's fair for both of you.""}",2026-01-20T23:39:00.828973079Z,,,no game available,2026-01-20T23:41:11.13694021Z,null,2026-01-20T23:43:14.577923383Z,,,true,2026-01-20T23:41:11.405102112Z,"{""gamefailed"":""nogame""}",2026-01-20T23:41:11.14541016Z,01KFEWMTFJ485K1WF5ETNPF6XB,2026-01-20T23:43:14.577923383Z,3,2026-01-20T23:39:00.838280919Z,,,01KFEW5EVC8HBCESXS9HPDDMYJ,2026-01-20T23:34:46.523927697Z,6666d8aa82831e64a5e95264,2026-01-20T23:34:46.523927697Z,"{""advice"":""Try to find an outcome that's fair for both of you."",""adviceType"":""noCG"",""chatEnabled"":false,""numRounds"":13,""playerCount"":2}",2026-01-20T23:34:46.544008407Z,noCG_cooperate,2026-01-20T23:34:46.544008407Z,"{""PROLIFIC_PID"":""6666d8aa82831e64a5e95264"",""STUDY_ID"":""696fda5e11dcb61d45eea559"",""SESSION_ID"":""697010d298dba174745611b7""}",2026-01-20T23:34:47.102749044Z,,
01KFEW6A5E0ZVTNJ585Y831423,"{""advice"":""Try to find an outcome that's fair for both of you.""}",2026-01-20T23:37:13.500682562Z,216,2026-01-20T23:43:00.917115988Z,,,game ended,2026-01-20T23:43:24.275219917Z,1,2026-01-20T23:45:08.943169242Z,,,"{""adviceFollowed"":"""",""partnerAdvice"":""I BELIEVE MY PARTNER RECEIVED THE SAME INSTRUCTIONS TO MAXIMIZE THEIR TOTAL MU"",""feedback"":""""}",2026-01-20T23:45:08.934031115Z,01KFEVMNHFNDCGHX9QBBFN387E,2026-01-20T23:39:33.960080002Z,3,2026-01-20T23:37:13.509292456Z,true,2026-01-20T23:39:54.100915599Z,01KFEW6954PV1RK8H1AYNB50BQ,2026-01-20T23:35:13.32644638Z,678e7cb1ccebe968d60b9a81,2026-01-20T23:35:13.32644638Z,"{""advice"":""Try to find an outcome that's fair for both of you."",""adviceType"":""noCG"",""chatEnabled"":false,""numRounds"":13,""playerCount"":2}",2026-01-20T23:35:13.346102809Z,noCG_cooperate,2026-01-20T23:35:13.346102809Z,"{""PROLIFIC_PID"":""678e7cb1ccebe968d60b9a81"",""STUDY_ID"":""696fda5e11dcb61d45eea559"",""SESSION_ID"":""697010b9178805ccf6071d06""}",2026-01-20T23:35:13.840209569Z,"{""plan"":""MY PLAN IS TO TARGET THE PURPLE PARKING SPOTS BECAUSE THEY OFFER THEHIGHEST POTENTIAL COMBINED PAYOUT""}",2026-01-20T23:39:54.092640192Z
01KFEW6K9KXKK84272V15S7T1Z,"{""advice"":""Try to find an outcome that's fair for both of you.""}",2026-01-20T23:39:06.064855197Z,,,disconnected,2026-01-20T23:41:11.475903181Z,game ended,2026-01-20T23:41:11.510681538Z,1,2026-01-20T23:42:05.546218353Z,,,"{""adviceFollowed"":"""",""partnerAdvice"":""Aim higher"",""feedback"":""None""}",2026-01-20T23:42:05.537329726Z,01KFEVMNQ7WSYMPADRKJJ7K0T0,2026-01-20T23:39:57.607703811Z,3,2026-01-20T23:39:06.056680266Z,true,2026-01-20T23:40:52.240586464Z,01KFEW6J8ME7NMW7JNKRDFQCG4,2026-01-20T23:35:22.675165792Z,60c5dfa9d15990edc8f0c28a,2026-01-20T23:35:22.675165792Z,"{""advice"":""Try to find an outcome that's fair for both of you."",""adviceType"":""noCG"",""chatEnabled"":false,""numRounds"":13,""playerCount"":2}",2026-01-20T23:35:22.692562923Z,noCG_cooperate,2026-01-20T23:35:22.692562923Z,"{""PROLIFIC_PID"":""60c5dfa9d15990edc8f0c28a"",""STUDY_ID"":""696fda5e11dcb61d45eea559"",""SESSION_ID"":""697010be133f128623c3fc5d""}",2026-01-20T23:35:23.212934261Z,"{""plan"":""I prefer Aand B where we will both get equal share""}",2026-01-20T23:40:52.250586377Z
01KFEWA3ZKFQRVCEG62F0BJCT3,"{""advice"":""Try to find an outcome that's fair for both of you.""}",2026-01-20T23:41:47.270989791Z,105,2026-01-20T23:48:35.302074907Z,disconnected,2026-01-20T23:50:08.235244605Z,game ended,2026-01-20T23:50:08.279024633Z,1,2026-01-20T23:53:31.557808803Z,,,"{""adviceFollowed"":""A little bit..."",""partnerAdvice"":"""",""feedback"":""very captive study!""}",2026-01-20T23:53:31.567945409Z,01KFEV38H0S2Y42XZDBCZ2KPGY,2026-01-20T23:42:19.69796923Z,3,2026-01-20T23:41:47.260821647Z,true,2026-01-20T23:43:43.431305163Z,01KFEWA3C6DTCVF8NKS504Z5VN,2026-01-20T23:37:18.067398115Z,5d1e4a3ed4b9d60001ec8f1c,2026-01-20T23:37:18.067398115Z,"{""advice"":""Try to find an outcome that's fair for both of you."",""adviceType"":""CG"",""chatEnabled"":false,""numRounds"":13,""playerCount"":2}",2026-01-20T23:37:18.087904786Z,CG_cooperate,2026-01-20T23:37:18.087904786Z,"{""PROLIFIC_PID"":""5d1e4a3ed4b9d60001ec8f1c"",""STUDY_ID"":""696fda5e11dcb61d45eea559"",""SESSION_ID"":""697010b9de932f77d7f31320""}",2026-01-20T23:37:18.414785404Z,"{""plan"":""I will play accordingly to my partner's actions.""}",2026-01-20T23:43:43.440102565Z
