id,batchID,batchIDLastChangedAt,gameID,gameIDLastChangedAt,playerID,playerIDLastChangedAt
01KFEWEZT2GKNVNZ7YCF5QBQ1K,01KFEVMNF44NEM58ETFST7KTWM,2026-01-20T23:39:57.634895329Z,01KFEVMNHFNDCGHX9QBBFN387E,2026-01-20T23:39:57.634895329Z,01KFEW78ZH0TY6JQ9J3GJMR3E3,2026-01-20T23:39:57.634895329Z
01KFEWKAJECYMNZ7YK2SKN7RQG,01KFEV38A01XZ4DPRPFKRE96P8,2026-01-20T23:42:19.726553908Z,01KFEV38AGG0Y2K5R4FB90SKZX,2026-01-20T23:42:19.726553908Z,01KFEWAVJS7HWT66PSPCMXCC8X,2026-01-20T23:42:19.726553908Z
01KFEVRWPFQQM4K3A5DTWSTTY1,01KFEV37CWX6SQYA0RPR0C01MW,2026-01-20T23:27:53.551074731Z,01KFEV37DAAK9E08F076WKMM6J,2026-01-20T23:27:53.551074731Z,01KFEVGWWQWT7BAZNJDAAA325H,2026-01-20T23:27:53.551074731Z
01KFEW9NCA4NZSN3FFB0PJ7PDH,01KFEV384BJYC62Y0E6AQK09K8,2026-01-20T23:37:03.114585284Z,01KFEV384Z68A1Z7ZGWS1GDSZK,2026-01-20T23:37:03.114585284Z,01KFEW47TNE510SG18TR5ZERFB,2026-01-20T23:37:03.114585284Z
01KFEWKAJ5X0FPMF9ZRZ4AK0KK,01KFEV38A01XZ4DPRPFKRE96P8,2026-01-20T23:42:19.71714271Z,01KFEV38AGG0Y2K5R4FB90SKZX,2026-01-20T23:42:19.71714271Z,01KFEWAGFM06B6QMJF19QXPE10,2026-01-20T23:42:19.71714271Z
01KFEWVM3F5ZNMTMYB12WYPCT5,01KFEV38GJVYY8P8B7QXSW6BTE,2026-01-20T23:46:51.631370134Z,01KFEV38H0S2Y42XZDBCZ2KPGY,2026-01-20T23:46:51.631370134Z,01KFEWKWT6PWJAE8C8359J4DRM,2026-01-20T23:46:51.631370134Z
01KFEVCJHF8RVMBS62236S7BQ2,01KFEV2BZFDRZBG3Y0249RG1TW,2026-01-20T23:21:09.935674416Z,01KFEV2C0EQZAQP8AFWFARX9S3,2026-01-20T23:21:09.935674416Z,01KFEV4F59CE4SZAQ7AMYA0Y6G,2026-01-20T23:21:09.935674416Z
01KFEVNK0H3AN82Z7TH88AE6CW,01KFEV38GJVYY8P8B7QXSW6BTE,2026-01-20T23:26:05.329462718Z,01KFEV38H72YHVC8PGTMFH64KV,2026-01-20T23:26:05.329462718Z,01KFEVES59D98C046XG860H43T,2026-01-20T23:26:05.329462718Z
01KFEW7PMH8X99K39Q4JYX9N30,01KFEVMNF44NEM58ETFST7KTWM,2026-01-20T23:35:58.86583295Z,01KFEVMNH60E845G0BNN18WWCX,2026-01-20T23:35:58.86583295Z,01KFEVTBJ5QPGNSZPVYF1Q2TSQ,2026-01-20T23:35:58.86583295Z
01KFEWE8QGS7FJ7Q2CM0CV83DK,01KFEVMN9Q125N5N16W4WNYJXF,2026-01-20T23:39:34.000920109Z,01KFEVMNAWK7WRWM1AMQZKX6SA,2026-01-20T23:39:34.000920109Z,01KFEW4NGJQK3SC6VDT657XA1V,2026-01-20T23:39:34.000920109Z
01KFEVF1NV4G2WQ1FEVWQ9HGT3,01KFEV377XDCWB0CVW0E7ES8WB,2026-01-20T23:22:30.971294945Z,01KFEV378PDZP87HXSESW6BA01,2026-01-20T23:22:30.971294945Z,01KFEV6V20FH8Q8TGZN4SVCF5R,2026-01-20T23:22:30.971294945Z
01KFEVFBAVY1BQ9M7S95N4TA0D,01KFEV377XDCWB0CVW0E7ES8WB,2026-01-20T23:22:40.859641039Z,01KFEV378H0PY96RNMJTMM0E4X,2026-01-20T23:22:40.859641039Z,01KFEV8K48Q5MVC88J4XCQXRFY,2026-01-20T23:22:40.859641039Z
01KFEVJEHPVZWDWH62W590CR2Z,01KFEV37CWX6SQYA0RPR0C01MW,2026-01-20T23:24:22.454793577Z,01KFEV37DE991T271V0NJ5BY6K,2026-01-20T23:24:22.454793577Z,01KFEV7RE3Q2MQ5NN8AGQ7Y4PK,2026-01-20T23:24:22.454793577Z
01KFEW9RKNFGCXB4YSK24J3Z3D,01KFEV38A01XZ4DPRPFKRE96P8,2026-01-20T23:37:06.421201462Z,01KFEV38AJ2CFPYBQZ5JKK7PV4,2026-01-20T23:37:06.421201462Z,01KFEW2CHJQZ9TDCN78BA2VKEM,2026-01-20T23:37:06.421201462Z
01KFEVHAN5160XE61XWBVZMP0J,01KFEV384BJYC62Y0E6AQK09K8,2026-01-20T23:23:45.701307796Z,01KFEV384Y33BFECW27AH8GSGD,2026-01-20T23:23:45.701307796Z,01KFEVCQTYNZYE4TGA9WFYBM2V,2026-01-20T23:23:45.701307796Z
01KFEVKCK9ECR9JX7EF8BD5CQJ,01KFEV37PBC6DGWCX0HT0QWYJR,2026-01-20T23:24:53.225641588Z,01KFEV37PYV9HETXX2PSGE1RKD,2026-01-20T23:24:53.225641588Z,01KFEV8PSQBX7P1ARFP0SDDW57,2026-01-20T23:24:53.225641588Z
01KFEW0G70J2SRVSB9220SBX6R,01KFEV37PBC6DGWCX0HT0QWYJR,2026-01-20T23:32:02.912364733Z,01KFEV37Q0WSYAYKWHM2EXN0DN,2026-01-20T23:32:02.912364733Z,01KFEVWXXVHBHP5S1AZQQ4JZFK,2026-01-20T23:32:02.912364733Z
01KFEW3VHKR3SWB2X6PJBG9AM4,01KFEVMN9Q125N5N16W4WNYJXF,2026-01-20T23:33:52.819661847Z,01KFEVMNBC23RB4D79KEQ4G0VS,2026-01-20T23:33:52.819661847Z,01KFEVXFAQE8X4YEWXW17GBY46,2026-01-20T23:33:52.819661847Z
01KFEV99145C0A4C5RXRWWXVJ7,01KFEV2BZFDRZBG3Y0249RG1TW,2026-01-20T23:19:21.892063913Z,01KFEV2C08ND9C9BYW8N2T146P,2026-01-20T23:19:21.892063913Z,01KFEV46YBCF5X09FCFJF4VDEY,2026-01-20T23:19:21.892063913Z
01KFEVFBAX3CNGKMZDYNMYKBN2,01KFEV377XDCWB0CVW0E7ES8WB,2026-01-20T23:22:40.861220306Z,01KFEV378H0PY96RNMJTMM0E4X,2026-01-20T23:22:40.861220306Z,01KFEV8TC8AZEPV3G36SCZ12C3,2026-01-20T23:22:40.861220306Z
01KFEVKCKCS8KMWJ2KFB4378SB,01KFEV37PBC6DGWCX0HT0QWYJR,2026-01-20T23:24:53.228313375Z,01KFEV37PYV9HETXX2PSGE1RKD,2026-01-20T23:24:53.228313375Z,01KFEVDMPGK2KG6CGRXX80WQ5A,2026-01-20T23:24:53.228313375Z
01KFEVPNEB5DT0BG9DY02S5NFH,01KFEVMN9Q125N5N16W4WNYJXF,2026-01-20T23:26:40.587083521Z,01KFEVMNB841AFDZFM4WSW4FTD,2026-01-20T23:26:40.587083521Z,01KFEVC3J7JCZ73BZAKH9RH61D,2026-01-20T23:26:40.587083521Z
01KFEVRWPM3KYWS13MCM8GER0E,01KFEV37CWX6SQYA0RPR0C01MW,2026-01-20T23:27:53.556286222Z,01KFEV37DAAK9E08F076WKMM6J,2026-01-20T23:27:53.556286222Z,01KFEVH10BYAXDVW828R4A2D8P,2026-01-20T23:27:53.556286222Z
01KFEW1AF4SWJ9TKM4ZK76CZCG,01KFEV384BJYC62Y0E6AQK09K8,2026-01-20T23:32:29.79692127Z,01KFEV385166A8JYCZ9G4DMHRQ,2026-01-20T23:32:29.79692127Z,01KFEVWH8M80FFRA88HYSK2ZSQ,2026-01-20T23:32:29.79692127Z
01KFEW3VHDTN119D5BMVC07XEY,01KFEVMN9Q125N5N16W4WNYJXF,2026-01-20T23:33:52.813575238Z,01KFEVMNBC23RB4D79KEQ4G0VS,2026-01-20T23:33:52.813575238Z,01KFEVX608THP5F5HX3GYF0X1K,2026-01-20T23:33:52.813575238Z
01KFEVH46SKZXCW21Q7F8XPAFM,01KFEV37PBC6DGWCX0HT0QWYJR,2026-01-20T23:23:39.097649334Z,01KFEV37PYV9HETXX2PC055NBT,2026-01-20T23:23:39.097649334Z,01KFEV9QWYR4DNTS4QCCENEARJ,2026-01-20T23:23:39.097649334Z
01KFEVJEHS0ZKQSJ3KBMT27JNJ,01KFEV37CWX6SQYA0RPR0C01MW,2026-01-20T23:24:22.457311491Z,01KFEV37DE991T271V0NJ5BY6K,2026-01-20T23:24:22.457311491Z,01KFEVD9ZATE7H5N364WWPAV31,2026-01-20T23:24:22.457311491Z
01KFEW29VX8TA8QBN478JGP07J,01KFEV38A01XZ4DPRPFKRE96P8,2026-01-20T23:33:01.949782099Z,01KFEV38AHTHHCNTDGHAJN0GXG,2026-01-20T23:33:01.949782099Z,01KFEVW5WA494MRXETJ2N5XX03,2026-01-20T23:33:01.949782099Z
01KFEWB91BW46SV3GXMD7ZA11T,01KFEV38GJVYY8P8B7QXSW6BTE,2026-01-20T23:37:56.011454922Z,01KFEV38H8T2V9428VC9T7MEBA,2026-01-20T23:37:56.011454922Z,01KFEW5105FT4T963R9Z6AZ67Y,2026-01-20T23:37:56.011454922Z
01KFEWE8Q8YVKJZFACEM3E2C12,01KFEVMN9Q125N5N16W4WNYJXF,2026-01-20T23:39:33.99273011Z,01KFEVMNAWK7WRWM1AMQZKX6SA,2026-01-20T23:39:33.99273011Z,01KFEW3YJBR4HT7BADWRSVJQV5,2026-01-20T23:39:33.99273011Z
01KFEVB8ESJDGTFZ9Z6ZNQA8GG,01KFEV2BZFDRZBG3Y0249RG1TW,2026-01-20T23:20:26.8420142Z,01KFEV2C0CP35QE41ZMH45J8TZ,2026-01-20T23:20:26.8420142Z,01KFEV4PQ8V0QGQVX4KK2FPFJR,2026-01-20T23:20:26.8420142Z
01KFEVJWQHCQYHAMDD1XSJWYJS,01KFEV38A01XZ4DPRPFKRE96P8,2026-01-20T23:24:36.977330773Z,01KFEV38AJ2CFPYBQZ58NH0V5J,2026-01-20T23:24:36.977330773Z,01KFEVE55BQ40NXX8QW3R5RX0T,2026-01-20T23:24:36.977330773Z
01KFEWVM365YMCQ9ZJDN078HDB,01KFEV38GJVYY8P8B7QXSW6BTE,2026-01-20T23:46:51.622781328Z,01KFEV38H0S2Y42XZDBCZ2KPGY,2026-01-20T23:46:51.622781328Z,01KFEWA3ZKFQRVCEG62F0BJCT3,2026-01-20T23:46:51.622781328Z
01KFEVF1NW0356FXARVR7FW4TY,01KFEV377XDCWB0CVW0E7ES8WB,2026-01-20T23:22:30.972378923Z,01KFEV378PDZP87HXSESW6BA01,2026-01-20T23:22:30.972378923Z,01KFEV79YCQMQRJYZ004NV66QN,2026-01-20T23:22:30.972378923Z
01KFEWB91K3Q7YMXW6Z5GZ8VJ5,01KFEV38GJVYY8P8B7QXSW6BTE,2026-01-20T23:37:56.019983395Z,01KFEV38H8T2V9428VC9T7MEBA,2026-01-20T23:37:56.019983395Z,01KFEW5BKPC6PA6AD6TVFX3GTH,2026-01-20T23:37:56.019983395Z
01KFEVGBBH4J0PG38ZA2SA999R,01KFEV37CWX6SQYA0RPR0C01MW,2026-01-20T23:23:13.649737413Z,01KFEV37DE991T271V0BRDHRJW,2026-01-20T23:23:13.649737413Z,01KFEVBZC2S6960QVT8J14HPMN,2026-01-20T23:23:13.649737413Z
01KFEVS2X9TBEKQR4ZV1TDEBK7,01KFEV37PBC6DGWCX0HT0QWYJR,2026-01-20T23:27:59.913946206Z,01KFEV37PV76WD06T50QFKE80T,2026-01-20T23:27:59.913946206Z,01KFEVH5DDXBKC32H7RGDZYG1X,2026-01-20T23:27:59.913946206Z
01KFEWGN5TW3525KGAYXCHVJPT,01KFEVMNNQTH6Q6DMJG65NFGVF,2026-01-20T23:40:52.282690513Z,01KFEVMNQ7WSYMPADRKJJ7K0T0,2026-01-20T23:40:52.282690513Z,01KFEW5E2KG89VD0P0MDY55AEM,2026-01-20T23:40:52.282690513Z
01KFEVB9SNSXW3SWBW5FS16BXX,01KFEV2BZFDRZBG3Y0249RG1TW,2026-01-20T23:20:28.213664998Z,01KFEV2C0BAXD2XBMY5020521J,2026-01-20T23:20:28.213664998Z,01KFEV7T5CC2HKQKXA63EQ11JC,2026-01-20T23:20:28.213664998Z
01KFEVCJHG914V0GSZJEH9PJN2,01KFEV2BZFDRZBG3Y0249RG1TW,2026-01-20T23:21:09.936373923Z,01KFEV2C0EQZAQP8AFWFARX9S3,2026-01-20T23:21:09.936373923Z,01KFEV6PVNKNKPXT116BVCM3W4,2026-01-20T23:21:09.936373923Z
01KFEVH46VR0XPGCF8D04VRPB3,01KFEV37PBC6DGWCX0HT0QWYJR,2026-01-20T23:23:39.099858449Z,01KFEV37PYV9HETXX2PC055NBT,2026-01-20T23:23:39.099858449Z,01KFEVBDY2YWN6DSFNFKRM8R9Z,2026-01-20T23:23:39.099858449Z
01KFEVJNPQ2H1X3NMSMP44HYJY,01KFEV377XDCWB0CVW0E7ES8WB,2026-01-20T23:24:29.784057627Z,01KFEV378FNG971PBW7B2SPNC6,2026-01-20T23:24:29.784057627Z,01KFEV82H962BNCCRXPB524628,2026-01-20T23:24:29.784057627Z
01KFEVPNE782WK6HYCC86XBX5S,01KFEVMN9Q125N5N16W4WNYJXF,2026-01-20T23:26:40.583657554Z,01KFEVMNB841AFDZFM4WSW4FTD,2026-01-20T23:26:40.583657554Z,01KFEVB2WK99SDZDFQAW6KYB9M,2026-01-20T23:26:40.583657554Z
01KFEW9NC2NJ230YF6E457G7GY,01KFEV384BJYC62Y0E6AQK09K8,2026-01-20T23:37:03.106249626Z,01KFEV384Z68A1Z7ZGWS1GDSZK,2026-01-20T23:37:03.106249626Z,01KFEW2C8HX8QQZV0FHE0EMNPN,2026-01-20T23:37:03.106249626Z
01KFEW9RKXZFQS7G39T6X50QP5,01KFEV38A01XZ4DPRPFKRE96P8,2026-01-20T23:37:06.429458749Z,01KFEV38AJ2CFPYBQZ5JKK7PV4,2026-01-20T23:37:06.429458749Z,01KFEW61CSGZMFE4TZ96QA9A06,2026-01-20T23:37:06.429458749Z
01KFEWEZST6P36DWSM9P7S6EVH,01KFEVMNF44NEM58ETFST7KTWM,2026-01-20T23:39:57.626504813Z,01KFEVMNHFNDCGHX9QBBFN387E,2026-01-20T23:39:57.626504813Z,01KFEW6A5E0ZVTNJ585Y831423,2026-01-20T23:39:57.626504813Z
01KFEVEHFCP8ZT15D4DNQD8NF1,01KFEV377XDCWB0CVW0E7ES8WB,2026-01-20T23:22:14.380149781Z,01KFEV378H0PY96RNMJFNCN7TE,2026-01-20T23:22:14.380149781Z,01KFEV86DXXGMH25YQ8QC6JEB7,2026-01-20T23:22:14.380149781Z
01KFEVEHFDRTQAEVVFMWCXMCBJ,01KFEV377XDCWB0CVW0E7ES8WB,2026-01-20T23:22:14.381194935Z,01KFEV378H0PY96RNMJFNCN7TE,2026-01-20T23:22:14.381194935Z,01KFEVA045MDV6WERMTEQ3VAYR,2026-01-20T23:22:14.381194935Z
01KFEVJWQFP2R0FZEZNYK0E1PR,01KFEV38A01XZ4DPRPFKRE96P8,2026-01-20T23:24:36.975104952Z,01KFEV38AJ2CFPYBQZ58NH0V5J,2026-01-20T23:24:36.975104952Z,01KFEVB815BQW2TQ29HHMDQ2FB,2026-01-20T23:24:36.975104952Z
01KFEW0G75XAYWQ8JCMD77SQKD,01KFEV37PBC6DGWCX0HT0QWYJR,2026-01-20T23:32:02.917935302Z,01KFEV37Q0WSYAYKWHM2EXN0DN,2026-01-20T23:32:02.917935302Z,01KFEVWYACX0Z3X7HHHK5DSTDD,2026-01-20T23:32:02.917935302Z
01KFEW1AF9W1H73HB8FR88367G,01KFEV384BJYC62Y0E6AQK09K8,2026-01-20T23:32:29.801276928Z,01KFEV385166A8JYCZ9G4DMHRQ,2026-01-20T23:32:29.801276928Z,01KFEVY502SJ2FK1Q7WFM0PHB4,2026-01-20T23:32:29.801276928Z
01KFEW29W3N88RZ4M7NV8X5DE4,01KFEV38A01XZ4DPRPFKRE96P8,2026-01-20T23:33:01.955830191Z,01KFEV38AHTHHCNTDGHAJN0GXG,2026-01-20T23:33:01.955830191Z,01KFEVW9PV7SJ42VT7GTTE4SGT,2026-01-20T23:33:01.955830191Z
01KFEVB8ETKMF9Y51DS1W6TQNM,01KFEV2BZFDRZBG3Y0249RG1TW,2026-01-20T23:20:26.842934055Z,01KFEV2C0CP35QE41ZMH45J8TZ,2026-01-20T23:20:26.842934055Z,01KFEV7TATT805MEJDGTCA5NFM,2026-01-20T23:20:26.842934055Z
01KFEVB9SMCTC8FC13QEAKPH5F,01KFEV2BZFDRZBG3Y0249RG1TW,2026-01-20T23:20:28.212891704Z,01KFEV2C0BAXD2XBMY5020521J,2026-01-20T23:20:28.212891704Z,01KFEV4C5JX0QAMF53H9XNQYXK,2026-01-20T23:20:28.212891704Z
01KFEW2K2P4TX0RKGZ4V5TD2JJ,01KFEV38GJVYY8P8B7QXSW6BTE,2026-01-20T23:33:11.382313238Z,01KFEV38H48T18ZRM15RETR33C,2026-01-20T23:33:11.382313238Z,01KFEVYB6HS3VX2GA7D4G2GPMT,2026-01-20T23:33:11.382313238Z
01KFEVGBBFVZW1FY08G24PDPFJ,01KFEV37CWX6SQYA0RPR0C01MW,2026-01-20T23:23:13.64778725Z,01KFEV37DE991T271V0BRDHRJW,2026-01-20T23:23:13.64778725Z,01KFEV8CTFEWEE7C0ZM9KMYRSE,2026-01-20T23:23:13.64778725Z
01KFEVJNPV6W7V1M8SPHV2TD21,01KFEV377XDCWB0CVW0E7ES8WB,2026-01-20T23:24:29.787181176Z,01KFEV378FNG971PBW7B2SPNC6,2026-01-20T23:24:29.787181176Z,01KFEVCRBGBMN5MZZVZA8FPX1Z,2026-01-20T23:24:29.787181176Z
01KFEWGN639EYBYHS3JTWF1AMA,01KFEVMNNQTH6Q6DMJG65NFGVF,2026-01-20T23:40:52.291869073Z,01KFEVMNQ7WSYMPADRKJJ7K0T0,2026-01-20T23:40:52.291869073Z,01KFEW6K9KXKK84272V15S7T1Z,2026-01-20T23:40:52.291869073Z
01KFEV99145C0A4C5RXYPSQVKA,01KFEV2BZFDRZBG3Y0249RG1TW,2026-01-20T23:19:21.892340641Z,01KFEV2C08ND9C9BYW8N2T146P,2026-01-20T23:19:21.892340641Z,01KFEV4APCG117QZ1ZVXNKCJFC,2026-01-20T23:19:21.892340641Z
01KFEW7PMASJA986Z5PHK9BPHT,01KFEVMNF44NEM58ETFST7KTWM,2026-01-20T23:35:58.858442931Z,01KFEVMNH60E845G0BNN18WWCX,2026-01-20T23:35:58.858442931Z,01KFEVT25T940Z2TG7G91WJBKE,2026-01-20T23:35:58.858442931Z
01KFEVS2XE2XVVSECVXVYC9Y11,01KFEV37PBC6DGWCX0HT0QWYJR,2026-01-20T23:27:59.91808514Z,01KFEV37PV76WD06T50QFKE80T,2026-01-20T23:27:59.91808514Z,01KFEVJMQNGBVWZMGKK0EQB935,2026-01-20T23:27:59.91808514Z
01KFEW2K2FA07T3E1TAKZC7SAG,01KFEV38GJVYY8P8B7QXSW6BTE,2026-01-20T23:33:11.375990957Z,01KFEV38H48T18ZRM15RETR33C,2026-01-20T23:33:11.375990957Z,01KFEVVPVMNR90RS0DGAX989B7,2026-01-20T23:33:11.375990957Z
01KFEVHAN6KGG45TAH1HJR00BE,01KFEV384BJYC62Y0E6AQK09K8,2026-01-20T23:23:45.702622789Z,01KFEV384Y33BFECW27AH8GSGD,2026-01-20T23:23:45.702622789Z,01KFEVF34Y0A3VWJYX9367Q9EA,2026-01-20T23:23:45.702622789Z
01KFEVNK0E9GKE5933KTM4CXR9,01KFEV38GJVYY8P8B7QXSW6BTE,2026-01-20T23:26:05.32632702Z,01KFEV38H72YHVC8PGTMFH64KV,2026-01-20T23:26:05.32632702Z,01KFEVE7DF79XD8SNTNNGKRM0M,2026-01-20T23:26:05.32632702Z
