"id","actualPlayerCount","actualPlayerCountLastChangedAt","batchID","batchIDLastChangedAt","ended","endedLastChangedAt","endedReason","endedReasonLastChangedAt","groupID","groupIDLastChangedAt","lobbyTimerID","lobbyTimerIDLastChangedAt","roundIndex","roundIndexLastChangedAt","stageID","stageIDLastChangedAt","start","startLastChangedAt","starting","startingLastChangedAt","status","statusLastChangedAt","treatment","treatmentLastChangedAt","treatmentName","treatmentNameLastChangedAt"
"01KFEDCAVZJC7DD4AH1B24TEC6",2,"2026-01-20T19:56:20.232796101Z","01KFEDCAVEZK3QD8ZFC2PP83WE","2026-01-20T19:16:22.015637353Z","true","2026-01-20T20:00:47.36741438Z","end of game","2026-01-20T20:00:47.389832733Z","01KFEDCAXNG8RE00X7JPWTTB9G","2026-01-20T19:16:22.071349293Z","01KFEFG4ESQRZPS722R40GF0VC","2026-01-20T19:53:23.677608638Z",12,"2026-01-20T19:56:20.300899884Z","null","2026-01-20T20:00:47.36741438Z","true","2026-01-20T19:56:20.232796101Z","true","2026-01-20T19:56:20.232796101Z","ended","2026-01-20T20:00:47.389832733Z","{""advice"":""Try to find an outcome that's fair for both of you."",""adviceType"":""noCG"",""chatEnabled"":false,""numRounds"":13,""playerCount"":2}","2026-01-20T19:16:22.015637353Z","noCG_cooperate","2026-01-20T19:16:22.015637353Z"
"01KFEDCB85NRAF0XG25ABR62N5",2,"2026-01-20T19:33:46.29336445Z","01KFEDCB7P38BTZ4ACVDP6P0XN","2026-01-20T19:16:22.405325832Z","true","2026-01-20T19:37:43.46732099Z","end of game","2026-01-20T19:37:43.479197038Z","01KFEDCB9F0V891FH3WQ1XMPS7","2026-01-20T19:16:22.473194409Z","01KFEEC2CSHS878Y7AHK2HWJM9","2026-01-20T19:33:41.919585446Z",12,"2026-01-20T19:33:46.352693913Z","null","2026-01-20T19:37:43.46732099Z","true","2026-01-20T19:33:46.29336445Z","true","2026-01-20T19:33:46.29336445Z","ended","2026-01-20T19:37:43.479197038Z","{""advice"":""Try to get the best outcome for yourself."",""adviceType"":""noCG"",""chatEnabled"":false,""numRounds"":13,""playerCount"":2}","2026-01-20T19:16:22.405325832Z","noCG_selfish","2026-01-20T19:16:22.405325832Z"
"01KFEDCCBDJ82W4YK2PN7VDTAX",2,"2026-01-20T19:34:53.148677023Z","01KFEDCCAW3ZY6KSKNHTKZ971F","2026-01-20T19:16:23.53362164Z","true","2026-01-20T19:39:56.077985911Z","end of game","2026-01-20T19:39:56.091432298Z","01KFEDCCCTWBDENFPJMCA6WR5V","2026-01-20T19:16:23.581454297Z","01KFEEDKK4VD278DZ9P06BABTA","2026-01-20T19:34:32.298782458Z",12,"2026-01-20T19:34:53.18934265Z","null","2026-01-20T19:39:56.077985911Z","true","2026-01-20T19:34:53.148677023Z","true","2026-01-20T19:34:53.148677023Z","ended","2026-01-20T19:39:56.091432298Z","{""advice"":""Try to get the best outcome for yourself."",""adviceType"":""noCG"",""chatEnabled"":false,""numRounds"":13,""playerCount"":2}","2026-01-20T19:16:23.53362164Z","noCG_selfish","2026-01-20T19:16:23.53362164Z"
"01KFEHA1QDYX27N1S60Z95NKD9",2,"2026-01-20T20:32:31.125280609Z","01KFEHA1MRJDJA6FNTED28Z8HF","2026-01-20T20:25:01.421694496Z","true","2026-01-20T20:35:49.782299545Z","end of game","2026-01-20T20:35:49.809394638Z","01KFEHA1SSQXYAEPWDAH5KSPAA","2026-01-20T20:25:01.499531279Z","01KFEHQ2AG04EPK4H34YZH6W69","2026-01-20T20:32:08.02239884Z",12,"2026-01-20T20:32:31.189109099Z","null","2026-01-20T20:35:49.782299545Z","true","2026-01-20T20:32:31.125280609Z","true","2026-01-20T20:32:31.125280609Z","ended","2026-01-20T20:35:49.809394638Z","{""advice"":""Try to find an outcome that's fair for both of you."",""adviceType"":""CG"",""chatEnabled"":false,""numRounds"":13,""playerCount"":2}","2026-01-20T20:25:01.421694496Z","CG_cooperate","2026-01-20T20:25:01.421694496Z"
"01KFEDCC2JDADMPT5RVP2N7S0X",2,"2026-01-20T19:26:36.596386527Z","01KFEDCC1ZHDDN3CP9JWF4PGTF","2026-01-20T19:16:23.25013837Z","true","2026-01-20T19:29:26.25734734Z","end of game","2026-01-20T19:29:26.268875982Z","01KFEDCC4KYG3E2R8C0EQQ564Z","2026-01-20T19:16:23.317432192Z","01KFEDSZ8BF4DHHP051XK0W78T","2026-01-20T19:23:48.88211344Z",12,"2026-01-20T19:26:36.634863417Z","null","2026-01-20T19:29:26.25734734Z","true","2026-01-20T19:26:36.596386527Z","true","2026-01-20T19:26:36.596386527Z","ended","2026-01-20T19:29:26.268875982Z","{""advice"":""Try to get the best outcome for yourself."",""adviceType"":""CG"",""numRounds"":13,""playerCount"":2}","2026-01-20T19:16:23.25013837Z","CG_selfish","2026-01-20T19:16:23.25013837Z"
"01KFEHA25NESP3C46R1STZWY67",2,"2026-01-20T20:29:13.67144798Z","01KFEHA20TFYVSSENV0N2723W5","2026-01-20T20:25:01.877389111Z","true","2026-01-20T20:31:17.71923203Z","end of game","2026-01-20T20:31:17.765918343Z","01KFEHA278WYB42J3B0SQG0P0Z","2026-01-20T20:25:01.93258728Z","01KFEHHQ89JVPNJRWX59KCCGZ3","2026-01-20T20:29:12.845780619Z",12,"2026-01-20T20:29:13.730867289Z","null","2026-01-20T20:31:17.71923203Z","true","2026-01-20T20:29:13.67144798Z","true","2026-01-20T20:29:13.67144798Z","ended","2026-01-20T20:31:17.765918343Z","{""advice"":""Try to get the best outcome for yourself."",""adviceType"":""noCG"",""chatEnabled"":false,""numRounds"":13,""playerCount"":2}","2026-01-20T20:25:01.877389111Z","noCG_selfish","2026-01-20T20:25:01.877389111Z"
"01KFEHAM4AZFDTAG8DR1VA4141",2,"2026-01-20T20:48:14.906455432Z","01KFEHAM0SBSN9QYCK4NGJTWCC","2026-01-20T20:25:20.266384879Z","true","2026-01-20T20:54:03.109687969Z","end of game","2026-01-20T20:54:03.163350649Z","01KFEHAM8SP0KJ2GV0BQKNYJGZ","2026-01-20T20:25:20.413422437Z","01KFEJJYJ194W1ZM2PN0MRE1YF","2026-01-20T20:47:21.675197143Z",12,"2026-01-20T20:48:15.245921656Z","null","2026-01-20T20:54:03.109687969Z","true","2026-01-20T20:48:14.906455432Z","true","2026-01-20T20:48:14.906455432Z","ended","2026-01-20T20:54:03.163350649Z","{""advice"":""Try to get the best outcome for yourself."",""adviceType"":""noCG"",""chatEnabled"":false,""numRounds"":13,""playerCount"":2}","2026-01-20T20:25:20.266384879Z","noCG_selfish","2026-01-20T20:25:20.266384879Z"
"01KFEJ5DPFFD934S0E2GQ1B9RR",2,"2026-01-20T20:51:58.068613189Z","01KFEJ5DKDD8ED3R70AXWWV7TA","2026-01-20T20:39:58.415393471Z","true","2026-01-20T20:54:39.827419326Z","end of game","2026-01-20T20:54:39.880237523Z","01KFEJ5DZH5SAPM4YPQJJDTZFD","2026-01-20T20:39:58.709437682Z","01KFEJTTQX4AE7JAMA1Q0NQ9FQ","2026-01-20T20:51:39.907462121Z",12,"2026-01-20T20:51:58.4095791Z","null","2026-01-20T20:54:39.827419326Z","true","2026-01-20T20:51:58.068613189Z","true","2026-01-20T20:51:58.068613189Z","ended","2026-01-20T20:54:39.880237523Z","{""advice"":""Try to get the best outcome for yourself."",""adviceType"":""noCG"",""chatEnabled"":false,""numRounds"":13,""playerCount"":2}","2026-01-20T20:39:58.415393471Z","noCG_selfish","2026-01-20T20:39:58.415393471Z"
"01KFEHAKMDAJRN7M0QA4VDJCGY",2,"2026-01-20T20:38:32.129357547Z","01KFEHAKK9QMW81MWT2FF1CSZA","2026-01-20T20:25:19.757875144Z","true","2026-01-20T20:44:01.489786554Z","end of game","2026-01-20T20:44:01.529818389Z","01KFEHAKS6FRKWSMEB2JHXKXQA","2026-01-20T20:25:19.912524095Z","01KFEJ01RWYP3CQ8752MB7WJHN","2026-01-20T20:37:02.369571556Z",12,"2026-01-20T20:38:32.223561112Z","null","2026-01-20T20:44:01.489786554Z","true","2026-01-20T20:38:32.129357547Z","true","2026-01-20T20:38:32.129357547Z","ended","2026-01-20T20:44:01.529818389Z","{""advice"":""Try to get the best outcome for yourself."",""adviceType"":""CG"",""numRounds"":13,""playerCount"":2}","2026-01-20T20:25:19.757875144Z","CG_selfish","2026-01-20T20:25:19.757875144Z"
"01KFEDC9FF7T49EPA99GZDGH84",2,"2026-01-20T19:53:21.819219944Z","01KFEDC9EK94N2WNCHE5RRQHCJ","2026-01-20T19:16:20.591467982Z","true","2026-01-20T19:57:03.128745241Z","end of game","2026-01-20T19:57:03.142725278Z","01KFEDC9JPDYCGZ1YAN4EWV7XR","2026-01-20T19:16:20.696297267Z","01KFEFG0PB7PSDS0AE0P46D9M1","2026-01-20T19:53:19.824121647Z",12,"2026-01-20T19:53:21.885667726Z","null","2026-01-20T19:57:03.128745241Z","true","2026-01-20T19:53:21.819219944Z","true","2026-01-20T19:53:21.819219944Z","ended","2026-01-20T19:57:03.142725278Z","{""advice"":""Try to find an outcome that's fair for both of you."",""adviceType"":""CG"",""chatEnabled"":false,""numRounds"":13,""playerCount"":2}","2026-01-20T19:16:20.591467982Z","CG_cooperate","2026-01-20T19:16:20.591467982Z"
"01KFEDCCBE716PRHN8Q6NQV6ZT",2,"2026-01-20T19:41:58.972095269Z","01KFEDCCAW3ZY6KSKNHTKZ971F","2026-01-20T19:16:23.534332695Z","true","2026-01-20T19:44:44.341721263Z","end of game","2026-01-20T19:44:44.355794909Z","01KFEDCCE86XF0Q23H38CRHRW5","2026-01-20T19:16:23.625985613Z","01KFEERY834ZYF8VTYQ75DCB98","2026-01-20T19:40:43.658155676Z",12,"2026-01-20T19:41:59.017345471Z","null","2026-01-20T19:44:44.341721263Z","true","2026-01-20T19:41:58.972095269Z","true","2026-01-20T19:41:58.972095269Z","ended","2026-01-20T19:44:44.355794909Z","{""advice"":""Try to get the best outcome for yourself."",""adviceType"":""CG"",""numRounds"":13,""playerCount"":2}","2026-01-20T19:16:23.534332695Z","CG_selfish","2026-01-20T19:16:23.534332695Z"
"01KFEHA1QMX5DYGHPSSSP2RXXX",2,"2026-01-20T20:32:41.393519365Z","01KFEHA1MRJDJA6FNTED28Z8HF","2026-01-20T20:25:01.429030508Z","true","2026-01-20T20:35:09.600257301Z","end of game","2026-01-20T20:35:09.62429997Z","01KFEHA1V4GK13SMQGQTAKNTWV","2026-01-20T20:25:01.545798916Z","01KFEHQ0162642VCRS59PYB03E","2026-01-20T20:32:05.676042777Z",12,"2026-01-20T20:32:41.468257143Z","null","2026-01-20T20:35:09.600257301Z","true","2026-01-20T20:32:41.393519365Z","true","2026-01-20T20:32:41.393519365Z","ended","2026-01-20T20:35:09.62429997Z","{""advice"":""Try to find an outcome that's fair for both of you."",""adviceType"":""noCG"",""chatEnabled"":false,""numRounds"":13,""playerCount"":2}","2026-01-20T20:25:01.429030508Z","noCG_cooperate","2026-01-20T20:25:01.429030508Z"
"01KFEHA1R32D8V3SKQA6BEDXA8",2,"2026-01-20T20:28:28.705129278Z","01KFEHA1MRJDJA6FNTED28Z8HF","2026-01-20T20:25:01.443368322Z","true","2026-01-20T20:31:12.096869342Z","end of game","2026-01-20T20:31:12.124611555Z","01KFEHA1XV8VTRAMMD5WM3XXJY","2026-01-20T20:25:01.63075442Z","01KFEHG03SWRPJ11189F5231CB","2026-01-20T20:28:16.3844191Z",12,"2026-01-20T20:28:28.783052756Z","null","2026-01-20T20:31:12.096869342Z","true","2026-01-20T20:28:28.705129278Z","true","2026-01-20T20:28:28.705129278Z","ended","2026-01-20T20:31:12.124611555Z","{""advice"":""Try to get the best outcome for yourself."",""adviceType"":""noCG"",""chatEnabled"":false,""numRounds"":13,""playerCount"":2}","2026-01-20T20:25:01.443368322Z","noCG_selfish","2026-01-20T20:25:01.443368322Z"
"01KFEHAM45R1366856G6A2WGHZ",2,"2026-01-20T20:43:12.856949452Z","01KFEHAM0SBSN9QYCK4NGJTWCC","2026-01-20T20:25:20.261163434Z","true","2026-01-20T20:48:47.556737183Z","end of game","2026-01-20T20:48:47.605164301Z","01KFEHAM76370SGZXKGQVKPH2R","2026-01-20T20:25:20.361654817Z","01KFEJB7QFQ5GMC9CP4R35WE5E","2026-01-20T20:43:08.918378256Z",12,"2026-01-20T20:43:12.97426065Z","null","2026-01-20T20:48:47.556737183Z","true","2026-01-20T20:43:12.856949452Z","true","2026-01-20T20:43:12.856949452Z","ended","2026-01-20T20:48:47.605164301Z","{""advice"":""Try to find an outcome that's fair for both of you."",""adviceType"":""noCG"",""chatEnabled"":false,""numRounds"":13,""playerCount"":2}","2026-01-20T20:25:20.261163434Z","noCG_cooperate","2026-01-20T20:25:20.261163434Z"
"01KFEDCB197E7YMN5STVXKHS22",2,"2026-01-20T19:28:27.478745639Z","01KFEDCB0G5KS91T4MD9JTDSA4","2026-01-20T19:16:22.185519462Z","true","2026-01-20T19:31:05.735497478Z","end of game","2026-01-20T19:31:05.747508588Z","01KFEDCB3J3043YFNNH27AV8SS","2026-01-20T19:16:22.26062123Z","01KFEE009QGWVHCKAY2MHJASGW","2026-01-20T19:27:06.556611787Z",12,"2026-01-20T19:28:27.515571729Z","null","2026-01-20T19:31:05.735497478Z","true","2026-01-20T19:28:27.478745639Z","true","2026-01-20T19:28:27.478745639Z","ended","2026-01-20T19:31:05.747508588Z","{""advice"":""Try to find an outcome that's fair for both of you."",""adviceType"":""noCG"",""chatEnabled"":false,""numRounds"":13,""playerCount"":2}","2026-01-20T19:16:22.185519462Z","noCG_cooperate","2026-01-20T19:16:22.185519462Z"
"01KFEDCB15BD0TYD7H0V6YZGSZ",2,"2026-01-20T19:32:21.178465592Z","01KFEDCB0G5KS91T4MD9JTDSA4","2026-01-20T19:16:22.181734498Z","true","2026-01-20T19:36:11.132718286Z","end of game","2026-01-20T19:36:11.14603836Z","01KFEDCB323TY2GT1V5C0DFG53","2026-01-20T19:16:22.244851592Z","01KFEE9F7HEMQMJ0WSCGJ13P78","2026-01-20T19:32:16.758933347Z",12,"2026-01-20T19:32:21.260745235Z","null","2026-01-20T19:36:11.132718286Z","true","2026-01-20T19:32:21.178465592Z","true","2026-01-20T19:32:21.178465592Z","ended","2026-01-20T19:36:11.14603836Z","{""advice"":""Try to get the best outcome for yourself."",""adviceType"":""noCG"",""chatEnabled"":false,""numRounds"":13,""playerCount"":2}","2026-01-20T19:16:22.181734498Z","noCG_selfish","2026-01-20T19:16:22.181734498Z"
"01KFEDCCHH44R979H37GT2B68J",2,"2026-01-20T19:52:12.890992089Z","01KFEDCCH0VMFH7P25F40PD43N","2026-01-20T19:16:23.72971903Z","true","2026-01-20T19:54:29.864752079Z","end of game","2026-01-20T19:54:29.885828485Z","01KFEDCCJY4QQMA6MY2B858CY7","2026-01-20T19:16:23.776057105Z","01KFEFCGFD84S0MR4Z0D8P3PJ6","2026-01-20T19:51:24.91597684Z",12,"2026-01-20T19:52:12.948893367Z","null","2026-01-20T19:54:29.864752079Z","true","2026-01-20T19:52:12.890992089Z","true","2026-01-20T19:52:12.890992089Z","ended","2026-01-20T19:54:29.885828485Z","{""advice"":""Try to get the best outcome for yourself."",""adviceType"":""CG"",""numRounds"":13,""playerCount"":2}","2026-01-20T19:16:23.72971903Z","CG_selfish","2026-01-20T19:16:23.72971903Z"
"01KFEHA1QYV2E8SAEFNEHYNVTN",2,"2026-01-20T20:33:30.005997384Z","01KFEHA1MRJDJA6FNTED28Z8HF","2026-01-20T20:25:01.438486673Z","true","2026-01-20T20:36:57.953122058Z","end of game","2026-01-20T20:36:57.981210189Z","01KFEHA1WEFY08ZG8XW1X2M7X3","2026-01-20T20:25:01.585625397Z","01KFEHS0QER31548Y9A99Z5VQR","2026-01-20T20:33:11.922653649Z",12,"2026-01-20T20:33:30.216612255Z","null","2026-01-20T20:36:57.953122058Z","true","2026-01-20T20:33:30.005997384Z","true","2026-01-20T20:33:30.005997384Z","ended","2026-01-20T20:36:57.981210189Z","{""advice"":""Try to get the best outcome for yourself."",""adviceType"":""CG"",""numRounds"":13,""playerCount"":2}","2026-01-20T20:25:01.438486673Z","CG_selfish","2026-01-20T20:25:01.438486673Z"
"01KFEHA25S6PYJD4DSX1VJG5FE",2,"2026-01-20T20:38:56.860130521Z","01KFEHA20TFYVSSENV0N2723W5","2026-01-20T20:25:01.881510175Z","true","2026-01-20T20:43:19.635378499Z","end of game","2026-01-20T20:43:19.674076227Z","01KFEHA29F9XNV1M60RJ2CKS1R","2026-01-20T20:25:02.001754025Z","01KFEJ0AQJ7D56MSEWW8ZY920S","2026-01-20T20:37:11.543037127Z",12,"2026-01-20T20:38:56.949471953Z","null","2026-01-20T20:43:19.635378499Z","true","2026-01-20T20:38:56.860130521Z","true","2026-01-20T20:38:56.860130521Z","ended","2026-01-20T20:43:19.674076227Z","{""advice"":""Try to find an outcome that's fair for both of you."",""adviceType"":""noCG"",""chatEnabled"":false,""numRounds"":13,""playerCount"":2}","2026-01-20T20:25:01.881510175Z","noCG_cooperate","2026-01-20T20:25:01.881510175Z"
"01KFEHA1GDXTPSA0SX8CRPX47C",2,"2026-01-20T20:31:26.072115303Z","01KFEHA1EJWPRPNCXBTHCF12K2","2026-01-20T20:25:01.197287924Z","true","2026-01-20T20:33:44.848511638Z","end of game","2026-01-20T20:33:44.872775958Z","01KFEHA1JWS4ZC9ZDRXMM0FZVP","2026-01-20T20:25:01.279425392Z","01KFEHK07QF5JF7FMKAS8TA6Z5","2026-01-20T20:29:54.81153673Z",12,"2026-01-20T20:31:26.136940392Z","null","2026-01-20T20:33:44.848511638Z","true","2026-01-20T20:31:26.072115303Z","true","2026-01-20T20:31:26.072115303Z","ended","2026-01-20T20:33:44.872775958Z","{""advice"":""Try to find an outcome that's fair for both of you."",""adviceType"":""CG"",""chatEnabled"":false,""numRounds"":13,""playerCount"":2}","2026-01-20T20:25:01.197287924Z","CG_cooperate","2026-01-20T20:25:01.197287924Z"
"01KFEHA1Z72TJ9J0QENR016CFN",2,"2026-01-20T20:36:28.147190789Z","01KFEHA1W0DBA89GCQ87GA4EG5","2026-01-20T20:25:01.67107629Z","true","2026-01-20T20:38:55.666845525Z","end of game","2026-01-20T20:38:55.694839777Z","01KFEHA2271C0KV0JD6CKKMVVP","2026-01-20T20:25:01.769926244Z","01KFEHV9455VRSYBFTB77JM2JX","2026-01-20T20:34:26.059629105Z",12,"2026-01-20T20:36:28.352700165Z","null","2026-01-20T20:38:55.666845525Z","true","2026-01-20T20:36:28.147190789Z","true","2026-01-20T20:36:28.147190789Z","ended","2026-01-20T20:38:55.694839777Z","{""advice"":""Try to find an outcome that's fair for both of you."",""adviceType"":""noCG"",""chatEnabled"":false,""numRounds"":13,""playerCount"":2}","2026-01-20T20:25:01.67107629Z","noCG_cooperate","2026-01-20T20:25:01.67107629Z"
"01KFEHA1ZSVYK8DGYZZSV53FQM",2,"2026-01-20T20:35:20.955247133Z","01KFEHA1W0DBA89GCQ87GA4EG5","2026-01-20T20:25:01.689752385Z","true","2026-01-20T20:39:58.292491895Z","end of game","2026-01-20T20:39:58.344767912Z","01KFEHA24RWF9ZY5XDEA5R43RZ","2026-01-20T20:25:01.850993535Z","01KFEHWG7103701P8HD4H3QGA7","2026-01-20T20:35:06.085986793Z",12,"2026-01-20T20:35:21.114174231Z","null","2026-01-20T20:39:58.292491895Z","true","2026-01-20T20:35:20.955247133Z","true","2026-01-20T20:35:20.955247133Z","ended","2026-01-20T20:39:58.344767912Z","{""advice"":""Try to get the best outcome for yourself."",""adviceType"":""CG"",""numRounds"":13,""playerCount"":2}","2026-01-20T20:25:01.689752385Z","CG_selfish","2026-01-20T20:25:01.689752385Z"
"01KFEJ5C9822567XDA8A9QG0G3",2,"2026-01-20T20:54:52.516921711Z","01KFEJ5C7H3Z5SGPPT0TCGAEB2","2026-01-20T20:39:56.968860125Z","true","2026-01-20T20:58:47.439326461Z","end of game","2026-01-20T20:58:47.540166049Z","01KFEJ5CE53EW64FVE7NVPZCFZ","2026-01-20T20:39:57.128549819Z","01KFEJYB71H6MDCCANZYJACVH6","2026-01-20T20:53:35.084836087Z",12,"2026-01-20T20:54:52.768250108Z","null","2026-01-20T20:58:47.439326461Z","true","2026-01-20T20:54:52.516921711Z","true","2026-01-20T20:54:52.516921711Z","ended","2026-01-20T20:58:47.540166049Z","{""advice"":""Try to get the best outcome for yourself."",""adviceType"":""CG"",""numRounds"":13,""playerCount"":2}","2026-01-20T20:39:56.968860125Z","CG_selfish","2026-01-20T20:39:56.968860125Z"
"01KFEDCAVZJC7DD4AH1RF6NR9W",2,"2026-01-20T19:53:08.912668272Z","01KFEDCAVEZK3QD8ZFC2PP83WE","2026-01-20T19:16:22.015995664Z","true","2026-01-20T19:55:54.249203331Z","end of game","2026-01-20T19:55:54.263076553Z","01KFEDCAX4B1XA7666EJ8YYHW6","2026-01-20T19:16:22.054750024Z","01KFEFEJ8ZK3MF5QNF29CXF4N1","2026-01-20T19:52:32.293117606Z",12,"2026-01-20T19:53:08.979135258Z","null","2026-01-20T19:55:54.249203331Z","true","2026-01-20T19:53:08.912668272Z","true","2026-01-20T19:53:08.912668272Z","ended","2026-01-20T19:55:54.263076553Z","{""advice"":""Try to get the best outcome for yourself."",""adviceType"":""CG"",""numRounds"":13,""playerCount"":2}","2026-01-20T19:16:22.015995664Z","CG_selfish","2026-01-20T19:16:22.015995664Z"
"01KFEHA1GPSKM8FTTA039GX2FE",2,"2026-01-20T20:32:57.688619441Z","01KFEHA1EJWPRPNCXBTHCF12K2","2026-01-20T20:25:01.206101715Z","true","2026-01-20T20:37:02.524741789Z","end of game","2026-01-20T20:37:02.553547387Z","01KFEHA1N5J6AN41BW88NCP265","2026-01-20T20:25:01.352586715Z","01KFEHPKJYM5JN8JCEFYRCG5AY","2026-01-20T20:31:52.931988929Z",12,"2026-01-20T20:32:57.750686974Z","null","2026-01-20T20:37:02.524741789Z","true","2026-01-20T20:32:57.688619441Z","true","2026-01-20T20:32:57.688619441Z","ended","2026-01-20T20:37:02.553547387Z","{""advice"":""Try to get the best outcome for yourself."",""adviceType"":""CG"",""numRounds"":13,""playerCount"":2}","2026-01-20T20:25:01.206101715Z","CG_selfish","2026-01-20T20:25:01.206101715Z"
"01KFEHA1ZNDEMMB0DK92YAW8BD",2,"2026-01-20T20:29:10.321605118Z","01KFEHA1W0DBA89GCQ87GA4EG5","2026-01-20T20:25:01.685070254Z","true","2026-01-20T20:31:24.51275486Z","end of game","2026-01-20T20:31:24.534710225Z","01KFEHA23B411J9NJR9DSEVNCS","2026-01-20T20:25:01.806631647Z","01KFEHHM67A81FQXHVQEAC5K5B","2026-01-20T20:29:09.70869097Z",12,"2026-01-20T20:29:10.458355511Z","null","2026-01-20T20:31:24.51275486Z","true","2026-01-20T20:29:10.321605118Z","true","2026-01-20T20:29:10.321605118Z","ended","2026-01-20T20:31:24.534710225Z","{""advice"":""Try to get the best outcome for yourself."",""adviceType"":""noCG"",""chatEnabled"":false,""numRounds"":13,""playerCount"":2}","2026-01-20T20:25:01.685070254Z","noCG_selfish","2026-01-20T20:25:01.685070254Z"
"01KFEHAM3ZX2QFEZ4F28QFW79D",2,"2026-01-20T20:44:19.406453361Z","01KFEHAM0SBSN9QYCK4NGJTWCC","2026-01-20T20:25:20.255534768Z","true","2026-01-20T20:48:12.540248526Z","end of game","2026-01-20T20:48:12.583407625Z","01KFEHAM5R350AKM3JN3KYHT70","2026-01-20T20:25:20.314576923Z","01KFEJD6CE7Q5PVA4MCYZAVMYF","2026-01-20T20:44:13.075605915Z",12,"2026-01-20T20:44:19.505941356Z","null","2026-01-20T20:48:12.540248526Z","true","2026-01-20T20:44:19.406453361Z","true","2026-01-20T20:44:19.406453361Z","ended","2026-01-20T20:48:12.583407625Z","{""advice"":""Try to find an outcome that's fair for both of you."",""adviceType"":""CG"",""chatEnabled"":false,""numRounds"":13,""playerCount"":2}","2026-01-20T20:25:20.255534768Z","CG_cooperate","2026-01-20T20:25:20.255534768Z"
"01KFEHAMATV7GY0NQF17M2P0MD",2,"2026-01-20T20:48:06.900522114Z","01KFEHAM72H3ZNN8G0T2BCT79K","2026-01-20T20:25:20.474275Z","true","2026-01-20T20:54:46.902579567Z","end of game","2026-01-20T20:54:46.958305186Z","01KFEHAMCHJX5QEK8XZHCQAVMF","2026-01-20T20:25:20.531444775Z","01KFEJJ5JD77WV53ERRX9YGKNF","2026-01-20T20:46:56.083175364Z",12,"2026-01-20T20:48:07.019225184Z","null","2026-01-20T20:54:46.902579567Z","true","2026-01-20T20:48:06.900522114Z","true","2026-01-20T20:48:06.900522114Z","ended","2026-01-20T20:54:46.958305186Z","{""advice"":""Try to find an outcome that's fair for both of you."",""adviceType"":""CG"",""chatEnabled"":false,""numRounds"":13,""playerCount"":2}","2026-01-20T20:25:20.474275Z","CG_cooperate","2026-01-20T20:25:20.474275Z"
"01KFEJ5CRSNMMQKHYMFD35850B",2,"2026-01-20T20:50:34.127871041Z","01KFEJ5CPJ5RGARFNN6Z0PCT4Q","2026-01-20T20:39:57.465905656Z","true","2026-01-20T20:57:24.925922701Z","end of game","2026-01-20T20:57:24.976364528Z","01KFEJ5CZTHPNJ8E1T8K5AA5Y8","2026-01-20T20:39:57.693835576Z","01KFEJRMYNSJW9ZR1F9D3P8KQB","2026-01-20T20:50:28.445013951Z",12,"2026-01-20T20:50:34.27350123Z","null","2026-01-20T20:57:24.925922701Z","true","2026-01-20T20:50:34.127871041Z","true","2026-01-20T20:50:34.127871041Z","ended","2026-01-20T20:57:24.976364528Z","{""advice"":""Try to get the best outcome for yourself."",""adviceType"":""noCG"",""chatEnabled"":false,""numRounds"":13,""playerCount"":2}","2026-01-20T20:39:57.465905656Z","noCG_selfish","2026-01-20T20:39:57.465905656Z"
"01KFEDCCHJADFRJT5F5VJ9ST9F",2,"2026-01-20T19:40:30.830927201Z","01KFEDCCH0VMFH7P25F40PD43N","2026-01-20T19:16:23.730423751Z","true","2026-01-20T19:43:10.595206678Z","end of game","2026-01-20T19:43:10.610804726Z","01KFEDCCKH8QH6VNRDNSVBE23V","2026-01-20T19:16:23.795116975Z","01KFEER8KQCF1A3ST3ZFQJB1Z4","2026-01-20T19:40:21.500240727Z",12,"2026-01-20T19:40:30.889693376Z","null","2026-01-20T19:43:10.595206678Z","true","2026-01-20T19:40:30.830927201Z","true","2026-01-20T19:40:30.830927201Z","ended","2026-01-20T19:43:10.610804726Z","{""advice"":""Try to find an outcome that's fair for both of you."",""adviceType"":""noCG"",""chatEnabled"":false,""numRounds"":13,""playerCount"":2}","2026-01-20T19:16:23.730423751Z","noCG_cooperate","2026-01-20T19:16:23.730423751Z"
"01KFEHA1GK3DQ7TRWFWA7J267H",2,"2026-01-20T20:27:55.751093036Z","01KFEHA1EJWPRPNCXBTHCF12K2","2026-01-20T20:25:01.203203408Z","true","2026-01-20T20:30:35.687288352Z","end of game","2026-01-20T20:30:35.707199604Z","01KFEHA1M0N2A086XYW23BJPZW","2026-01-20T20:25:01.315569718Z","01KFEHF8784NB280NY7DSD632Z","2026-01-20T20:27:51.918351474Z",12,"2026-01-20T20:27:55.80912755Z","null","2026-01-20T20:30:35.687288352Z","true","2026-01-20T20:27:55.751093036Z","true","2026-01-20T20:27:55.751093036Z","ended","2026-01-20T20:30:35.707199604Z","{""advice"":""Try to get the best outcome for yourself."",""adviceType"":""noCG"",""chatEnabled"":false,""numRounds"":13,""playerCount"":2}","2026-01-20T20:25:01.203203408Z","noCG_selfish","2026-01-20T20:25:01.203203408Z"
"01KFEHA1GRK7A014NXTNRF457G",2,"2026-01-20T20:32:01.055593481Z","01KFEHA1EJWPRPNCXBTHCF12K2","2026-01-20T20:25:01.208700613Z","true","2026-01-20T20:36:57.476374959Z","end of game","2026-01-20T20:36:57.505267326Z","01KFEHA1PFYYF70QWPRPFYHVQR","2026-01-20T20:25:01.39449721Z","01KFEHMXZ845M65XAW2EQSD5AE","2026-01-20T20:30:58.033918222Z",12,"2026-01-20T20:32:01.187301452Z","null","2026-01-20T20:36:57.476374959Z","true","2026-01-20T20:32:01.055593481Z","true","2026-01-20T20:32:01.055593481Z","ended","2026-01-20T20:36:57.505267326Z","{""advice"":""Try to find an outcome that's fair for both of you."",""adviceType"":""noCG"",""chatEnabled"":false,""numRounds"":13,""playerCount"":2}","2026-01-20T20:25:01.208700613Z","noCG_cooperate","2026-01-20T20:25:01.208700613Z"
"01KFEDCC2JDADMPT5RVZQ93BA8",2,"2026-01-20T19:24:42.171578635Z","01KFEDCC1ZHDDN3CP9JWF4PGTF","2026-01-20T19:16:23.25082086Z","true","2026-01-20T19:27:14.064051553Z","end of game","2026-01-20T19:27:14.071647038Z","01KFEDCC5880M8XPBDB6EADF3K","2026-01-20T19:16:23.338722348Z","01KFEDVFK132WK6XVHB9V1X4SD","2026-01-20T19:24:38.373952033Z",12,"2026-01-20T19:24:42.206542453Z","null","2026-01-20T19:27:14.064051553Z","true","2026-01-20T19:24:42.171578635Z","true","2026-01-20T19:24:42.171578635Z","ended","2026-01-20T19:27:14.071647038Z","{""advice"":""Try to find an outcome that's fair for both of you."",""adviceType"":""noCG"",""chatEnabled"":false,""numRounds"":13,""playerCount"":2}","2026-01-20T19:16:23.25082086Z","noCG_cooperate","2026-01-20T19:16:23.25082086Z"
"01KFEJ5D5EZSQZ1FHTABW8Z6HQ",2,"2026-01-20T21:03:56.970461969Z","01KFEJ5D47V2DPV4P7KW69CWA7","2026-01-20T20:39:57.870560881Z","true","2026-01-20T21:10:33.619854674Z","end of game","2026-01-20T21:10:33.762561197Z","01KFEJ5D8YPC3AZW0V6G6SRMDX","2026-01-20T20:39:57.986493922Z","01KFEK9XCJSJA2V8YSQCV3JDG7","2026-01-20T20:59:54.139909635Z",12,"2026-01-20T21:03:57.447606246Z","null","2026-01-20T21:10:33.619854674Z","true","2026-01-20T21:03:56.970461969Z","true","2026-01-20T21:03:56.970461969Z","ended","2026-01-20T21:10:33.762561197Z","{""advice"":""Try to find an outcome that's fair for both of you."",""adviceType"":""CG"",""chatEnabled"":false,""numRounds"":13,""playerCount"":2}","2026-01-20T20:39:57.870560881Z","CG_cooperate","2026-01-20T20:39:57.870560881Z"
"01KFEKHZKRT77TCYW9QR636P3H",2,"2026-01-20T21:31:46.970794698Z","01KFEKHQDC2K693XFM5ANS8DHE","2026-01-20T21:04:18.55290609Z","true","2026-01-20T21:37:26.079916151Z","end of game","2026-01-20T21:37:41.045539282Z","01KFEKJ89C5Q5XZZHG7S2FNW6F","2026-01-20T21:04:27.445829396Z","01KFEN459ESJM9EWKHV7KTM8EB","2026-01-20T21:31:42.779308161Z",12,"2026-01-20T21:31:48.655931547Z","null","2026-01-20T21:37:26.079916151Z","true","2026-01-20T21:31:46.970794698Z","true","2026-01-20T21:31:46.970794698Z","ended","2026-01-20T21:37:41.045539282Z","{""advice"":""Try to find an outcome that's fair for both of you."",""adviceType"":""noCG"",""chatEnabled"":false,""numRounds"":13,""playerCount"":2}","2026-01-20T21:04:18.55290609Z","noCG_cooperate","2026-01-20T21:04:18.55290609Z"
"01KFEKHZBEEPDRHKRQPWCS3SGH",2,"2026-01-20T21:27:10.802587023Z","01KFEKHQ6RN01KDJ4QSDZAWPPS","2026-01-20T21:04:18.286258983Z","true","2026-01-20T21:34:53.669445523Z","end of game","2026-01-20T21:34:53.863934012Z","01KFEKJ7E9231XC86BVFXAB1RB","2026-01-20T21:04:26.580067641Z","01KFEMVCZP4H9Z7NJGQK5E9H8Y","2026-01-20T21:26:55.756578925Z",12,"2026-01-20T21:27:11.317969316Z","null","2026-01-20T21:34:53.669445523Z","true","2026-01-20T21:27:10.802587023Z","true","2026-01-20T21:27:10.802587023Z","ended","2026-01-20T21:34:53.863934012Z","{""advice"":""Try to get the best outcome for yourself."",""adviceType"":""CG"",""numRounds"":13,""playerCount"":2}","2026-01-20T21:04:18.286258983Z","CG_selfish","2026-01-20T21:04:18.286258983Z"
"01KFEKHZ9SCZ02EGGWRNFEECG2",2,"2026-01-20T21:20:14.651135794Z","01KFEKHQ6RN01KDJ4QSDZAWPPS","2026-01-20T21:04:18.233995999Z","true","2026-01-20T21:26:23.263990937Z","end of game","2026-01-20T21:26:23.450959355Z","01KFEKJ7NFVX8MBH400CBGETGE","2026-01-20T21:04:26.804676816Z","01KFEMF0EA2YV80GJAYY394X0J","2026-01-20T21:20:09.695444373Z",12,"2026-01-20T21:20:15.672612909Z","null","2026-01-20T21:26:23.263990937Z","true","2026-01-20T21:20:14.651135794Z","true","2026-01-20T21:20:14.651135794Z","ended","2026-01-20T21:26:23.450959355Z","{""advice"":""Try to get the best outcome for yourself."",""adviceType"":""noCG"",""chatEnabled"":false,""numRounds"":13,""playerCount"":2}","2026-01-20T21:04:18.233995999Z","noCG_selfish","2026-01-20T21:04:18.233995999Z"
"01KFEJ5D6TNJMBKPJMAENEXHMP",2,"2026-01-20T21:04:17.317119404Z","01KFEJ5D47V2DPV4P7KW69CWA7","2026-01-20T20:39:57.914058096Z","true","2026-01-20T21:11:10.769300923Z","end of game","2026-01-20T21:11:10.945745028Z","01KFEJ5DG3DZ8WMTBGA7Y4AYX0","2026-01-20T20:39:58.215460669Z","01KFEKFS4H342R6RBM30X1HCBN","2026-01-20T21:03:06.394977569Z",12,"2026-01-20T21:04:22.578160213Z","null","2026-01-20T21:11:10.769300923Z","true","2026-01-20T21:04:17.317119404Z","true","2026-01-20T21:04:17.317119404Z","ended","2026-01-20T21:11:10.945745028Z","{""advice"":""Try to find an outcome that's fair for both of you."",""adviceType"":""noCG"",""chatEnabled"":false,""numRounds"":13,""playerCount"":2}","2026-01-20T20:39:57.914058096Z","noCG_cooperate","2026-01-20T20:39:57.914058096Z"
"01KFEKPB2MD43HRXJ5S36AZP95",2,"2026-01-20T21:23:23.015426958Z","01KFEKP9631FDC5MHAJ7BGRGH7","2026-01-20T21:06:41.364955768Z","true","2026-01-20T21:30:28.418248179Z","end of game","2026-01-20T21:30:29.191289785Z","01KFEKPEGTGRQ6GQTZGNXHP14T","2026-01-20T21:06:44.899550173Z","01KFEMKD0AW2JS2X37DVZDPGZE","2026-01-20T21:22:33.620853061Z",12,"2026-01-20T21:23:23.667394339Z","null","2026-01-20T21:30:28.418248179Z","true","2026-01-20T21:23:23.015426958Z","true","2026-01-20T21:23:23.015426958Z","ended","2026-01-20T21:30:29.191289785Z","{""advice"":""Try to get the best outcome for yourself."",""adviceType"":""noCG"",""chatEnabled"":false,""numRounds"":13,""playerCount"":2}","2026-01-20T21:06:41.364955768Z","noCG_selfish","2026-01-20T21:06:41.364955768Z"
"01KFEKHWZEPZZY95F2XW7M1MFP",2,"2026-01-20T21:07:06.775209878Z","01KFEKHPC1MSE3FJ7DBY2FGY2F","2026-01-20T21:04:15.85484562Z","true","2026-01-20T21:14:36.47576896Z","end of game","2026-01-20T21:14:36.571023008Z","01KFEKJ10FNWG8ADJDC0RMJF01","2026-01-20T21:04:19.994244927Z","01KFEKPAVJX6ED0K2BDM8FE5MR","2026-01-20T21:06:41.151047694Z",12,"2026-01-20T21:07:07.8247441Z","null","2026-01-20T21:14:36.47576896Z","true","2026-01-20T21:07:06.775209878Z","true","2026-01-20T21:07:06.775209878Z","ended","2026-01-20T21:14:36.571023008Z","{""advice"":""Try to find an outcome that's fair for both of you."",""adviceType"":""CG"",""chatEnabled"":false,""numRounds"":13,""playerCount"":2}","2026-01-20T21:04:15.85484562Z","CG_cooperate","2026-01-20T21:04:15.85484562Z"
"01KFEKHW2KQMM6E7GG18D0G9TT",2,"2026-01-20T21:06:54.139082014Z","01KFEKHP5PHVKCA3W59M54X4HD","2026-01-20T21:04:14.931130981Z","true","2026-01-20T21:13:51.483562077Z","end of game","2026-01-20T21:13:51.609703542Z","01KFEKJ0CNM53075QZ368K6941","2026-01-20T21:04:19.358745099Z","01KFEKP6SGEKCTZJ26S38ME05B","2026-01-20T21:06:36.991837087Z",12,"2026-01-20T21:06:55.166998111Z","null","2026-01-20T21:13:51.483562077Z","true","2026-01-20T21:06:54.139082014Z","true","2026-01-20T21:06:54.139082014Z","ended","2026-01-20T21:13:51.609703542Z","{""advice"":""Try to find an outcome that's fair for both of you."",""adviceType"":""noCG"",""chatEnabled"":false,""numRounds"":13,""playerCount"":2}","2026-01-20T21:04:14.931130981Z","noCG_cooperate","2026-01-20T21:04:14.931130981Z"
"01KFEJ5CQQ00MKPGMA298B0BDM",2,"2026-01-20T20:59:44.823692667Z","01KFEJ5CPJ5RGARFNN6Z0PCT4Q","2026-01-20T20:39:57.431841665Z","true","2026-01-20T21:04:35.918573348Z","end of game","2026-01-20T21:04:36.455338706Z","01KFEJ5CV89GGGQ2RM7N202DFE","2026-01-20T20:39:57.549417134Z","01KFEK9K1NH2GWDJ52FWQFNHFG","2026-01-20T20:59:43.549857782Z",12,"2026-01-20T20:59:45.105896525Z","null","2026-01-20T21:04:35.918573348Z","true","2026-01-20T20:59:44.823692667Z","true","2026-01-20T20:59:44.823692667Z","ended","2026-01-20T21:04:36.455338706Z","{""advice"":""Try to find an outcome that's fair for both of you."",""adviceType"":""noCG"",""chatEnabled"":false,""numRounds"":13,""playerCount"":2}","2026-01-20T20:39:57.431841665Z","noCG_cooperate","2026-01-20T20:39:57.431841665Z"
"01KFEKHYHJB14HYQ6WNW69M0EN",2,"2026-01-20T21:33:15.455910756Z","01KFEKHPXA861Q1DG96X1DM2E6","2026-01-20T21:04:17.458393933Z","true","2026-01-20T21:37:43.119534181Z","end of game","2026-01-20T21:37:44.477518027Z","01KFEKJ68PDWTZYXKQ8R6CW8XS","2026-01-20T21:04:25.375723527Z","01KFEN63RTEWF664EW6W8ZBH3S","2026-01-20T21:32:46.771156112Z",12,"2026-01-20T21:33:17.419612121Z","null","2026-01-20T21:37:43.119534181Z","true","2026-01-20T21:33:15.455910756Z","true","2026-01-20T21:33:15.455910756Z","ended","2026-01-20T21:37:44.477518027Z","{""advice"":""Try to find an outcome that's fair for both of you."",""adviceType"":""CG"",""chatEnabled"":false,""numRounds"":13,""playerCount"":2}","2026-01-20T21:04:17.458393933Z","CG_cooperate","2026-01-20T21:04:17.458393933Z"
"01KFEKP8SWACZ78Z101DJZ9YZX",2,"2026-01-20T21:37:19.197175581Z","01KFEKP8JTD09P5KZK5HC45AYH","2026-01-20T21:06:39.036762278Z","true","2026-01-20T21:42:49.57677072Z","end of game","2026-01-20T21:42:49.739268511Z","01KFEKP9XAR79BA9A3M3BG8ZTK","2026-01-20T21:06:40.179374137Z","01KFENDA0BX98AX09QVPJVC7V0","2026-01-20T21:36:42.532516005Z",12,"2026-01-20T21:37:20.533450509Z","null","2026-01-20T21:42:49.57677072Z","true","2026-01-20T21:37:19.197175581Z","true","2026-01-20T21:37:19.197175581Z","ended","2026-01-20T21:42:49.739268511Z","{""advice"":""Try to find an outcome that's fair for both of you."",""adviceType"":""CG"",""chatEnabled"":false,""numRounds"":13,""playerCount"":2}","2026-01-20T21:06:39.036762278Z","CG_cooperate","2026-01-20T21:06:39.036762278Z"
"01KFEKHXK7R8H3J1J8XZRRFJYB",2,"2026-01-20T21:19:14.722762498Z","01KFEKHPGYTA3NV92JW708KDS3","2026-01-20T21:04:16.487511302Z","true","2026-01-20T21:26:23.79426423Z","end of game","2026-01-20T21:26:23.936667702Z","01KFEKJ27AS8113D73P0S97585","2026-01-20T21:04:21.235478307Z","01KFEMDAZSCZ6PP6ZB4ERQVBKE","2026-01-20T21:19:14.967556604Z",12,"2026-01-20T21:19:19.863016214Z","null","2026-01-20T21:26:23.79426423Z","true","2026-01-20T21:19:14.722762498Z","true","2026-01-20T21:19:14.722762498Z","ended","2026-01-20T21:26:23.936667702Z","{""advice"":""Try to get the best outcome for yourself."",""adviceType"":""noCG"",""chatEnabled"":false,""numRounds"":13,""playerCount"":2}","2026-01-20T21:04:16.487511302Z","noCG_selfish","2026-01-20T21:04:16.487511302Z"
"01KFEKHZCYGXG9E88XG20MH24Y",2,"2026-01-20T21:31:10.212606381Z","01KFEKHQ6RN01KDJ4QSDZAWPPS","2026-01-20T21:04:18.334846076Z","true","2026-01-20T21:39:33.873455516Z","end of game","2026-01-20T21:39:34.787325504Z","01KFEKJ7WNNSS38NA8DQ6ZF9RG","2026-01-20T21:04:27.038634089Z","01KFEN2XERE7BSGQV5G1W625QZ","2026-01-20T21:31:02.001167787Z",12,"2026-01-20T21:31:10.712040437Z","null","2026-01-20T21:39:33.873455516Z","true","2026-01-20T21:31:10.212606381Z","true","2026-01-20T21:31:10.212606381Z","ended","2026-01-20T21:39:34.787325504Z","{""advice"":""Try to find an outcome that's fair for both of you."",""adviceType"":""noCG"",""chatEnabled"":false,""numRounds"":13,""playerCount"":2}","2026-01-20T21:04:18.334846076Z","noCG_cooperate","2026-01-20T21:04:18.334846076Z"
"01KFEKHZN529E42QD9METE3SFK",2,"2026-01-20T21:20:50.517946895Z","01KFEKHQDC2K693XFM5ANS8DHE","2026-01-20T21:04:18.597729849Z","true","2026-01-20T21:26:18.571320399Z","end of game","2026-01-20T21:26:18.751020723Z","01KFEKJ8Q9JW7XVTZM37P6FY8E","2026-01-20T21:04:27.887387137Z","01KFEMFFW5HAPC30J2ZAMD9Y62","2026-01-20T21:20:25.495335779Z",12,"2026-01-20T21:20:50.877072973Z","null","2026-01-20T21:26:18.571320399Z","true","2026-01-20T21:20:50.517946895Z","true","2026-01-20T21:20:50.517946895Z","ended","2026-01-20T21:26:18.751020723Z","{""advice"":""Try to get the best outcome for yourself."",""adviceType"":""noCG"",""chatEnabled"":false,""numRounds"":13,""playerCount"":2}","2026-01-20T21:04:18.597729849Z","noCG_selfish","2026-01-20T21:04:18.597729849Z"
"01KFEKHX2RB171QB64SDRQQFHC",2,"2026-01-20T21:07:52.428885293Z","01KFEKHPC1MSE3FJ7DBY2FGY2F","2026-01-20T21:04:15.960213914Z","true","2026-01-20T21:13:40.65483264Z","end of game","2026-01-20T21:13:40.749436159Z","01KFEKJ1MQMGCQVSWFKNRHZRGD","2026-01-20T21:04:20.640947289Z","01KFEKQH7KGG9C8T0FA2Z7E6MR","2026-01-20T21:07:20.449812019Z",12,"2026-01-20T21:07:52.69265308Z","null","2026-01-20T21:13:40.65483264Z","true","2026-01-20T21:07:52.428885293Z","true","2026-01-20T21:07:52.428885293Z","ended","2026-01-20T21:13:40.749436159Z","{""advice"":""Try to find an outcome that's fair for both of you."",""adviceType"":""noCG"",""chatEnabled"":false,""numRounds"":13,""playerCount"":2}","2026-01-20T21:04:15.960213914Z","noCG_cooperate","2026-01-20T21:04:15.960213914Z"
"01KFEKHXG0QSJ727TF9BK0CVWT",2,"2026-01-20T21:08:05.197419689Z","01KFEKHPGYTA3NV92JW708KDS3","2026-01-20T21:04:16.384806997Z","true","2026-01-20T21:11:21.267361635Z","end of game","2026-01-20T21:11:21.395643317Z","01KFEKJ1V3ECS2A4XB0FYAK53H","2026-01-20T21:04:20.84513103Z","01KFEKRR7YH632WG0EFZKBFN0Z","2026-01-20T21:08:00.398092591Z",12,"2026-01-20T21:08:06.210721251Z","null","2026-01-20T21:11:21.267361635Z","true","2026-01-20T21:08:05.197419689Z","true","2026-01-20T21:08:05.197419689Z","ended","2026-01-20T21:11:21.395643317Z","{""advice"":""Try to find an outcome that's fair for both of you."",""adviceType"":""noCG"",""chatEnabled"":false,""numRounds"":13,""playerCount"":2}","2026-01-20T21:04:16.384806997Z","noCG_cooperate","2026-01-20T21:04:16.384806997Z"
"01KFEKHZJWCME2TD44SWFYQ3JK",2,"2026-01-20T21:35:46.519437094Z","01KFEKHQDC2K693XFM5ANS8DHE","2026-01-20T21:04:18.524335231Z","true","2026-01-20T21:42:14.900545843Z","end of game","2026-01-20T21:42:15.062377284Z","01KFEKJ82ZKDGNSTWKGQ7HM67T","2026-01-20T21:04:27.241675615Z","01KFENBHD9N29F8VK9SHGHVS19","2026-01-20T21:35:44.567601064Z",12,"2026-01-20T21:35:47.419980861Z","null","2026-01-20T21:42:14.900545843Z","true","2026-01-20T21:35:46.519437094Z","true","2026-01-20T21:35:46.519437094Z","ended","2026-01-20T21:42:15.062377284Z","{""advice"":""Try to find an outcome that's fair for both of you."",""adviceType"":""CG"",""chatEnabled"":false,""numRounds"":13,""playerCount"":2}","2026-01-20T21:04:18.524335231Z","CG_cooperate","2026-01-20T21:04:18.524335231Z"
"01KFEJ5E9BF1S7ZWGC98397B4G",2,"2026-01-20T21:05:37.853425832Z","01KFEJ5E832Q64ZNG3ZKPXGHJ5","2026-01-20T20:39:59.01938775Z","true","2026-01-20T21:09:53.2226488Z","end of game","2026-01-20T21:09:53.555372945Z","01KFEJ5EDKS64497V39SJHT65J","2026-01-20T20:39:59.159748249Z","01KFEKJVDXFZNMR99E46DHZ2QZ","2026-01-20T21:04:47.047057056Z",12,"2026-01-20T21:05:38.275945152Z","null","2026-01-20T21:09:53.2226488Z","true","2026-01-20T21:05:37.853425832Z","true","2026-01-20T21:05:37.853425832Z","ended","2026-01-20T21:09:53.555372945Z","{""advice"":""Try to find an outcome that's fair for both of you."",""adviceType"":""CG"",""chatEnabled"":false,""numRounds"":13,""playerCount"":2}","2026-01-20T20:39:59.01938775Z","CG_cooperate","2026-01-20T20:39:59.01938775Z"
"01KFEJ5DPRA3SJMDJ397B8T8C1",2,"2026-01-20T20:59:29.747378293Z","01KFEJ5DKDD8ED3R70AXWWV7TA","2026-01-20T20:39:58.424791702Z","true","2026-01-20T21:05:28.629373633Z","end of game","2026-01-20T21:05:28.895159551Z","01KFEJ5E25NKPDENESVJMDK3MR","2026-01-20T20:39:58.794766711Z","01KFEK8V8PSTG8VA8BBVC7CTTD","2026-01-20T20:59:19.197770609Z",12,"2026-01-20T20:59:29.908992131Z","null","2026-01-20T21:05:28.629373633Z","true","2026-01-20T20:59:29.747378293Z","true","2026-01-20T20:59:29.747378293Z","ended","2026-01-20T21:05:28.895159551Z","{""advice"":""Try to get the best outcome for yourself."",""adviceType"":""CG"",""numRounds"":13,""playerCount"":2}","2026-01-20T20:39:58.424791702Z","CG_selfish","2026-01-20T20:39:58.424791702Z"
"01KFEKHX0GFP3226G2XP5V5QA7",2,"2026-01-20T21:19:03.951759207Z","01KFEKHPC1MSE3FJ7DBY2FGY2F","2026-01-20T21:04:15.888212986Z","true","2026-01-20T21:24:38.014279563Z","end of game","2026-01-20T21:24:39.394467166Z","01KFEKJ17VMC316V7RCW6E4S91","2026-01-20T21:04:20.22930405Z","01KFEMBE021M4TQ18PYM2NN1ZJ","2026-01-20T21:18:12.504768636Z",12,"2026-01-20T21:19:04.462497498Z","null","2026-01-20T21:24:38.014279563Z","true","2026-01-20T21:19:03.951759207Z","true","2026-01-20T21:19:03.951759207Z","ended","2026-01-20T21:24:39.394467166Z","{""advice"":""Try to get the best outcome for yourself."",""adviceType"":""noCG"",""chatEnabled"":false,""numRounds"":13,""playerCount"":2}","2026-01-20T21:04:15.888212986Z","noCG_selfish","2026-01-20T21:04:15.888212986Z"
"01KFEKHX1P9ZX6RDK1X5H16NSJ",2,"2026-01-20T21:15:26.708973214Z","01KFEKHPC1MSE3FJ7DBY2FGY2F","2026-01-20T21:04:15.92621623Z","true","2026-01-20T21:21:08.171842921Z","end of game","2026-01-20T21:21:08.981592949Z","01KFEKJ1E6YM3CH1JNNCX8ZDZ7","2026-01-20T21:04:20.431951973Z","01KFEM5E4VGM0WYD5RZ49529PG","2026-01-20T21:14:56.04731004Z",12,"2026-01-20T21:15:27.535627668Z","null","2026-01-20T21:21:08.171842921Z","true","2026-01-20T21:15:26.708973214Z","true","2026-01-20T21:15:26.708973214Z","ended","2026-01-20T21:21:08.981592949Z","{""advice"":""Try to get the best outcome for yourself."",""adviceType"":""CG"",""numRounds"":13,""playerCount"":2}","2026-01-20T21:04:15.92621623Z","CG_selfish","2026-01-20T21:04:15.92621623Z"
"01KFEJ5DNSX5Y5MH73PBQYYZM3",2,"2026-01-20T21:05:45.062489397Z","01KFEJ5DKDD8ED3R70AXWWV7TA","2026-01-20T20:39:58.393056084Z","true","2026-01-20T21:12:33.168768539Z","end of game","2026-01-20T21:12:33.264764283Z","01KFEJ5DWYAFGRT554R5YJ2AMS","2026-01-20T20:39:58.627101549Z","01KFEKKCGD1VXN5XZY094W1275","2026-01-20T21:05:04.536962434Z",12,"2026-01-20T21:05:49.326083249Z","null","2026-01-20T21:12:33.168768539Z","true","2026-01-20T21:05:45.062489397Z","true","2026-01-20T21:05:45.062489397Z","ended","2026-01-20T21:12:33.264764283Z","{""advice"":""Try to find an outcome that's fair for both of you."",""adviceType"":""noCG"",""chatEnabled"":false,""numRounds"":13,""playerCount"":2}","2026-01-20T20:39:58.393056084Z","noCG_cooperate","2026-01-20T20:39:58.393056084Z"
"01KFEKPARRGKN060WSHP4MXPVN",2,"2026-01-20T21:22:16.299982806Z","01KFEKP90DN3N51AVE1856PVFP","2026-01-20T21:06:41.048757775Z","true","2026-01-20T21:31:33.309101497Z","end of game","2026-01-20T21:31:33.689761969Z","01KFEKPDC22PMKNX0ECZBFXW4H","2026-01-20T21:06:43.719240376Z","01KFEMJFA7S6WA8X84GM6C1FXG","2026-01-20T21:22:03.225964533Z",12,"2026-01-20T21:22:17.405001482Z","null","2026-01-20T21:31:33.309101497Z","true","2026-01-20T21:22:16.299982806Z","true","2026-01-20T21:22:16.299982806Z","ended","2026-01-20T21:31:33.689761969Z","{""advice"":""Try to get the best outcome for yourself."",""adviceType"":""noCG"",""chatEnabled"":false,""numRounds"":13,""playerCount"":2}","2026-01-20T21:06:41.048757775Z","noCG_selfish","2026-01-20T21:06:41.048757775Z"
"01KFEV378PDZP87HXSESW6BA01",2,"2026-01-20T23:22:30.960588943Z","01KFEV377XDCWB0CVW0E7ES8WB","2026-01-20T23:16:03.47866774Z","true","2026-01-20T23:25:48.424994955Z","end of game","2026-01-20T23:25:48.443333918Z","01KFEV37B4RJ3JWH1Q7TD6Y7MQ","2026-01-20T23:16:03.558132293Z","01KFEVC8Q63W8G12GYWEKGD5YP","2026-01-20T23:20:59.883702729Z",12,"2026-01-20T23:22:31.022878806Z","null","2026-01-20T23:25:48.424994955Z","true","2026-01-20T23:22:30.960588943Z","true","2026-01-20T23:22:30.960588943Z","ended","2026-01-20T23:25:48.443333918Z","{""advice"":""Try to find an outcome that's fair for both of you."",""adviceType"":""noCG"",""chatEnabled"":false,""numRounds"":13,""playerCount"":2}","2026-01-20T23:16:03.47866774Z","noCG_cooperate","2026-01-20T23:16:03.47866774Z"
"01KFEV378H0PY96RNMJFNCN7TE",2,"2026-01-20T23:22:14.368787038Z","01KFEV377XDCWB0CVW0E7ES8WB","2026-01-20T23:16:03.473212219Z","true","2026-01-20T23:25:34.912561085Z","end of game","2026-01-20T23:25:34.970161407Z","01KFEV37A05KBA3ANDNX2A9VQS","2026-01-20T23:16:03.522036746Z","01KFEVBCMQ9HASDG44KRB7VWVQ","2026-01-20T23:20:31.132885836Z",12,"2026-01-20T23:22:14.429207513Z","null","2026-01-20T23:25:34.912561085Z","true","2026-01-20T23:22:14.368787038Z","true","2026-01-20T23:22:14.368787038Z","ended","2026-01-20T23:25:34.970161407Z","{""advice"":""Try to get the best outcome for yourself."",""adviceType"":""CG"",""numRounds"":13,""playerCount"":2}","2026-01-20T23:16:03.473212219Z","CG_selfish","2026-01-20T23:16:03.473212219Z"
"01KFEV2C0CP35QE41ZMH45J8TZ",2,"2026-01-20T23:20:26.834516028Z","01KFEV2BZFDRZBG3Y0249RG1TW","2026-01-20T23:15:35.564829378Z","true","2026-01-20T23:23:54.291332163Z","end of game","2026-01-20T23:23:54.307547638Z","01KFEV2C23NTDEXRFB582252JS","2026-01-20T23:15:35.622279141Z","01KFEVAQ978STER0M7T8EPH3H1","2026-01-20T23:20:09.262142099Z",12,"2026-01-20T23:20:26.899740255Z","null","2026-01-20T23:23:54.291332163Z","true","2026-01-20T23:20:26.834516028Z","true","2026-01-20T23:20:26.834516028Z","ended","2026-01-20T23:23:54.307547638Z","{""advice"":""Try to find an outcome that's fair for both of you."",""adviceType"":""CG"",""chatEnabled"":false,""numRounds"":13,""playerCount"":2}","2026-01-20T23:15:35.564829378Z","CG_cooperate","2026-01-20T23:15:35.564829378Z"
"01KFEV378H0PY96RNMJTMM0E4X",2,"2026-01-20T23:22:40.846044498Z","01KFEV377XDCWB0CVW0E7ES8WB","2026-01-20T23:16:03.473948465Z","true","2026-01-20T23:26:46.542512588Z","end of game","2026-01-20T23:26:46.571090381Z","01KFEV37AJY03P67KHYHJXNXW0","2026-01-20T23:16:03.540452043Z","01KFEVD3KQWYYYMXMXQXVH1KJA","2026-01-20T23:21:27.420320834Z",12,"2026-01-20T23:22:40.912751341Z","null","2026-01-20T23:26:46.542512588Z","true","2026-01-20T23:22:40.846044498Z","true","2026-01-20T23:22:40.846044498Z","ended","2026-01-20T23:26:46.571090381Z","{""advice"":""Try to get the best outcome for yourself."",""adviceType"":""noCG"",""chatEnabled"":false,""numRounds"":13,""playerCount"":2}","2026-01-20T23:16:03.473948465Z","noCG_selfish","2026-01-20T23:16:03.473948465Z"
"01KFEV378FNG971PBW7B2SPNC6",2,"2026-01-20T23:24:29.7719131Z","01KFEV377XDCWB0CVW0E7ES8WB","2026-01-20T23:16:03.471191986Z","true","2026-01-20T23:26:32.921254291Z","end of game","2026-01-20T23:26:32.942904611Z","01KFEV379B8QKP0YQMMRWRQWYY","2026-01-20T23:16:03.501423658Z","01KFEVGCM9MKV9C5MGE5J2WXRR","2026-01-20T23:23:14.958942321Z",12,"2026-01-20T23:24:29.850165508Z","null","2026-01-20T23:26:32.921254291Z","true","2026-01-20T23:24:29.7719131Z","true","2026-01-20T23:24:29.7719131Z","ended","2026-01-20T23:26:32.942904611Z","{""advice"":""Try to find an outcome that's fair for both of you."",""adviceType"":""CG"",""chatEnabled"":false,""numRounds"":13,""playerCount"":2}","2026-01-20T23:16:03.471191986Z","CG_cooperate","2026-01-20T23:16:03.471191986Z"
"01KFEV38H48T18ZRM15RETR33C",2,"2026-01-20T23:33:11.356904769Z","01KFEV38GJVYY8P8B7QXSW6BTE","2026-01-20T23:16:04.772289934Z","true","2026-01-20T23:36:25.256440677Z","end of game","2026-01-20T23:36:25.290224032Z","01KFEV38J9MS08APRHR0C419SF","2026-01-20T23:16:04.81239081Z","01KFEW2HRCA5VKQJH8Z6J7EQD4","2026-01-20T23:33:10.033940244Z",12,"2026-01-20T23:33:11.469490855Z","null","2026-01-20T23:36:25.256440677Z","true","2026-01-20T23:33:11.356904769Z","true","2026-01-20T23:33:11.356904769Z","ended","2026-01-20T23:36:25.290224032Z","{""advice"":""Try to get the best outcome for yourself."",""adviceType"":""CG"",""numRounds"":13,""playerCount"":2}","2026-01-20T23:16:04.772289934Z","CG_selfish","2026-01-20T23:16:04.772289934Z"
"01KFEVMNBC23RB4D79KEQ4G0VS",2,"2026-01-20T23:33:52.796581012Z","01KFEVMN9Q125N5N16W4WNYJXF","2026-01-20T23:25:34.956567028Z","true","2026-01-20T23:36:15.789701357Z","end of game","2026-01-20T23:36:15.819021545Z","01KFEVMNFZRX9C6EAHRT2Z8W1J","2026-01-20T23:25:35.105659299Z","01KFEW35W0GP3J7TAZPSDV5RS7","2026-01-20T23:33:30.62949587Z",12,"2026-01-20T23:33:52.862778333Z","null","2026-01-20T23:36:15.789701357Z","true","2026-01-20T23:33:52.796581012Z","true","2026-01-20T23:33:52.796581012Z","ended","2026-01-20T23:36:15.819021545Z","{""advice"":""Try to get the best outcome for yourself."",""adviceType"":""CG"",""numRounds"":13,""playerCount"":2}","2026-01-20T23:25:34.956567028Z","CG_selfish","2026-01-20T23:25:34.956567028Z"
"01KFEV37DE991T271V0NJ5BY6K",2,"2026-01-20T23:24:22.444483329Z","01KFEV37CWX6SQYA0RPR0C01MW","2026-01-20T23:16:03.630716097Z","true","2026-01-20T23:29:11.41924743Z","end of game","2026-01-20T23:29:11.441494071Z","01KFEV37FVZ8R7F6KC9EYZZJSC","2026-01-20T23:16:03.710083914Z","01KFEVJ68EC0T63YY2GB7ZCR7M","2026-01-20T23:24:13.969980773Z",12,"2026-01-20T23:24:22.485954564Z","null","2026-01-20T23:29:11.41924743Z","true","2026-01-20T23:24:22.444483329Z","true","2026-01-20T23:24:22.444483329Z","ended","2026-01-20T23:29:11.441494071Z","{""advice"":""Try to find an outcome that's fair for both of you."",""adviceType"":""noCG"",""chatEnabled"":false,""numRounds"":13,""playerCount"":2}","2026-01-20T23:16:03.630716097Z","noCG_cooperate","2026-01-20T23:16:03.630716097Z"
"01KFEVMNAWK7WRWM1AMQZKX6SA",2,"2026-01-20T23:39:33.960080002Z","01KFEVMN9Q125N5N16W4WNYJXF","2026-01-20T23:25:34.940973835Z","true","2026-01-20T23:41:56.644477786Z","end of game","2026-01-20T23:41:56.682833681Z","01KFEVMNDRZ9S06VKCNKXA346Y","2026-01-20T23:25:35.034055472Z","01KFEWDBKR5JZNN393G7RRX8G7","2026-01-20T23:39:04.190273115Z",12,"2026-01-20T23:39:34.193167228Z","null","2026-01-20T23:41:56.644477786Z","true","2026-01-20T23:39:33.960080002Z","true","2026-01-20T23:39:33.960080002Z","ended","2026-01-20T23:41:56.682833681Z","{""advice"":""Try to find an outcome that's fair for both of you."",""adviceType"":""noCG"",""chatEnabled"":false,""numRounds"":13,""playerCount"":2}","2026-01-20T23:25:34.940973835Z","noCG_cooperate","2026-01-20T23:25:34.940973835Z"
"01KFEV37DAAK9E08F076WKMM6J",2,"2026-01-20T23:27:53.53528249Z","01KFEV37CWX6SQYA0RPR0C01MW","2026-01-20T23:16:03.627021203Z","true","2026-01-20T23:31:36.929415439Z","end of game","2026-01-20T23:31:36.954142575Z","01KFEV37E2NDQT0ABX26V53RHH","2026-01-20T23:16:03.651940168Z","01KFEVPG6RNH5WCM3P5KJPDV3Z","2026-01-20T23:26:35.236941822Z",12,"2026-01-20T23:27:53.608356555Z","null","2026-01-20T23:31:36.929415439Z","true","2026-01-20T23:27:53.53528249Z","true","2026-01-20T23:27:53.53528249Z","ended","2026-01-20T23:31:36.954142575Z","{""advice"":""Try to find an outcome that's fair for both of you."",""adviceType"":""CG"",""chatEnabled"":false,""numRounds"":13,""playerCount"":2}","2026-01-20T23:16:03.627021203Z","CG_cooperate","2026-01-20T23:16:03.627021203Z"
"01KFEVMNB841AFDZFM4WSW4FTD",2,"2026-01-20T23:26:40.568791412Z","01KFEVMN9Q125N5N16W4WNYJXF","2026-01-20T23:25:34.952892599Z","true","2026-01-20T23:29:51.896823582Z","end of game","2026-01-20T23:29:51.915604736Z","01KFEVMNEXW9TQ5RVC48TXBZ96","2026-01-20T23:25:35.071557409Z","01KFEVPKT9DAPXBCPDD5PW5PSA","2026-01-20T23:26:38.926595262Z",12,"2026-01-20T23:26:40.700727284Z","null","2026-01-20T23:29:51.896823582Z","true","2026-01-20T23:26:40.568791412Z","true","2026-01-20T23:26:40.568791412Z","ended","2026-01-20T23:29:51.915604736Z","{""advice"":""Try to get the best outcome for yourself."",""adviceType"":""noCG"",""chatEnabled"":false,""numRounds"":13,""playerCount"":2}","2026-01-20T23:25:34.952892599Z","noCG_selfish","2026-01-20T23:25:34.952892599Z"
"01KFEV38AJ2CFPYBQZ58NH0V5J",2,"2026-01-20T23:24:36.959144939Z","01KFEV38A01XZ4DPRPFKRE96P8","2026-01-20T23:16:04.562061239Z","true","2026-01-20T23:30:23.319181181Z","end of game","2026-01-20T23:30:23.345385299Z","01KFEV38C06R2DS3GVKPC9A7RA","2026-01-20T23:16:04.610831816Z","01KFEVHPZCBFT7H93088EPP6NE","2026-01-20T23:23:58.320339426Z",12,"2026-01-20T23:24:37.031633949Z","null","2026-01-20T23:30:23.319181181Z","true","2026-01-20T23:24:36.959144939Z","true","2026-01-20T23:24:36.959144939Z","ended","2026-01-20T23:30:23.345385299Z","{""advice"":""Try to get the best outcome for yourself."",""adviceType"":""noCG"",""chatEnabled"":false,""numRounds"":13,""playerCount"":2}","2026-01-20T23:16:04.562061239Z","noCG_selfish","2026-01-20T23:16:04.562061239Z"
"01KFEVMNHFNDCGHX9QBBFN387E",2,"2026-01-20T23:39:57.607703811Z","01KFEVMNF44NEM58ETFST7KTWM","2026-01-20T23:25:35.151702187Z","true","2026-01-20T23:43:24.220964451Z","end of game","2026-01-20T23:43:24.253681169Z","01KFEVMNPBY8GCMDS07DCM00H1","2026-01-20T23:25:35.310280889Z","01KFEWEWC3AZ2KJR4NQ6NWSEYJ","2026-01-20T23:39:54.12304286Z",12,"2026-01-20T23:39:57.814625705Z","null","2026-01-20T23:43:24.220964451Z","true","2026-01-20T23:39:57.607703811Z","true","2026-01-20T23:39:57.607703811Z","ended","2026-01-20T23:43:24.253681169Z","{""advice"":""Try to find an outcome that's fair for both of you."",""adviceType"":""noCG"",""chatEnabled"":false,""numRounds"":13,""playerCount"":2}","2026-01-20T23:25:35.151702187Z","noCG_cooperate","2026-01-20T23:25:35.151702187Z"
"01KFEV37DE991T271V0BRDHRJW",2,"2026-01-20T23:23:13.631324332Z","01KFEV37CWX6SQYA0RPR0C01MW","2026-01-20T23:16:03.630031893Z","true","2026-01-20T23:26:37.003313918Z","end of game","2026-01-20T23:26:37.034731972Z","01KFEV37F8FP78MSW9YMXFC5QS","2026-01-20T23:16:03.690473235Z","01KFEVFHTJSTGT6ZRZXRSNSH5M","2026-01-20T23:22:47.510457026Z",12,"2026-01-20T23:23:13.684584855Z","null","2026-01-20T23:26:37.003313918Z","true","2026-01-20T23:23:13.631324332Z","true","2026-01-20T23:23:13.631324332Z","ended","2026-01-20T23:26:37.034731972Z","{""advice"":""Try to get the best outcome for yourself."",""adviceType"":""noCG"",""chatEnabled"":false,""numRounds"":13,""playerCount"":2}","2026-01-20T23:16:03.630031893Z","noCG_selfish","2026-01-20T23:16:03.630031893Z"
"01KFEV37PYV9HETXX2PC055NBT",2,"2026-01-20T23:23:39.059923251Z","01KFEV37PBC6DGWCX0HT0QWYJR","2026-01-20T23:16:03.934053757Z","true","2026-01-20T23:26:40.19585729Z","end of game","2026-01-20T23:26:40.217222438Z","01KFEV37R5725J615P6J4K0FDX","2026-01-20T23:16:03.975080122Z","01KFEVGWRD9AHFRHSFTY6336T7","2026-01-20T23:23:31.472770387Z",12,"2026-01-20T23:23:39.125497799Z","null","2026-01-20T23:26:40.19585729Z","true","2026-01-20T23:23:39.059923251Z","true","2026-01-20T23:23:39.059923251Z","ended","2026-01-20T23:26:40.217222438Z","{""advice"":""Try to get the best outcome for yourself."",""adviceType"":""noCG"",""chatEnabled"":false,""numRounds"":13,""playerCount"":2}","2026-01-20T23:16:03.934053757Z","noCG_selfish","2026-01-20T23:16:03.934053757Z"
"01KFEV38AHTHHCNTDGHAJN0GXG",2,"2026-01-20T23:33:01.92862248Z","01KFEV38A01XZ4DPRPFKRE96P8","2026-01-20T23:16:04.561350014Z","true","2026-01-20T23:36:55.140580688Z","end of game","2026-01-20T23:36:55.171237061Z","01KFEV38BBGCEZFQYNRH2WNG6A","2026-01-20T23:16:04.59142762Z","01KFEW26TZ4TFXQ7KBZZDAHBAV","2026-01-20T23:32:58.853104027Z",12,"2026-01-20T23:33:02.068396632Z","null","2026-01-20T23:36:55.140580688Z","true","2026-01-20T23:33:01.92862248Z","true","2026-01-20T23:33:01.92862248Z","ended","2026-01-20T23:36:55.171237061Z","{""advice"":""Try to get the best outcome for yourself."",""adviceType"":""CG"",""numRounds"":13,""playerCount"":2}","2026-01-20T23:16:04.561350014Z","CG_selfish","2026-01-20T23:16:04.561350014Z"
"01KFEV384Y33BFECW27AH8GSGD",2,"2026-01-20T23:23:45.660876796Z","01KFEV384BJYC62Y0E6AQK09K8","2026-01-20T23:16:04.382755946Z","true","2026-01-20T23:26:54.275368769Z","end of game","2026-01-20T23:26:54.317643583Z","01KFEV386A1WY8SGXQH920XH7G","2026-01-20T23:16:04.428795388Z","01KFEVH8EESNWWFVSPWB9F1Z4Z","2026-01-20T23:23:43.441893294Z",12,"2026-01-20T23:23:45.731617673Z","null","2026-01-20T23:26:54.275368769Z","true","2026-01-20T23:23:45.660876796Z","true","2026-01-20T23:23:45.660876796Z","ended","2026-01-20T23:26:54.317643583Z","{""advice"":""Try to get the best outcome for yourself."",""adviceType"":""noCG"",""chatEnabled"":false,""numRounds"":13,""playerCount"":2}","2026-01-20T23:16:04.382755946Z","noCG_selfish","2026-01-20T23:16:04.382755946Z"
"01KFEV38AJ2CFPYBQZ5JKK7PV4",2,"2026-01-20T23:37:06.323512396Z","01KFEV38A01XZ4DPRPFKRE96P8","2026-01-20T23:16:04.562699698Z","true","2026-01-20T23:41:07.194192732Z","end of game","2026-01-20T23:41:07.229157692Z","01KFEV38CM47EK2GTQWC3Q806Y","2026-01-20T23:16:04.63173663Z","01KFEW9QJ36NX4NN0S8K3BH7R3","2026-01-20T23:37:05.35514102Z",12,"2026-01-20T23:37:06.490579167Z","null","2026-01-20T23:41:07.194192732Z","true","2026-01-20T23:37:06.323512396Z","true","2026-01-20T23:37:06.323512396Z","ended","2026-01-20T23:41:07.229157692Z","{""advice"":""Try to find an outcome that's fair for both of you."",""adviceType"":""noCG"",""chatEnabled"":false,""numRounds"":13,""playerCount"":2}","2026-01-20T23:16:04.562699698Z","noCG_cooperate","2026-01-20T23:16:04.562699698Z"
"01KFEV2C08ND9C9BYW8N2T146P",2,"2026-01-20T23:19:21.882686043Z","01KFEV2BZFDRZBG3Y0249RG1TW","2026-01-20T23:15:35.560986314Z","true","2026-01-20T23:20:52.128752034Z","end of game","2026-01-20T23:20:52.137137209Z","01KFEV2C1BRB6VV8V3458KX5Z5","2026-01-20T23:15:35.599518819Z","01KFEV8CHYP1BPJ13N344DQA5E","2026-01-20T23:18:52.739101894Z",12,"2026-01-20T23:19:21.928917472Z","null","2026-01-20T23:20:52.128752034Z","true","2026-01-20T23:19:21.882686043Z","true","2026-01-20T23:19:21.882686043Z","ended","2026-01-20T23:20:52.137137209Z","{""advice"":""Try to find an outcome that's fair for both of you."",""adviceType"":""noCG"",""chatEnabled"":false,""numRounds"":13,""playerCount"":2}","2026-01-20T23:15:35.560986314Z","noCG_cooperate","2026-01-20T23:15:35.560986314Z"
"01KFEV37Q0WSYAYKWHM2EXN0DN",2,"2026-01-20T23:32:02.886525475Z","01KFEV37PBC6DGWCX0HT0QWYJR","2026-01-20T23:16:03.936381025Z","true","2026-01-20T23:34:37.954615259Z","end of game","2026-01-20T23:34:37.993389903Z","01KFEV37STGRZYV5VGKQBMQWJK","2026-01-20T23:16:04.02937337Z","01KFEW042NQ2XSWZA23PDRE97H","2026-01-20T23:31:50.492537952Z",12,"2026-01-20T23:32:03.0114939Z","null","2026-01-20T23:34:37.954615259Z","true","2026-01-20T23:32:02.886525475Z","true","2026-01-20T23:32:02.886525475Z","ended","2026-01-20T23:34:37.993389903Z","{""advice"":""Try to get the best outcome for yourself."",""adviceType"":""CG"",""numRounds"":13,""playerCount"":2}","2026-01-20T23:16:03.936381025Z","CG_selfish","2026-01-20T23:16:03.936381025Z"
"01KFEV385166A8JYCZ9G4DMHRQ",2,"2026-01-20T23:32:29.774804636Z","01KFEV384BJYC62Y0E6AQK09K8","2026-01-20T23:16:04.385756726Z","true","2026-01-20T23:34:21.944667554Z","end of game","2026-01-20T23:34:21.970050687Z","01KFEV388574QE3JGCATWZQ0E8","2026-01-20T23:16:04.487300656Z","01KFEW0WZAEPS2686EXN4GRCR3","2026-01-20T23:32:15.984622882Z",12,"2026-01-20T23:32:29.948402958Z","null","2026-01-20T23:34:21.944667554Z","true","2026-01-20T23:32:29.774804636Z","true","2026-01-20T23:32:29.774804636Z","ended","2026-01-20T23:34:21.970050687Z","{""advice"":""Try to get the best outcome for yourself."",""adviceType"":""CG"",""numRounds"":13,""playerCount"":2}","2026-01-20T23:16:04.385756726Z","CG_selfish","2026-01-20T23:16:04.385756726Z"
"01KFEV38H8T2V9428VC9T7MEBA",2,"2026-01-20T23:37:55.984432454Z","01KFEV38GJVYY8P8B7QXSW6BTE","2026-01-20T23:16:04.776232214Z","true","2026-01-20T23:40:39.416329532Z","end of game","2026-01-20T23:40:39.450621097Z","01KFEV38KMDV8YKNGW278BGNPV","2026-01-20T23:16:04.856073872Z","01KFEWB8QB0S930CS7NG2FJY72","2026-01-20T23:37:55.698437108Z",12,"2026-01-20T23:37:56.093794361Z","null","2026-01-20T23:40:39.416329532Z","true","2026-01-20T23:37:55.984432454Z","true","2026-01-20T23:37:55.984432454Z","ended","2026-01-20T23:40:39.450621097Z","{""advice"":""Try to find an outcome that's fair for both of you."",""adviceType"":""noCG"",""chatEnabled"":false,""numRounds"":13,""playerCount"":2}","2026-01-20T23:16:04.776232214Z","noCG_cooperate","2026-01-20T23:16:04.776232214Z"
"01KFEV37PYV9HETXX2PSGE1RKD",2,"2026-01-20T23:24:53.214360806Z","01KFEV37PBC6DGWCX0HT0QWYJR","2026-01-20T23:16:03.934776113Z","true","2026-01-20T23:28:29.508801697Z","end of game","2026-01-20T23:28:29.55093224Z","01KFEV37RSFJFVPZ2C9EGFZVZG","2026-01-20T23:16:03.997249219Z","01KFEVJXNH8N7G79T4SD3GZA76","2026-01-20T23:24:37.942043025Z",12,"2026-01-20T23:24:53.256912051Z","null","2026-01-20T23:28:29.508801697Z","true","2026-01-20T23:24:53.214360806Z","true","2026-01-20T23:24:53.214360806Z","ended","2026-01-20T23:28:29.55093224Z","{""advice"":""Try to find an outcome that's fair for both of you."",""adviceType"":""noCG"",""chatEnabled"":false,""numRounds"":13,""playerCount"":2}","2026-01-20T23:16:03.934776113Z","noCG_cooperate","2026-01-20T23:16:03.934776113Z"
