"game_number","alt_purple","stable_orange","stable_purple","both_stable","other","treatmentName"
"01KFY9K4W8CS4910XBJFRDG1S8",0,0,0.5,0,0.5,"CG_cooperate"
"01KFYB2F0VT86G75RZSSQ427N5",0,0,0.75,0,0.25,"CG_cooperate"
"01KFY9HTK0EK1PCHVKAZEZ3J5Q",0.25,0,0,0,0.75,"CG_cooperate"
"01KFYB4CPT3WCXNEGK2FSZ9Z0J",0,1,0,0,0,"CG_cooperate"
"01KFYB4CK59YSD539EMMQ4H53N",0,0,0,0,1,"CG_cooperate"
"01KFYB3WF3TYJE8PQD5KPHR31A",0,1,0,0,0,"CG_cooperate"
"01KFYB2FBWSZHHMASWSC1DBXFY",0,0.5,0,0,0.5,"CG_cooperate"
"01KFYB3W7FY6N2QQZCZ02XNG5B",0,1,0,0,0,"CG_cooperate"
"01KFYB4CB1G2R7A023X1DQ936J",0,1,0,0,0,"CG_cooperate"
"01KFYB4CEZB47EAXPBNJFZR78B",0,0,0,1,0,"CG_cooperate"
"01KFYB2F6CJQFAY8SNS54WMQNW",0,1,0,0,0,"CG_cooperate"
"01KFYB3WWWMA31YM2R8S0EP230",0,0,0,0,1,"CG_cooperate"
"01KFY9K3FN5263WR0FAQX9QS28",0,0,0.25,0,0.75,"CG_cooperate"
"01KFYB4CSXW0KBA31W5D250BT6",0,0,0,1,0,"CG_cooperate"
"01KFY9K38ZXYCWCYYG4A3WMAZW",0,0,0,0,1,"CG_cooperate"
"01KFYB2EVG398299GP4TR87MGB",0,1,0,0,0,"CG_cooperate"
"01KFY9K42AHW7GHFTXMN7EGHFW",0,0,0,1,0,"CG_cooperate"
"01KFYD2YN7VEC7BDJ1BWXKX8PF",0,1,0,0,0,"CG_cooperate"
"01KFYHW0TS9R73EK2NP1YWYFF4",0,0,0,0,1,"CG_selfish"
"01KFYEZATZ6P6AZJVAASBTY5FN",0,0,1,0,0,"CG_selfish"
"01KFYGC3HRC022MB4ASCC65NXG",0,0,0.25,0,0.75,"CG_selfish"
"01KFYEZABGKDVDY2ZXA7MBRJS3",0.25,0,0,0,0.75,"CG_selfish"
"01KFYEZAY0J21RE390G3VDH3Z2",0,0,0,0,1,"CG_selfish"
"01KFYG3ZDHR3XAW594V5BAYKHS",0,0,1,0,0,"CG_selfish"
"01KFYGXS7Z4MM7JQSJWG2ABW0P",0,1,0,0,0,"CG_selfish"
"01KFYK0A5NETQNPPD7SMCM13TX",0,0,0,0,1,"CG_selfish"
"01KFYGXS322077JSW0GTR8X4TB",0,1,0,0,0,"CG_selfish"
"01KFYGXSDZRH1J5Z85KR5P6S20",0,0,0.25,0,0.75,"CG_selfish"
"01KFYHVZZ815N08CSKK5HYNFNC",0,0,0,0,1,"CG_selfish"
"01KFYHW11EQM77YF0KHPKGDM6R",0,0,1,0,0,"CG_selfish"
"01KFYJZKBQ9NWC8AJXCX6DN87T",0.75,0,0,0,0.25,"CG_selfish"
"01KFYFQ8A5NBDYZAY6KZKMJENW",0,1,0,0,0,"CG_selfish"
"01KFYFQ8X02XGV9FDXQQ5ZT7WW",0,0,0.25,0,0.75,"CG_selfish"
"01KFYGF6VWCQESPSC892CEK7ZS",0,0,0,0,1,"CG_selfish"
"01KFYGXRQFQ19FPXGBMBGA2HJ5",0,0,0,0,1,"CG_selfish"
"01KFYHW040CZCH2ZEB3SG1WJRP",0,0,0,0,1,"CG_selfish"
"01KFYHXKT7NZQ9DAP27HCY6QDT",0,0,1,0,0,"CG_selfish"
"01KFYEZB5P2PNKY5A161X8FJXB",0,0,0,0,1,"CG_selfish"
"01KFYEZBD6FQ226DY7XGPEMYAD",0,0,1,0,0,"CG_selfish"
"01KFYEZBYYBK1DNH4PW6YXT702",0,0,0,0,1,"CG_selfish"
"01KFYHVZT48HXCHWBXETP3GFGZ",0,0,1,0,0,"CG_selfish"
"01KFYGC3CNANZ4MJKSN596XTZH",1,0,0,0,0,"CG_selfish"
"01KFYGC3TH691TC9GAK79DZ00F",0,0,0,0,1,"CG_selfish"
"01KFYGF76MH94CXZWFP7KMYY3B",0,0,1,0,0,"CG_selfish"
"01KFYHVREHQWS7VE1FA0N252YQ",0,0,0,0,1,"CG_selfish"
"01KFYFQ8GRGYWQRNR9FAZW4Z3W",0,0,0.25,0,0.75,"CG_selfish"
"01KFYFQ8PC2ST8D79S5HJCN75J",0,0,0,0,1,"CG_selfish"
"01KFYGC41G1JFWR1WD0YSTXT52",0,0.25,0,0,0.75,"CG_selfish"
"01KFZZNGK4GRP0EKB0GKC1MD04",0,0,0,1,0,"CG_cooperate"
"01KFZZNRJC25S6CR8RPMWSC361",0,1,0,0,0,"CG_cooperate"
"01KFZZP8R9H61JJ718Q0YKWQQ5",0,0,0.25,0,0.75,"CG_cooperate"
"01KFZZPA04JVQSFGZ521YR3S0W",0,0,0,0,1,"CG_cooperate"
"01KFZZPAMNDB04K7EDK0YK0HNH",0,0,0,0,1,"CG_cooperate"
"01KFZZNFFXYKX3FJHNDQFDC3VV",0,1,0,0,0,"CG_cooperate"
"01KFZZNG7B16R900DHP3AXV9QK",0,0,0,0,1,"CG_cooperate"
"01KFZZNF26JTW20VD892KV6Z16",0,0,0,0,1,"CG_cooperate"
"01KFZZNFXD80V1S796DBB881W6",0,0,0,0,1,"CG_cooperate"
"01KFYMC4MWXBBNEASC6S93NNP6",0,0,1,0,0,"CG_cooperate"
"01KFZZP5MRRJ9SFHH91GQ3PHPK",0.25,0,0,0,0.75,"CG_cooperate"
"01KG02K3JX0WAJE45A0SPR7MQ0",0,0,0,0,1,"noCG_selfish"
"01KG034JG52JZXA6ZR8PFSJ9DF",0,0,0,0,1,"noCG_selfish"
"01KG0EFG9RXS709H821K0BYM0B",0,0,0,0,1,"noCG_selfish"
"01KG0EFH510F6Y288MFBB6DQRX",0,1,0,0,0,"noCG_selfish"
"01KG0EFHD6YWB9R4YDG8M04041",0,0,0,1,0,"noCG_selfish"
"01KG0EGFTMXB9EAF0AVTM2CDWX",0,0.75,0,0,0.25,"noCG_selfish"
"01KG0GBDHZP1S541V6NXFSRGZP",0,0,0,1,0,"noCG_selfish"
"01KG0EGK6CAMXTEYNXMXXM4F0K",0,0,0,0,1,"noCG_selfish"
"01KG0FSR4HXAGN374M1AS5N9J3",0,0,0.25,0,0.75,"noCG_selfish"
"01KG0GBDVRJEASFEDKMVGJ42H6",0.25,0,0,0,0.75,"noCG_selfish"
"01KG0EGJ074E4JT2393Y4Y2Z5Z",0,1,0,0,0,"noCG_selfish"
"01KG0EGJED17V80726K3S4Y8Q1",0,0,0,0,1,"noCG_selfish"
"01KG0EFF5ZK0H6TN0SEC028EP7",0,0,0,1,0,"noCG_selfish"
"01KG0EFHYGM9PG6X1953BD4XSY",0,0,0,1,0,"noCG_selfish"
"01KG0EGJWVX3RSQWDRHRASS17C",0,0,1,0,0,"noCG_selfish"
"01KG0FSRKAF2X4JE14WNDVJHP1",0,0,0,0,1,"noCG_selfish"
"01KG0EGH5BZX0NYAFE23EYTYHM",0,0,0.5,0,0.5,"noCG_selfish"
"01KG0EGHJVN0WCX7BHMR1Y9JN7",0,1,0,0,0,"noCG_selfish"
"01KG0FSRAF37S2RFVF8X440S2N",0,0,0,0,1,"noCG_selfish"
"01KG0EFGKAW1KABRA124NK0G3Q",0,0,0,0,1,"noCG_selfish"
"01KG0EFGQ6JR9TEDW0C4YZR0DF",0,1,0,0,0,"noCG_selfish"
"01KG0EFHQP8YD8GWXRPHFJY93S",0,0,0,0,1,"noCG_selfish"
"01KG0EFJ9TRGH65R6J6EX1CMSR",0,0,1,0,0,"noCG_selfish"
"01KG0EGGPZEK1Q55WGS3P0EKSY",0,0,0.75,0,0.25,"noCG_selfish"
"01KG0FSRR7DBMJNVTBT0RD4V2V",0,0,0,0,1,"noCG_selfish"
"01KG0GBD7TXN9EWYTW1P9R6WPS",0,0,0,0,1,"noCG_selfish"
"01KG0EFGYA756P3RP1XW89TSRY",0,0,0.5,0,0.5,"noCG_selfish"
"01KG0EFJGNZ073HJSXY9M0CMSZ",0,0,1,0,0,"noCG_selfish"
"01KG0FSRZ49FECYRF87D7EHWQ2",0,0,0,0,1,"noCG_selfish"
"01KG0H3X9S8ZR8HTJY0HSJCWW9",0,0,1,0,0,"noCG_selfish"
"01KG0HZ4TE1ZCYJHAFNP77DY36",0,0,0,0,1,"noCG_cooperate"
"01KG0JENQY0NJ9KHK3XY3FZJSJ",0,0,0,0,1,"noCG_cooperate"
"01KG0JEPGXHW1Q541B52KJYTHB",0,0,0,0,1,"noCG_cooperate"
"01KG0HYK42FGNCGK7JVTEKKNND",0,0,0,0,1,"noCG_cooperate"
"01KG0HZ5947AQZWZAGXN50BA5D",0,0,0,0,1,"noCG_cooperate"
"01KG0HZ65A4V7R0PM4QM4CEQHM",0,0,0.5,0,0.5,"noCG_cooperate"
"01KG0HYKATCWRQPV666K9PTHB8",0,0,0,0,1,"noCG_cooperate"
"01KG0JEP8RVT31XAYVHGV731PT",0,0,0,0,1,"noCG_cooperate"
"01KG0JEMMA43ZRYQNQS5PK6J0K",0,0,1,0,0,"noCG_cooperate"
"01KG0HYCCPTDP48D6FBC84DKHC",0,0,0,0,1,"noCG_cooperate"
"01KG0HYMHANVDAD126BEZ97SKF",0,0,0,0,1,"noCG_cooperate"
"01KG0HZ6JN44KFKZRP5XJJ3C8T",0,0,0,0,1,"noCG_cooperate"
"01KG0JEMX3GYEWV3AASF7JZV35",0,0,0,0,1,"noCG_cooperate"
"01KG0JENF501MR461J1V60BGP8",0,0,0,0,1,"noCG_cooperate"
"01KG0HYJQ0G51ZWNTKDMBHJAFF",0,0,0.25,0,0.75,"noCG_cooperate"
"01KG0HYJWY04AHAT4WMTXAVD3R",0,0,1,0,0,"noCG_cooperate"
"01KG0HYKS4TF1CGBJW8EKW4ZR5",0,0,0,0,1,"noCG_cooperate"
"01KG0HYKZR54Y9XP593BD6ZRJH",0,1,0,0,0,"noCG_cooperate"
"01KG0HYNGDZNEMXAKZ313Q14EH",0,0,0,0,1,"noCG_cooperate"
"01KG0HZ5QC20NJ7P2HJA5PDW62",0,0.75,0,0,0.25,"noCG_cooperate"
"01KG0JEN6Q1SEXXD9ZC14ND3V5",0,0.25,0,0,0.75,"noCG_cooperate"
"01KG0JEP109HE85EPXVB32E3SX",0,1,0,0,0,"noCG_cooperate"
"01KG0HYKHYVRMWKW26GRCAHB9G",0,0.25,0,0,0.75,"noCG_cooperate"
"01KG2EWMFZB1DHVPFWKB1M9G68",0,0,0,0,1,"noCG_cooperate"
"01KG2EWRCNJXTQXN5ZVGE1H4ZP",0,0,0,0,1,"noCG_cooperate"
"01KG2GQ8Q89C2BR1YJK7VHA1AX",0,1,0,0,0,"noCG_selfish"
"01KG2HA11M23CN2TNAZYGN6MJC",0,0,0,0,1,"CG_selfish"
"01KG2HAD3J8A22EQWYV6TZYRCV",0,0,0,0,1,"CG_selfish"
"01KG2HAAFQS07NM7VDRPFXCADF",0,0,0,0,1,"CG_selfish"
"01KG2EWQHS78HPYFKME7C0A742",0,0,0,1,0,"noCG_cooperate"
"01KG2EWRH89R7Q3JDEHPHT2YQS",0,0,1,0,0,"noCG_cooperate"
"01KG2EX7W7ZKJDCS60MH32XQME",0,0,0.5,0,0.5,"noCG_cooperate"
"01KG2EX9QVJVXCC30JSRWNFP9B",0,0.75,0,0,0.25,"noCG_cooperate"
"01KG2GQ1XN7XGFT1R0TDJMHZ68",0,0.5,0,0,0.5,"noCG_selfish"
"01KG2GQ850Q27G63CHA1ZC12GV",0,0,0,0,1,"noCG_selfish"
"01KG2EWQ34W84TRCM9SJX7WW6H",0,0,0.25,0,0.75,"noCG_cooperate"
"01KG2EWQW86NTXWV4S8KSC0Z5F",0,0,0,1,0,"noCG_cooperate"
"01KG2GQ978B17WQFN80SP8Z0ZF",0,1,0,0,0,"noCG_selfish"
"01KG2EWPY98DYYWXCFXPGDC9KM",0,0,0,0,1,"noCG_cooperate"
"01KG2EWQ9TM473B15S6K7315FV",0,1,0,0,0,"noCG_cooperate"
"01KG2EWR0HV4HYSXNXWSG7BFM0",0,0.75,0,0,0.25,"noCG_cooperate"
"01KG2HACERQ5WQB3F9G5CB2P9Q",1,0,0,0,0,"CG_selfish"
"01KG2HADS5660G8KTZGRJFCEY7",0,0,1,0,0,"CG_selfish"
"01KG2EWRP5M56DESD71W1J6C31",0,0,0.25,0,0.75,"noCG_cooperate"
"01KG2EX7B2RDDC05XWYRVV83Q7",0,0,0.75,0,0.25,"noCG_cooperate"
"01KG2GQ9XCWARKTEZGNJXGKQ0M",0,0,1,0,0,"noCG_selfish"
"01KG2GQADJDDEC1P4659B9WVFR",0,0,0.25,0,0.75,"noCG_selfish"
"01KG2K2KT5QWV8VNC6AGBWC574",0,0,0,0,1,"CG_cooperate"
"01KG2K2N9TP8FEAWNG70F9KYJT",0,0,0,0,1,"CG_cooperate"
"01KG2K2NPC7NFAY8DAKFA4TPHD",0,0,1,0,0,"CG_cooperate"
"01KG2K2HXX7R1Q98JCT1ZH5T9A",0,0,1,0,0,"CG_cooperate"
"01KG2K2KES3DJAT7XF0Q9ZTR27",0,0,1,0,0,"CG_cooperate"
"01KG2K2M5C1E1D3DDSR30CX11J",0,0,0,0,1,"CG_cooperate"
